category,foodCode,foodName,englishName,edible,water,energyKCal,energyKJ,protein,fat,CHO,dietaryFiber,cholesterol,ash,vitaminA,carotene,retinol,thiamin,riboflavin,niacin,vitaminC,vitaminETotal,vitaminE1,vitaminE2,vitaminE3,Ca,P,K,Na,Mg,Fe,Zn,Se,Cu,Mn,remark
乳类及其制品-其他,109001,炼乳（甜，罐头）,Condensed milk，pasteurized，sweetened，canned,100,26.2,332,1400,8.0,8.7,55.4,0.0,36,1.7,41,—,41,0.03,0.16,0.30,2.0,0.28,0.28,—,—,242,200,309,211.9,24,0.4,1.53,3.26,0.04,0.04,
乳类及其制品-其他,109002,奶皮子,Milk skin，fresh,100,36.9,460,1902,12.2,42.9,6.3,0.0,78,1.7,—,—,—,0.02,0.23,0.20,—,—,—,—,—,818,308,4,2.3,28,1.3,2.22,4.60,0.10,0.02,内蒙古
乳类及其制品-其他,109003,奶片,Milk tablet，sugar added,100,3.7,472,1982,13.3,20.2,59.3,0.0,65,3.5,75,—,75,0.05,0.20,1.60,5.0,0.05,—,—,—,269,427,356,179.7,32,1.6,3.00,12.10,0.06,—,武汉
乳类及其制品-其他,109004,全脂甜炼乳（雀巢）,,100,15.9,380,1601,7.5,10.0,64.9,0.0,7,1.7,—,—,105,0.07,0.41,0.21,Tr,0.30,0.30,Tr,Tr,334,243,308,88.6,21,0.2,1.04,18.74,0.12,0.06,山东
乳类及其制品-其他,109005,全脂甜炼乳（燕山牌）,,100,17.1,374,1577,8.2,10.0,62.8,0.0,3,1.9,—,—,68,0.08,0.32,0.22,Tr,Tr,Tr,Tr,Tr,317,246,428,103.9,23,0.2,1.15,7.89,0.03,0.05,北京
乳类及其制品-其他,109006,脱脂甜炼乳,,100,29.0,275,1169,10.3,0.2,58.0,0.0,—,2.5,0,0,0,0.10,0.50,0.20,2.0,—,—,—,—,330,300,520,180.0,—,0.3,—,—,—,—,
乳类及其制品-其他,109007,蛋白粉（益力健乳铁乳清蛋白粉）,,100,—,425,1789,50.0,12.5,28.0,—,—,—,—,—,—,—,—,—,—,—,—,—,—,—,—,—,129.0,—,—,—,—,—,—,新西兰
乳类及其制品-其他,109008,牛初乳奶片（纽瑞滋牛初乳咀嚼奶片）,,100,—,347,1467,27.0,4.5,49.5,—,—,—,255,60,—,0.06,—,—,2.8,—,—,—,—,2126,—,450,111.0,50,0.3,3.90,—,—,—,新西兰
乳类及其制品-其他,109009,奶渣,,100,5.5,381,1612,44.4,4.2,41.3,0.0,42,4.6,29,—,2.9,0.05,0.19,—,Tr,0.21,0.10,0.07,0.04,874,910,523,161.0,78,3.1,7.22,1.40,0.03,0.98,西藏
乳类及其制品-奶油,105001,奶油,Cream,100,0.7,879,3616,0.7,97.0,0.9,0.0,209,0.7,297,Tr,297,Tr,0.01,0.00,Tr,1.99,1.17,—,—,14,11,226,268.0,2,1.0,0.09,0.70,0.42,Tr,青海
乳类及其制品-奶油,105002,奶油（焦克）,Cream,100,48.1,447,1838,3.0,48.3,0.0,0.0,92,0.6,—,—,—,0.05,0.16,0.20,—,—,—,—,—,202,82,138,41.1,10,1.0,0.32,5.50,0.02,0.10,内蒙古
乳类及其制品-奶油,105003,奶油（食品工业）,"Cream, for food industry use",100,43.4,504,2072,1.1,55.5,0.0,0.0,103,0.3,345,—,345,0.01,0.16,0.10,—,2.19,1.74,—,—,20,32,1064,190.8,2,0.1,1.10,0.94,0.03,0.83,上海
乳类及其制品-奶油,105004,黄油,Butter,100,0.5,888,3650,1.4,98.0,0.0,0.0,296,0.1,—,—,—,—,0.02,—,—,—,—,—,—,35,8,39,40.3,7,0.8,0.11,1.60,0.01,0.05,内蒙古
乳类及其制品-奶油,105005,黄油渣,"Butter residue, milk solids",100,4.7,599,2489,11.1,43.8,40.0,0.0,150,0.4,—,—,—,0.03,0.47,0.40,—,—,—,—,—,597,288,160,60.2,97,2.6,1.17,1.10,0.11,1.18,内蒙古
乳类及其制品-奶油,105006,白脱（食品工业）［牛油、黄油］,"Butter, for food industry use",100,17.7,744,3113,—,82.7,0.0,0.0,152,0.1,534,—,534,0.01,0.06,0.10,—,3.71,3.62,—,—,1,14,43,18.0,2,1.0,0.80,0.56,0.02,0.02,上海
乳类及其制品-奶油,105007,酥油,Shortening,100,2.5,860,3537,1.5,94.4,1.1,0.0,227,0.5,426,Tr,426,Tr,0.01,—,Tr,2.45,1.53,—,—,128,9,188,73.0,2,0.4,0.12,0.70,0.18,Tr,青海
乳类及其制品-奶油,105008,奶油,,100,11.0,785,3230,1.1,86.0,1.7,0.0,155,0.2,840,—,840,0.02,0.02,Tr,Tr,2.23,2.23,Tr,Tr,2,—,31,1.7,0,0.1,—,1.00,Tr,0.01,上海
乳类及其制品-奶油,105009,酥油,,100,14.0,718,2958,0.7,74.9,10.3,0.0,193,0.1,384,—,384,0.01,0.07,1.03,Tr,1.88,1.73,0.10,0.05,26,20,29,26.0,3,1.8,0.24,0.69,0.01,0.03,西藏
乳类及其制品-奶油,105010,酥油茶（原味）,,100,3.7,465,1952,3.0,17.7,73.3,0.0,3,2.3,Tr,—,Tr,Tr,0.14,2.24,Tr,5.13,1.09,3.42,0.62,27,304,620,265.0,13,2.2,0.83,0.69,0.01,0.03,西藏
乳类及其制品-奶粉,102101,全脂奶粉（多维奶粉）,Whole milk powder，fortified with vitamin,100,2.8,484,2027,19.9,22.7,49.9,—,68,4.7,77,—,77,0.28,6.68,0.50,9.0,0.48,0.48,—,—,1797,324,1910,567.8,22,1.4,3.71,16.80,0.11,0.02,
乳类及其制品-奶粉,102101x,全脂奶粉（代表值）,,100,2.6,482,2020,19.9,22.3,50.5,—,79,4.7,380,—,163,0.13,1.90,0.50,23.6,0.48,0.48,—,—,928,513,777,352.0,65,4.6,3.93,12.09,0.13,0.04,
乳类及其制品-奶粉,102103,全脂奶粉,Whole milk powder,100,2.3,478,2005,20.1,21.2,51.7,—,110,4.7,141,—,141,0.11,0.73,0.90,4.0,0.48,0.48,—,—,676,469,449,260.1,79,1.2,3.14,11.80,0.09,0.09,
乳类及其制品-奶粉,102104,全脂奶粉（速溶）,Whole milk powder，instant,100,2.3,466,1956,19.9,18.9,54.0,—,71,4.9,272,—,272,0.08,0.80,0.50,7.0,1.29,—,—,—,659,571,541,247.6,73,2.9,2.16,7.98,0.12,0.05,
乳类及其制品-奶粉,102105,全脂奶粉（雀巢）,,100,—,504,2107,24.0,28.0,39.0,—,—,5.8,630,—,—,—,1.10,—,—,—,—,—,—,930,720,—,—,—,—,—,—,—,—,
乳类及其制品-奶粉,102107,全脂奶粉（伊利牌）,,100,3.0,504,2110,22.0,26.0,45.5,—,65,3.5,525,—,—,0.04,0.17,0.09,—,—,—,—,—,750,550,209,220.6,91,3.9,3.97,11.78,0.20,0.01,
乳类及其制品-奶粉,102125,全脂奶粉（红星速溶加锌奶粉）,,100,—,478,2004,18.5,20.8,54.1,—,—,—,380,—,—,—,—,—,—,—,—,—,—,680,—,—,500.0,—,7.5,4.75,—,—,—,天津
乳类及其制品-奶粉,102126,全脂奶粉（欧世蒙牛多维高钙高铁奶粉）,,100,—,473,1981,18.2,21.7,51.1,—,—,—,627,—,—,—,—,—,50.0,—,—,—,—,864,446,—,280.0,60,7.2,4.08,—,—,—,内蒙古
乳类及其制品-奶粉,102127,全脂奶粉（雪花钙加锌调制奶粉）,,100,—,461,1936,17.0,19.0,55.5,—,—,—,350,—,—,—,—,—,—,—,—,—,—,1000,—,—,350.0,—,—,5.00,—,—,—,
乳类及其制品-奶粉,102128,全脂奶粉（雪花高钙多维调制奶粉）,,100,—,484,2030,19.5,22.0,52.0,—,—,—,420,—,—,—,—,—,48.0,—,—,—,—,1000,—,—,390.0,—,7.8,4.60,—,—,—,
乳类及其制品-奶粉,102130x,全脂甜奶粉（代表值）,,100,2.2,485,2034,20.2,22.9,49.6,—,28,4.8,381,—,183,0.56,0.26,0.40,—,0.27,0.27,—,—,558,739,1318,353.0,79,2.5,2.47,6.82,0.13,0.07,
乳类及其制品-奶粉,102131,全脂甜奶粉,,100,1.2,490,2054,22.5,23.4,47.4,—,—,5.5,183,—,183,0.42,0.26,0.40,Tr,0.27,0.27,Tr,Tr,495,1018,841,450.8,81,0.7,2.30,7.45,0.07,0.08,青海
乳类及其制品-奶粉,102132,全脂甜奶粉（伊利牌）,,100,3.2,476,1998,19.0,21.0,52.8,—,28,4.0,579,—,—,0.70,—,—,—,—,—,—,—,620,460,1795,184.1,76,4.3,2.63,6.19,0.19,0.05,
乳类及其制品-奶粉,102133,全脂甜奶粉（飞鹤全脂甜乳粉）,,100,—,479,2007,20.0,23.0,48.0,—,—,—,—,—,—,—,—,—,—,—,—,—,—,—,—,—,500.0,—,—,—,—,—,—,黑龙江
乳类及其制品-奶粉,102134,全脂甜奶粉（红星速溶全脂甜奶粉）,,100,—,481,2016,18.5,23.0,50.0,—,—,—,—,—,—,—,—,—,—,—,—,—,—,—,—,—,380.0,—,—,—,—,—,—,天津
乳类及其制品-奶粉,102135,全脂甜奶粉（三元燕山牌全脂甜奶粉）,,100,—,500,2095,21.0,24.0,50.0,—,—,—,—,—,—,—,—,—,—,—,—,—,—,—,—,—,250.0,—,—,—,—,—,—,
乳类及其制品-奶粉,102150x,低脂奶粉（代表值，高钙高铁）,,100,3.6,425,1793,23.7,11.9,55.9,—,49,5.0,625,—,—,0.55,1.33,—,55.0,10.00,—,—,—,1365,918,1154,378.5,62,10.3,6.00,8.36,0.20,0.13,
乳类及其制品-奶粉,102151,低脂奶粉（高钙高铁，雀巢）,,100,—,413,1742,27.0,11.7,50.0,—,—,—,570,—,—,—,1.40,—,60.0,—,—,—,—,1745,1325,1325,—,100,10.0,7.00,—,—,—,
乳类及其制品-奶粉,102152,低脂奶粉（高钙高铁，伊利牌）,,100,3.1,423,1782,27.0,11.0,53.9,—,49,5.0,675,—,—,0.30,1.60,—,65.0,—,—,—,—,1350,950,1338,406.9,35,12.0,5.00,8.36,0.20,0.13,
乳类及其制品-奶粉,102153,低脂奶粉（高钙高铁，可淇牌）,,100,4.0,437,1841,17.0,13.0,63.0,—,—,—,630,—,—,0.80,1.00,—,40.0,10.00,—,—,—,1000,480,800,350.0,50,9.0,6.00,—,—,—,
乳类及其制品-奶粉,102201,全脂奶粉（全脂羊乳粉）,Goat whole milk powder,100,1.4,498,2085,18.8,25.2,49.0,—,75,5.6,—,—,—,0.06,1.60,0.90,—,0.20,0.07,0.06,0.07,—,—,—,—,—,—,—,—,—,—,陕西
乳类及其制品-奶粉,102211,驴奶粉（花麒牌，西域龙驴奶粉）,,100,1.0,442,1861,20.1,12.4,62.4,—,17,4.1,59,—,59,0.11,0.83,—,—,0.63,0.63,—,—,775,454,857,333.0,55,0.2,1.10,—,0.12,0.07,新疆
乳类及其制品-奶粉,102212,驴奶粉（金驴龙奶）,,100,2.8,416,1759,14.8,8.2,70.8,—,5,3.4,13,—,13,0.10,0.83,—,—,0.00,Tr,—,—,720,337,638,292.0,57,0.5,1.27,—,0.14,0.34,新疆
乳类及其制品-奶粉,102213,驴奶粉（源西域牌，冻干特质）,,100,2.2,428,1803,19.3,12.3,60.0,—,39,6.2,596,—,596,0.08,1.07,—,—,0.28,0.28,—,—,740,449,783,409.0,114,0.7,0.87,—,0.19,0.07,新疆
乳类及其制品-奶粉,102221,驼奶粉（花麒牌，西域龙驼奶粉）,,100,2.0,528,2206,20.2,30.4,43.4,—,83,4.0,221,—,221,0.07,0.28,—,—,0.91,0.91,—,—,606,328,749,519.0,50,0.7,2.95,—,0.13,0.08,新疆
乳类及其制品-奶粉,102222,驼奶粉（天山牧歌牌）,,100,2.0,513,2143,16.7,28.6,47.1,—,47,5.6,246,—,246,0.04,0.02,—,—,Tr,Tr,—,—,732,463,1392,439.0,52,0.8,3.02,—,0.13,0.05,新疆
乳类及其制品-奶粉,102223,驼奶粉（旺源牌，全脂驼乳粉）,,100,1.9,545,2271,21.3,34.6,37.0,—,66,5.2,307,—,307,0.02,0.09,—,—,0.39,0.39,—,—,798,519,971,507.0,53,0.6,2.96,—,0.12,0.07,新疆
乳类及其制品-奶粉,102301x,儿童配方奶粉（代表值）,,100,3.8,454,1907,19.0,17.3,56.1,1.1,—,—,453,82,—,0.52,0.81,3.75,38.6,10.00,—,—,—,705,493,797,317.3,50,6.8,5.75,7.80,0.35,0.47,
乳类及其制品-奶粉,102302,儿童配方奶粉（安儿健A+，美赞臣）,,100,—,428,1803,17.9,11.1,64.0,—,—,—,594,—,—,0.40,0.98,5.20,51.0,—,—,—,—,730,450,730,210.0,55,8.1,4.40,—,0.35,0.04,
乳类及其制品-奶粉,102303,儿童配方奶粉（适体健，美赞臣）,,100,—,417,1761,16.0,9.0,68.0,—,—,—,361,170,—,0.50,0.50,6.60,38.0,—,—,—,—,500,500,1150,250.0,60,6.3,4.40,10.00,0.36,1.25,
乳类及其制品-奶粉,102304,儿童配方奶粉（惠氏）,,100,—,451,1898,17.0,15.0,62.0,—,—,—,479,95,—,0.41,0.72,4.10,45.0,—,—,—,—,495,450,721,248.0,59,5.6,5.40,—,0.20,—,
乳类及其制品-奶粉,102305,儿童配方奶粉（可淇牌）,,100,4.0,457,1921,17.0,17.0,59.0,—,—,—,412,100,—,0.60,0.60,3.50,40.0,10.00,—,—,—,850,425,—,—,40,9.0,6.00,—,—,—,
乳类及其制品-奶粉,102306,儿童配方奶粉（完达山牌）,,100,—,458,1924,17.0,18.0,57.0,—,—,—,540,—,—,0.40,0.80,3.60,40.0,—,—,—,—,800,550,800,300.0,78,8.0,6.00,—,0.34,0.03,
乳类及其制品-奶粉,102307,儿童配方奶粉（贝因美特选幼童配方奶粉4阶段）,,100,—,473,1984,18.0,19.5,56.6,0.6,—,—,244,75,—,0.29,—,2.90,17.5,—,—,—,—,500,—,—,330.0,38,4.5,6.30,—,—,—,湖北
乳类及其制品-奶粉,102308,儿童配方奶粉（多美滋优阶儿童配方奶粉）,,100,—,406,1713,19.6,10.0,59.4,—,—,—,432,—,—,0.50,0.61,4.69,53.0,—,—,—,—,835,521,828,230.0,61,10.0,6.00,—,0.47,—,上海
乳类及其制品-奶粉,102309,儿童配方奶粉（惠氏金装学儿乐学龄前儿童配方奶粉）,,100,—,442,1855,17.0,16.0,58.9,3.0,—,—,251,—,—,0.33,0.54,3.06,15.3,—,—,—,—,450,405,901,234.0,53,5.0,5.41,3.10,0.37,0.71,江苏
乳类及其制品-奶粉,102310,儿童配方奶粉（美素佳儿GOLD金装儿童配方奶粉）,,100,—,452,1901,25.8,17.0,49.0,—,—,—,395,—,—,0.34,0.71,2.50,37.0,—,—,—,—,815,645,1030,255.0,72,8.6,6.90,10.00,0.53,—,荷兰
乳类及其制品-奶粉,102311,儿童配方奶粉（美赞臣安儿健儿童配方奶粉）,,100,—,434,1828,20.0,12.0,63.0,3.0,—,—,260,—,—,0.27,1.25,3.30,33.0,—,—,—,—,750,480,930,250.0,56,5.5,5.50,—,0.19,—,广东
乳类及其制品-奶粉,102312,儿童配方奶粉（明治珍爱童儿童配方奶粉）,,100,—,465,1953,20.0,19.0,53.7,0.3,—,—,1596,50,—,0.40,1.60,6.00,65.0,—,—,—,—,800,530,970,270.0,80,8.0,4.00,—,0.32,0.09,澳大利亚
乳类及其制品-奶粉,102313,儿童配方奶粉（欧世蒙牛金装佳智学龄前儿童特殊配方奶粉4阶段）,,100,—,470,1970,17.9,20.9,52.5,—,—,—,334,—,—,0.32,0.80,—,32.4,—,—,—,—,536,400,680,250.0,54,5.6,5.80,—,0.46,—,内蒙古
乳类及其制品-奶粉,102314,儿童配方奶粉（雀巢能恩全进口奶源儿童配方奶粉4）,,100,—,455,1910,22.0,19.0,49.0,—,—,—,350,—,—,0.32,0.40,2.30,32.4,—,—,—,—,950,600,1050,350.0,40,5.6,8.00,—,—,—,黑龙江
乳类及其制品-奶粉,102315,儿童配方奶粉（三元爱益儿童成长配方奶粉）,,100,—,500,2100,20.0,20.0,60.0,—,—,—,480,—,—,1.00,0.70,—,50.0,—,—,—,—,1000,500,400,600.0,25,8.0,4.00,—,—,—,
乳类及其制品-奶粉,102316,儿童配方奶粉（完达山4段儿童奶粉）,,100,—,462,1941,17.1,19.2,55.7,0.8,—,—,390,—,—,0.70,0.87,3.45,36.3,—,—,—,—,480,400,425,348.0,—,4.9,6.75,7.50,—,—,黑龙江
乳类及其制品-奶粉,102317,儿童配方奶粉（完达山金装元乳4段儿童奶粉）,,100,—,466,1954,17.5,19.8,54.8,0.9,—,—,420,—,—,0.85,0.93,3.45,44.7,—,—,—,—,600,450,525,348.0,—,6.1,8.25,8.40,—,—,黑龙江
乳类及其制品-奶粉,102318,儿童配方奶粉（雪花学生特殊配方奶粉）,,100,—,461,1936,17.5,19.0,55.0,—,—,—,397,36,—,—,—,—,48.0,—,—,—,—,900,—,—,350.0,—,6.8,4.00,—,—,—,
乳类及其制品-奶粉,102319,儿童配方奶粉（雪花学生营养奶粉）,,100,—,463,1942,17.8,19.5,54.0,—,—,—,496,49,—,—,—,—,55.0,—,—,—,—,1000,—,—,350.0,40,7.0,7.00,—,—,—,
乳类及其制品-奶粉,102320,儿童配方奶粉（雅培金装喜康宝儿童配方奶粉）,,100,—,444,1867,17.5,15.9,58.1,0.7,—,—,450,—,—,0.75,1.50,2.16,65.0,—,—,—,—,640,515,850,220.0,56,6.0,4.56,—,0.24,0.70,广东
乳类及其制品-奶粉,102321,儿童配方奶粉（雅士利儿童奶粉）,,100,—,460,1934,21.6,18.0,53.0,—,—,—,380,—,—,0.19,0.40,—,—,—,—,—,—,600,438,750,280.0,28,3.2,2.00,—,—,—,广东
乳类及其制品-奶粉,102322,儿童配方奶粉（伊利儿童配方奶粉）,,100,—,465,1952,21.0,20.0,50.6,0.6,—,—,350,—,—,0.75,0.70,—,20.0,—,—,—,—,700,500,800,375.0,35,7.5,6.70,—,—,—,天津
乳类及其制品-奶粉,102323,儿童配方奶粉（伊利金领冠儿童配方奶粉）,,100,4.0,467,1960,21.5,20.0,50.6,0.6,—,—,410,—,—,0.75,0.80,3.50,20.0,—,—,—,—,700,550,800,375.0,38,8.1,7.10,—,—,—,天津
乳类及其制品-奶粉,102324,儿童配方奶粉（伊利金装儿童配方奶粉）,,100,4.0,467,1960,21.5,20.0,50.6,0.6,—,—,410,—,—,0.75,0.75,3.50,20.0,—,—,—,—,700,550,800,375.0,38,8.1,7.10,—,—,—,天津
乳类及其制品-奶粉,102325,儿童配方奶粉（伊利学生营养奶粉）,,100,3.0,464,1947,18.0,20.0,53.0,—,—,—,435,—,—,—,0.75,—,30.0,—,—,—,—,600,—,—,500.0,—,7.5,6.50,—,—,—,天津
乳类及其制品-奶粉,102501x,孕产妇配方奶粉（代表值）,,100,3.0,413,1740,22.0,9.8,60.5,2.9,—,—,524,84,—,0.88,1.15,6.66,95.6,—,—,—,—,903,541,899,334.5,88,13.1,7.59,8.00,0.96,1.05,
乳类及其制品-奶粉,102502,孕产妇配方奶粉（惠氏）,,100,—,405,1714,16.0,6.8,70.0,—,—,—,603,85,—,0.65,0.81,7.70,102.0,—,—,—,—,407,386,772,346.0,130,8.1,5.30,—,0.49,0.81,
乳类及其制品-奶粉,102503,孕产妇配方奶粉（美赞臣）,,100,—,378,1601,23.3,3.9,62.4,—,—,—,960,—,—,0.67,0.80,8.00,24.0,—,—,—,—,1700,650,1000,360.0,75,7.1,15.00,—,—,—,
乳类及其制品-奶粉,102504,孕产妇配方奶粉（贝因美冠军宝贝孕妈咪配方奶粉）,,100,3.0,425,1789,22.5,12.0,59.0,4.5,—,—,367,100,—,0.38,—,5.30,125.0,—,—,—,—,600,—,—,375.0,71,11.0,5.00,—,—,—,浙江
乳类及其制品-奶粉,102505,孕产妇配方奶粉（贝因美金装爱+孕妈咪配方奶粉）,,100,—,434,1830,22.5,12.0,59.0,—,—,—,367,100,—,0.38,—,5.30,125.0,—,—,—,—,600,—,—,375.0,71,11.0,5.00,—,—,—,湖北
乳类及其制品-奶粉,102506,孕产妇配方奶粉（贝因美金装爱+准妈咪配方奶粉）,,100,—,426,1798,22.5,10.0,61.5,—,—,—,367,100,—,0.63,—,—,37.5,—,—,—,—,600,—,—,—,—,8.0,4.00,—,—,—,浙江
乳类及其制品-奶粉,102507,孕产妇配方奶粉（多美滋优阶妈妈孕产妇配方奶粉）,,100,—,360,1522,20.5,2.5,67.4,7.2,—,—,760,—,—,1.60,2.30,6.70,110.0,—,—,—,—,1200,580,960,225.0,125,26.0,15.00,—,1.50,—,上海
乳类及其制品-奶粉,102508,孕产妇配方奶粉（飞帆孕产妇配方乳粉）,,100,—,460,1934,18.0,17.5,57.7,—,—,—,480,—,—,0.78,0.80,—,110.0,—,—,—,—,600,—,400,—,32,12.5,8.00,—,—,—,黑龙江
乳类及其制品-奶粉,102509,孕产妇配方奶粉（合生元金装妈妈配方奶粉）,,100,—,380,1611,27.0,2.8,62.7,2.0,—,—,480,—,—,1.30,1.60,9.50,130.0,—,—,—,—,1400,—,1200,380.0,120,12.0,10.00,—,1.20,1.30,法国
乳类及其制品-奶粉,102510,孕产妇配方奶粉（亨氏超金妈妈孕产妇配方奶粉）,,100,—,398,1680,26.0,8.0,57.0,3.0,—,—,477,35,—,1.00,1.50,8.00,100.0,—,—,—,—,1000,790,1300,300.0,120,12.0,6.50,—,—,—,英国
乳类及其制品-奶粉,102511,孕产妇配方奶粉（惠氏爱儿乐妈妈孕产妇配方奶粉）,,100,—,406,1717,19.0,6.9,67.0,—,—,—,338,—,—,0.65,0.81,7.70,102.0,—,—,—,—,407,386,813,346.0,48,11.0,5.30,—,1.30,1.50,新加坡
乳类及其制品-奶粉,102512,孕产妇配方奶粉（美素佳儿GOLD金装妈妈孕产妇配方奶粉）,,100,—,454,1907,27.0,17.5,47.1,—,—,—,800,—,—,1.05,1.53,6.10,120.0,—,—,—,—,870,680,920,240.0,160,23.0,3.00,12.00,0.05,1.48,荷兰
乳类及其制品-奶粉,102513,孕产妇配方奶粉（美赞臣安婴妈妈孕产妇配方奶粉）,,100,—,383,1621,24.0,4.3,62.0,—,—,—,350,—,—,0.60,0.98,6.00,48.0,—,—,—,—,730,500,1120,380.0,160,15.0,5.80,—,—,—,广东
乳类及其制品-奶粉,102514,孕产妇配方奶粉（雀巢妈妈孕产妇奶粉）,,100,—,407,1720,20.0,6.5,67.0,—,—,—,480,—,—,0.80,0.80,—,100.0,—,—,—,—,1250,540,875,270.0,62,12.5,8.80,6.00,—,—,黑龙江
乳类及其制品-奶粉,102515,孕产妇配方奶粉（雀巢妈妈孕产妇营养配方奶粉）,,100,—,402,1701,20.0,6.0,67.0,—,—,—,480,—,—,0.80,0.80,—,100.0,—,—,—,—,1250,540,875,185.0,62,12.5,8.80,6.00,—,—,黑龙江
乳类及其制品-奶粉,102516,孕产妇配方奶粉（三元爱力优妈妈配方奶粉）,,100,—,438,1842,22.5,13.8,56.3,0.9,—,—,601,—,—,1.00,0.80,5.60,100.0,—,—,—,—,1000,350,500,600.0,38,7.5,7.50,—,—,0.03,
乳类及其制品-奶粉,102517,孕产妇配方奶粉（圣元优博妈咪孕产妇配方奶粉）,,100,—,440,1850,22.0,16.0,52.0,—,—,—,500,—,—,1.00,1.00,8.00,100.0,—,—,—,—,1200,400,—,—,40,12.0,8.00,—,1.00,—,山东
乳类及其制品-奶粉,102518,孕产妇配方奶粉（完达山妈咪配方奶粉）,,100,—,455,1910,22.5,17.5,52.4,1.2,—,—,600,—,—,1.25,0.76,—,—,—,—,—,—,1000,470,—,—,—,15.0,8.50,—,—,—,黑龙江
乳类及其制品-奶粉,102519,孕产妇配方奶粉（雅培妈妈喜康素金装孕产妇配方奶粉）,,100,—,367,1555,23.1,2.0,66.0,3.7,—,—,300,—,—,1.30,2.30,5.40,62.0,—,—,—,—,850,590,1100,300.0,210,16.2,11.20,—,1.20,1.20,广东
乳类及其制品-奶粉,102520,孕产妇配方奶粉（雅士利能慧金装孕产妇奶粉）,,100,—,425,1789,20.6,12.5,59.0,3.0,—,—,500,—,—,0.38,0.75,—,—,—,—,—,—,800,600,750,300.0,62,6.3,3.75,—,—,—,广东
乳类及其制品-奶粉,102521,孕产妇配方奶粉（伊利金领冠妈妈配方奶粉）,,100,—,456,1919,22.0,14.0,60.9,0.9,—,—,600,—,—,1.20,1.20,5.30,120.0,—,—,—,—,750,600,—,—,40,18.0,7.50,—,—,—,天津
乳类及其制品-奶粉,102522,孕产妇配方奶粉（伊利孕妇奶粉）,,100,—,441,1856,22.0,14.0,56.7,—,—,—,600,—,—,1.00,1.20,5.30,100.0,—,—,—,—,750,600,—,370.0,40,18.0,7.50,—,—,—,天津
乳类及其制品-奶粉,102523,孕产妇配方羊奶粉（美可高特孕产妇配方羊奶粉）,,100,2.6,447,1881,22.0,15.5,54.9,—,—,—,518,—,—,1.03,1.18,4.20,80.0,—,—,—,—,1200,—,—,482.0,—,9.4,4.94,14.60,—,—,天津
乳类及其制品-奶粉,102801x,中老年配方奶粉（代表值）,,100,3.5,424,1785,21.8,12.8,55.7,0.9,—,6.2,491,63,—,0.59,1.01,16.60,55.5,11.25,—,—,—,1137,630,895,427.5,58,7.7,4.75,19.00,—,0.03,
乳类及其制品-奶粉,102802,中老年配方奶粉（可淇牌）,,100,4.0,432,1821,18.0,12.0,63.0,—,—,—,540,—,—,0.55,1.00,—,40.0,12.00,—,—,—,1000,500,—,—,—,9.0,6.00,21.00,—,—,
乳类及其制品-奶粉,102803,中老年配方奶粉（雀巢）,,100,—,429,1804,30.0,14.4,44.8,—,—,7.3,390,—,—,0.23,1.40,—,—,10.50,—,—,—,1740,890,1390,410.0,100,—,—,—,—,—,
乳类及其制品-奶粉,102804,中老年配方奶粉（森永牌）,,100,3.0,418,1764,22.0,10.0,60.0,—,—,5.0,592,100,—,1.00,1.00,16.60,60.0,—,—,—,—,800,630,—,—,75,7.0,4.00,—,—,—,
乳类及其制品-奶粉,102805,中老年配方奶粉（三元爱益中老年配方奶粉）,,100,—,448,1886,20.0,13.0,63.0,0.7,—,—,458,—,—,—,0.63,—,—,—,—,—,—,1200,500,400,600.0,25,—,—,—,—,0.03,
乳类及其制品-奶粉,102806,中老年配方奶粉（雪花中老年特殊配方奶粉）,,100,—,432,1820,20.0,13.6,58.0,1.0,—,—,457,38,—,—,—,—,60.0,—,—,—,—,1000,—,—,350.0,45,7.2,4.20,16.00,—,—,
乳类及其制品-奶粉,102807,中老年营养奶粉（雪花中老年营养奶粉）,,100,—,440,1852,21.0,14.0,58.0,1.0,—,—,496,50,—,—,—,—,62.0,—,—,—,—,1080,—,—,350.0,45,7.5,4.80,20.00,—,—,
乳类及其制品-奶酪,104001,奶酪［干酪］,Cheese， white， semisoft,100,43.5,328,1366,25.7,23.5,3.5,—,11,3.8,152,—,152,0.06,0.91,0.60,—,0.60,0.60,—,—,799,326,75,584.6,57,2.4,6.97,1.50,0.13,0.16,
乳类及其制品-奶酪,104002,奶豆腐（脱脂）,Milk curd， skimmed,100,14.7,343,1456,53.7,2.5,26.5,—,36,2.6,—,—,—,0.03,0.27,0.40,1.0,—,—,—,—,360,773,188,55.4,25,12.4,1.81,7.20,0.21,0.17,内蒙古
乳类及其制品-奶酪,104003,奶豆腐（鲜）,Milk curd， fresh,100,31.9,305,1287,46.2,7.8,12.5,—,36,1.6,—,—,—,0.01,0.69,0.70,—,—,—,—,—,597,657,240,90.2,17,3.1,2.48,11.60,0.34,0.09,内蒙古
乳类及其制品-奶酪,104004,奶疙瘩［奶酪干，干酸奶］,Cheese， milk lump， sour， dried,100,8.9,426,1793,55.1,15.0,17.7,—,51,3.3,—,—,—,0.05,0.24,0.80,2.0,—,—,—,—,730,689,314,79.3,49,18.7,5.24,14.68,2.23,0.22,
乳类及其制品-奶酪,104005,乳酪（契达干酪，普通）,Cheese， Cheddar， ordinary,100,36.0,412,1708,25.5,34.4,0.1,—,100,—,344,225,325,0.03,0.40,0.10,Tr,0.53,—,—,—,720,490,77,670.0,25,0.3,2.30,12.00,0.03,Tr,
乳类及其制品-奶酪,104006,乳酪（契达干酪，脱脂）,Cheese， Cheddar， reduced fat,100,47.1,261,1091,31.5,15.0,Tr,—,43,—,174,100,165,0.03,0.53,0.10,Tr,0.39,—,—,—,840,620,110,670.0,39,0.2,2.80,15.00,0.05,Tr,
乳类及其制品-奶酪,104007,曲拉,"Qula, Cheddar， homemade, crude product",100,8.2,356,1510,39.1,2.9,43.4,—,—,6.4,216,—,216,0.07,0.16,0.10,—,0.54,0.51,—,—,1217,1135,166,285.2,143,5.8,3.09,2.21,0.10,0.09,青海
乳类及其制品-奶酪,104008,乳酪（全脂软酪）,Full fat soft cheese,100,58.0,313,1293,8.6,31.0,Tr,—,90,—,—,—,—,0.03,0.17,0.10,Tr,—,—,—,—,110,130,150,330.0,9,0.1,0.70,3.00,0.10,—,
乳类及其制品-奶酪,104009,酸酪蛋,Cottage cheese,100,11.2,443,1856,40.4,20.4,24.4,—,120,3.6,—,—,—,0.05,0.44,1.00,—,—,—,—,—,756,682,512,130.8,47,20.6,3.02,10.93,1.04,0.30,内蒙古
乳类及其制品-奶酪,104010,乳酪（羊乳酪）,Feta,100,56.5,250,1038,15.6,20.2,1.5,—,70,—,223,33,220,0.04,0.21,0.20,Tr,0.37,—,—,—,360,280,95,1440.0,20,0.2,0.90,—,0.07,—,
乳类及其制品-奶酪,104011,乳酪（中脂软酪）,Medium fat soft cheese,100,69.5,180,746,9.2,14.5,3.1,—,42,—,209,175,195,—,—,—,Tr,0.78,—,—,—,—,—,—,—,—,—,—,3.00,—,—,
乳类及其制品-奶酪,104012,奶酪（光明牌）,,100,43.0,348,1442,16.5,28.4,6.5,—,—,5.6,—,—,290,0.07,0.45,Tr,Tr,Tr,Tr,Tr,Tr,445,389,315,1598.0,20,0.2,2.35,5.08,0.02,0.01,上海
乳类及其制品-奶酪,104013,奶酪（骑士牌）,,100,31.7,386,1608,23.0,25.4,16.3,—,—,3.6,—,—,55,0.19,0.30,0.05,Tr,—,—,—,—,796,307,42,531.8,35,2.2,5.03,—,0.06,0.10,内蒙古
乳类及其制品-奶酪,104014,低脂奶酪,,100,48.0,241,1011,21.6,11.6,12.6,—,37,6.2,—,—,119,0.06,0.49,Tr,Tr,Tr,Tr,Tr,Tr,522,606,368,1684.8,29,0.2,3.41,6.82,0.03,0.02,上海
乳类及其制品-奶酪,104015,硬质干酪,,100,37.3,411,1702,24.9,34.5,0.1,—,100,—,312,215,—,0.03,0.41,0.10,Tr,—,—,—,—,731,500,76,687.0,29,0.3,4.10,6.00,0.05,Tr,
乳类及其制品-奶酪,104016,奶酪（爱氏晨曦牌，儿童奶酪条）,,100,49.0,295,1224,23.9,22.1,Tr,—,—,5.5,218,—,218,Tr,0.20,—,Tr,0.00,Tr,Tr,Tr,286,951,66,1408.1,16,0.8,3.26,—,Tr,Tr,丹麦
乳类及其制品-奶酪,104017,奶酪（百嘉儿童干酪条）,,100,51.9,272,1131,25.0,18.4,1.5,—,—,3.2,271,—,271,Tr,0.30,—,Tr,0.00,Tr,Tr,Tr,536,462,28,806.6,17,0.7,3.90,—,Tr,Tr,澳大利亚
乳类及其制品-奶酪,104018,奶酪（多美鲜牌，欧洲奶油奶酪）,,100,36.4,356,1483,13.1,23.4,23.2,—,—,3.9,28,—,28,0.02,0.28,—,Tr,0.00,Tr,Tr,Tr,170,788,196,845.8,19,0.9,1.20,—,Tr,Tr,德国
乳类及其制品-奶酪,104019,奶酪（天润牌，无限欢酪）,,100,11.6,515,2148,3.5,33.0,51.0,—,33,0.9,184,—,184,0.01,0.04,—,—,0.47,0.47,—,—,191,120,324,40.8,11,0.3,1.20,—,0.09,0.01,新疆
乳类及其制品-奶酪,104020,酸奶疙瘩（干，农户家）,,100,7.5,446,1873,48.8,18.6,20.9,—,53,4.2,119,—,119,0.05,0.15,—,—,3.12,3.12,—,—,437,471,566,248.0,38,1.9,1.94,—,0.16,0.06,新疆
乳类及其制品-奶酪,104021,酸奶疙瘩（干，市售）,,100,19.1,451,1883,31.1,27.6,19.6,—,60,2.6,188,—,188,0.84,0.29,—,—,1.23,1.23,—,—,773,288,520,383.0,30,0.6,1.44,—,0.16,0.04,新疆
乳类及其制品-奶酪,104022,酸奶疙瘩（干，市售，加盐）,,100,12.4,383,1613,51.6,11.7,17.8,—,31,6.5,72,—,72,0.18,0.46,—,—,5.56,5.56,—,—,702,390,478,1933.0,34,2.3,1.11,—,0.25,0.09,新疆
乳类及其制品-奶酪,104023,酸奶疙瘩（瑞缘牌，中脂特硬质干酪）,,100,12.9,456,1911,14.4,22.3,49.5,—,44,0.9,109,—,109,0.02,0.07,—,—,0.44,0.44,—,—,265,131,277,80.7,11,0.2,0.74,—,0.05,0.02,新疆
乳类及其制品-奶酪,104024,酸奶疙瘩（新鲜）,,100,50.7,275,1149,18.6,16.8,12.4,—,31,1.5,98,—,98,0.03,0.16,—,—,2.00,2.00,—,—,353,145,205,108.0,18,0.6,0.73,—,0.12,0.01,新疆
乳类及其制品-液态乳,101101x,纯牛奶（代表值，全脂）,Milk，pasteurized,100,87.6,65,271,3.3,3.6,4.9,0.0,17,0.7,54,—,54,0.03,0.12,0.11,Tr,0.13,0.09,0.03,0.01,107,90,180,63.7,11,0.3,0.28,1.34,0.01,0.01,
乳类及其制品-液态乳,101102,纯牛奶（全脂，美国牛）,Milk，full fat，American breed,100,88.6,59,246,2.9,3.2,4.6,0.0,26,0.7,9,—,9,0.13,0.18,—,1.0,—,—,—,—,108,68,127,40.2,19,0.1,0.33,2.38,0.14,0.01,南昌
乳类及其制品-液态乳,101104,纯牛奶（全脂，德国牛）,Milk，full fat，German breed,100,88.1,60,250,3.1,3.0,5.1,0.0,32,0.7,13,—,13,0.12,0.16,—,Tr,—,—,—,—,114,87,120,45.8,19,0.1,0.38,2.50,0.16,0.01,南昌
乳类及其制品-液态乳,101105,纯牛奶（全脂，光明牌）,,100,88.0,61,256,3.1,3.2,5.0,0.0,3,0.7,28,—,28,0.02,0.10,0.13,Tr,0.07,0.07,Tr,Tr,85,87,132,24.8,8,0.1,0.25,1.70,0.01,—,上海
乳类及其制品-液态乳,101106,纯牛奶（全脂，乐百氏牌）,,100,87.4,67,278,3.3,3.8,4.8,0.0,4,0.7,11,—,11,0.02,0.09,0.13,Tr,0.09,0.09,Tr,Tr,104,100,142,38.4,12,0.6,0.85,1.08,0.01,0.01,广东
乳类及其制品-液态乳,101107,纯牛奶（全脂，帕玛拉特牌）,,100,87.9,61,256,3.0,3.1,5.3,0.0,6,0.7,14,—,14,0.02,0.08,0.10,Tr,0.05,0.05,Tr,Tr,113,99,166,68.2,11,0.4,0.67,0.22,0.01,0.01,天津
乳类及其制品-液态乳,101108,纯牛奶（全脂，三元牌）,,100,86.9,69,289,3.4,3.9,5.1,0.0,1,0.7,30,—,30,0.02,0.10,0.13,Tr,0.18,0.12,0.06,Tr,88,88,177,35.1,10,0.3,0.42,1.70,0.01,0.01,北京
乳类及其制品-液态乳,101109,纯牛奶（全脂，完达山牌）,,100,88.3,60,251,2.9,3.2,4.9,0.0,7,0.7,17,—,17,0.03,0.09,0.08,Tr,0.10,0.05,0.05,Tr,91,87,161,292.1,9,0.1,0.28,0.60,0.01,—,黑龙江
乳类及其制品-液态乳,101110,纯牛奶（全脂，龙丹牌）,,100,87.5,66,277,2.9,3.8,5.1,0.0,6,0.7,11,—,11,0.02,0.10,0.11,Tr,0.15,0.07,0.08,Tr,82,83,145,41.5,9,0.1,0.46,0.80,Tr,0.01,黑龙江
乳类及其制品-液态乳,101111,纯牛奶（全脂，蒙牛牌）,,100,87.2,67,280,3.1,3.7,5.3,0.0,1,0.7,14,—,14,0.02,0.11,0.11,Tr,0.10,0.10,—,Tr,98,94,159,48.9,11,0.2,0.51,1.10,Tr,Tr,内蒙古
乳类及其制品-液态乳,101112,纯牛奶（全脂，新南洋牌）,,100,87.4,67,280,3.1,3.8,5.1,0.0,5,0.7,17,—,17,0.02,0.11,0.11,Tr,0.08,0.08,—,Tr,92,59,163,46.1,11,0.3,0.45,1.20,Tr,0.02,北京
乳类及其制品-液态乳,101113,纯牛奶（全脂，帕玛拉特）,,100,88.1,61,254,2.9,3.2,5.1,0.0,5,0.7,15,—,15,0.02,0.13,0.08,Tr,0.07,0.07,—,Tr,93,99,181,62.1,11,0.4,0.58,1.25,0.01,0.01,天津
乳类及其制品-液态乳,101114,纯牛奶（全脂，伊利牌）,,100,86.9,68,283,3.2,3.7,5.4,0.0,—,0.8,16,—,16,0.02,0.13,0.08,Tr,Tr,Tr,—,Tr,110,103,348,49.5,12,0.1,0.45,1.51,0.02,—,内蒙古
乳类及其制品-液态乳,101122,纯牛奶（全脂，爱尔兰金凯利全脂牛奶）,,100,88.5,62,257,3.2,3.6,4.1,0.0,24,0.6,84,—,84,0.02,0.15,—,Tr,0.08,0.08,—,0.00,108,85,217,21.7,8,0.2,0.14,—,Tr,Tr,
乳类及其制品-液态乳,101123,纯牛奶（全脂，澳大利亚澳田纯牛奶）,,100,88.4,62,257,3.6,3.5,3.9,0.0,20,0.6,63,—,63,0.02,0.18,—,Tr,0.08,0.06,—,0.02,112,97,203,20.3,9,0.2,0.16,—,Tr,Tr,
乳类及其制品-液态乳,101124,纯牛奶（全脂，比利时纯牧牛奶）,,100,88.4,61,253,3.5,3.4,4.0,0.0,19,0.7,58,—,58,0.02,0.14,—,Tr,0.06,0.06,—,0.00,112,101,239,23.9,9,0.3,0.15,—,Tr,Tr,
乳类及其制品-液态乳,101125,纯牛奶（全脂，波兰美波全脂纯牛奶）,,100,84.9,75,313,3.2,3.4,7.8,0.0,17,0.7,39,—,39,0.02,0.15,—,Tr,0.06,0.05,—,0.01,116,108,132,92.0,9,0.2,0.16,—,Tr,Tr,
乳类及其制品-液态乳,101126,纯牛奶（全脂，丹麦爱氏晨曦有机全脂牛奶）,,100,87.0,67,281,3.5,3.6,5.2,0.0,19,0.7,112,—,112,0.02,0.17,—,Tr,0.11,0.09,—,0.01,117,86,187,18.7,9,0.2,0.16,—,Tr,Tr,
乳类及其制品-液态乳,101127,纯牛奶（全脂，德国爱氏晨曦纯牛奶）,,100,86.8,68,285,3.4,3.6,5.5,0.0,17,0.7,98,—,98,0.02,0.16,—,Tr,0.10,0.08,—,0.01,117,87,166,16.6,9,0.3,0.18,—,0.01,Tr,
乳类及其制品-液态乳,101128,纯牛奶（全脂，德国甘蒂牧场纯牛奶）,,100,87.7,64,269,3.3,3.6,4.7,0.0,21,0.7,74,—,74,0.01,0.15,—,Tr,0.16,0.15,—,0.00,107,100,192,19.2,8,0.2,0.16,—,Tr,Tr,
乳类及其制品-液态乳,101129,纯牛奶（全脂，法国得乐思全脂牛奶）,,100,87.7,64,269,3.7,3.6,4.3,0.0,22,0.7,51,—,51,0.02,0.15,—,Tr,0.07,0.05,—,0.02,116,107,128,93.1,9,0.2,0.16,—,Tr,Tr,
乳类及其制品-液态乳,101130,纯牛奶（全脂，光明纯牛奶）,,100,88.5,60,252,3.4,3.4,4.0,0.0,20,0.7,102,—,102,0.02,0.13,—,Tr,0.10,0.06,—,0.01,118,87,303,30.3,9,0.2,0.17,—,Tr,Tr,黑龙江
乳类及其制品-液态乳,101131,纯牛奶（全脂，光明优+高品质纯牛奶）,,100,87.4,67,278,3.6,3.8,4.5,0.0,16,0.7,93,—,93,0.03,0.13,—,Tr,0.11,0.08,—,0.01,114,85,204,20.4,9,0.2,0.17,—,Tr,Tr,浙江
乳类及其制品-液态乳,101132,纯牛奶（全脂，广泽澳醇纯牛奶）,,100,88.2,63,262,3.5,3.6,4.1,0.0,31,0.6,42,—,42,0.02,0.12,—,Tr,0.16,0.09,—,0.01,138,90,124,185.2,14,0.4,0.24,—,Tr,Tr,吉林
乳类及其制品-液态乳,101133,纯牛奶（全脂，花园牌）,,100,89.3,57,239,2.9,3.3,4.0,0.0,8,0.5,37,—,37,0.01,0.06,—,Tr,0.12,0.12,—,—,55,57,135,25.2,12,0.0,0.30,—,0.01,0.01,新疆
乳类及其制品-液态乳,101134,纯牛奶（全脂，辉山纯牛奶）,,100,87.4,66,276,3.5,3.7,4.7,0.0,30,0.7,64,—,64,0.02,0.14,—,Tr,0.16,0.09,—,0.01,137,88,123,179.1,16,1.8,0.27,—,Tr,Tr,辽宁
乳类及其制品-液态乳,101135,纯牛奶（全脂，龙丹松花江牧场纯牛奶）,,100,87.2,67,280,3.6,3.7,4.8,0.0,26,0.7,106,—,106,0.02,0.13,—,Tr,0.10,0.10,—,0.00,138,94,136,193.1,15,1.2,0.24,—,Tr,0.01,黑龙江
乳类及其制品-液态乳,101136,纯牛奶（全脂，麦趣尔牌）,,100,88.1,61,254,2.9,3.1,5.3,0.0,7,0.6,38,—,38,0.01,0.02,—,Tr,0.12,0.12,—,—,51,63,129,22.3,12,0.0,0.33,—,0.01,0.01,新疆
乳类及其制品-液态乳,101137,纯牛奶（全脂，蒙牛纯牛奶）,,100,87.3,67,278,3.4,3.8,4.7,0.0,22,0.8,70,—,70,0.02,0.12,—,Tr,0.14,0.13,—,0.00,113,97,187,18.7,9,0.2,0.18,—,Tr,Tr,安徽
乳类及其制品-液态乳,101138,纯牛奶（全脂，蒙牛特仑苏有机纯牛奶）,,100,86.8,69,289,3.4,4.0,4.9,0.0,8,0.9,46,—,46,0.03,0.13,—,Tr,0.14,0.02,—,0.10,115,98,407,40.7,10,0.3,0.18,—,Tr,Tr,内蒙古
乳类及其制品-液态乳,101139,纯牛奶（全脂，明治醇壹高温杀菌乳）,,100,87.2,67,280,3.6,3.7,4.8,0.0,20,0.7,60,—,60,0.02,0.12,—,Tr,0.11,0.09,—,0.00,114,126,117,111.5,11,0.2,0.22,—,Tr,Tr,江苏
乳类及其制品-液态乳,101140,纯牛奶（全脂，瑞士艾美全脂牛奶）,,100,86.1,70,293,3.2,3.5,6.4,0.0,22,0.8,50,—,50,0.03,0.18,—,Tr,0.07,0.07,—,0.00,118,81,199,19.9,9,0.2,0.19,—,0.01,Tr,
乳类及其制品-液态乳,101141,纯牛奶（全脂，圣牧有机纯牛奶）,,100,86.0,74,308,3.5,4.1,5.7,0.0,15,0.7,98,—,98,0.03,0.13,—,Tr,0.10,0.07,—,0.01,118,91,171,17.1,10,0.2,0.20,—,0.01,Tr,内蒙古
乳类及其制品-液态乳,101142,纯牛奶（全脂，天润牌浓缩纯奶）,,100,86.9,67,281,3.2,3.5,5.7,0.0,10,0.7,47,—,47,0.01,0.03,—,Tr,0.14,0.14,—,—,58,67,151,26.4,16,0.0,0.35,—,0.01,0.01,新疆
乳类及其制品-液态乳,101143,纯牛奶（全脂，完达山纯牛奶）,,100,88.1,66,276,3.5,4.2,3.6,0.0,33,0.6,42,—,42,0.02,0.14,—,Tr,0.17,0.11,—,0.01,137,91,123,183.7,16,0.4,0.25,—,Tr,Tr,黑龙江
乳类及其制品-液态乳,101144,纯牛奶（全脂，西域春牌）,,100,88.5,59,246,2.9,3.1,4.8,0.0,8,0.7,42,—,42,0.01,0.02,—,Tr,0.12,0.12,—,—,60,68,152,24.9,13,0.0,0.32,—,0.01,0.01,新疆
乳类及其制品-液态乳,101145,纯牛奶（全脂，夏进纯牛奶）,,100,87.9,63,264,3.5,3.5,4.4,0.0,26,0.7,64,—,64,0.02,0.06,—,Tr,0.09,0.02,—,0.06,137,95,126,190.0,15,0.3,0.22,—,Tr,Tr,宁夏
乳类及其制品-液态乳,101146,纯牛奶（全脂，现代牧业纯牛奶）,,100,87.3,66,276,3.3,3.6,5.1,0.0,21,0.7,103,—,103,0.02,0.11,—,Tr,0.16,0.15,—,0.00,118,109,138,93.6,9,0.2,0.17,—,Tr,Tr,安徽
乳类及其制品-液态乳,101147,纯牛奶（全脂，新希望复原乳）,,100,88.2,63,262,3.0,3.6,4.6,0.0,21,0.6,90,—,90,0.02,0.18,—,Tr,0.30,0.30,—,0.00,111,86,327,32.7,8,0.2,0.14,—,Tr,Tr,浙江
乳类及其制品-液态乳,101148,纯牛奶（全脂，新希望千岛湖牧场纯牛奶）,,100,88.4,62,257,3.2,3.5,4.3,0.0,16,0.6,103,—,103,0.03,0.11,—,Tr,0.11,0.08,—,0.01,111,93,318,31.8,8,0.3,0.17,—,Tr,Tr,浙江
乳类及其制品-液态乳,101149,纯牛奶（全脂，伊利纯牛奶）,,100,87.8,66,274,3.4,3.9,4.2,0.0,22,0.7,45,—,45,0.02,0.14,—,Tr,0.14,0.13,—,0.01,112,97,231,23.1,9,0.1,0.17,—,Tr,Tr,辽宁
乳类及其制品-液态乳,101150,纯牛奶（全脂，伊利金典有机纯牛奶）,,100,86.3,73,303,3.5,4.1,5.4,0.0,23,0.7,76,—,76,0.02,0.14,—,Tr,0.23,0.18,—,0.02,111,105,146,14.6,9,0.2,0.18,—,Tr,Tr,内蒙古
乳类及其制品-液态乳,101151,纯牛奶（全脂，意大利培兰全脂纯牛奶）,,100,88.1,63,264,3.5,3.6,4.2,0.0,21,0.6,59,—,59,0.02,0.13,—,Tr,0.04,0.04,—,0.00,112,102,127,91.0,9,0.4,0.16,—,Tr,Tr,
乳类及其制品-液态乳,101152,纯牛奶（低脂，帕玛拉特）,,100,90.1,43,182,2.9,1.3,5.0,0.0,5,0.7,6,—,6,0.03,0.09,0.07,Tr,Tr,Tr,Tr,Tr,66,91,185,279.5,8,0.2,0.30,1.49,0.02,Tr,天津
乳类及其制品-液态乳,101152x,纯牛奶（代表值，低脂）,,100,89.4,47,197,3.5,1.5,4.8,0.0,9,0.7,45,—,45,0.02,0.16,0.07,Tr,0.07,0.06,—,0.01,111,106,232,80.1,10,0.2,0.20,1.49,0.02,Tr,
乳类及其制品-液态乳,101153,纯牛奶（低脂，澳大利亚德运部分脱脂纯牛奶）,,100,89.0,51,215,3.3,2.0,5.0,0.0,12,0.7,49,—,49,0.02,0.19,—,Tr,0.08,0.08,—,0.00,116,90,262,26.2,9,0.2,0.16,—,Tr,Tr,
乳类及其制品-液态乳,101154,纯牛奶（低脂，德国艾德牧牌部分脱脂纯牛奶）,,100,90.3,45,187,3.5,1.7,3.8,0.0,11,0.7,35,—,35,0.02,0.13,—,Tr,0.05,0.03,—,0.02,114,101,135,91.8,9,0.2,0.15,—,Tr,Tr,
乳类及其制品-液态乳,101155,纯牛奶（低脂，蒙牛特仑苏低脂牛奶）,,100,88.9,48,201,3.8,1.3,5.2,0.0,10,0.8,61,—,61,0.03,0.14,—,Tr,0.28,0.12,—,0.05,116,111,358,35.8,10,0.1,0.20,—,Tr,Tr,宁夏
乳类及其制品-液态乳,101156,纯牛奶（低脂，明治醇壹低脂肪高温杀菌乳）,,100,89.2,46,194,3.6,1.2,5.2,0.0,9,0.8,49,—,49,0.02,0.13,—,Tr,0.04,0.03,—,0.00,115,127,133,108.4,11,0.2,0.23,—,Tr,Tr,江苏
乳类及其制品-液态乳,101157,纯牛奶（低脂，新西兰安佳低脂牛奶）,,100,88.5,51,214,3.8,1.5,5.5,0.0,13,0.7,39,—,39,0.03,0.23,—,Tr,0.07,0.07,—,0.00,120,86,188,18.8,9,0.2,0.18,—,Tr,Tr,
乳类及其制品-液态乳,101158,纯牛奶（低脂，新西兰恒天然田园低脂牛奶）,,100,90.1,45,190,3.7,1.7,3.8,0.0,12,0.7,26,—,26,0.03,0.22,—,Tr,0.09,0.07,—,0.02,120,110,412,41.2,10,0.2,0.20,—,Tr,Tr,
乳类及其制品-液态乳,101159,纯牛奶（低脂，伊利金典低脂奶）,,100,88.8,48,203,3.7,1.3,5.4,0.0,6,0.8,80,—,80,0.02,0.12,—,Tr,0.08,0.05,—,0.01,121,132,279,27.9,11,0.2,0.22,—,Tr,Tr,山东
乳类及其制品-液态乳,101160,纯牛奶（低脂，意大利皮尔蒙特低脂牛奶）,,100,89.9,45,188,3.4,1.4,4.6,0.0,6,0.7,58,—,58,0.02,0.15,—,Tr,0.06,0.05,—,0.01,114,106,132,91.3,9,0.1,0.16,—,Tr,Tr,
乳类及其制品-液态乳,101161,纯牛奶（脱脂，帕玛拉特）,,100,91.4,33,138,2.9,0.2,4.8,0.0,2,0.7,Tr,—,Tr,0.03,0.08,0.07,Tr,Tr,Tr,Tr,Tr,75,96,204,117.2,9,0.3,0.54,1.05,0.01,—,天津
乳类及其制品-液态乳,101161x,纯牛奶（代表值，脱脂）,,100,91.0,34,146,3.5,0.3,4.6,0.0,4,0.7,37,—,37,0.03,0.16,0.07,Tr,0.05,0.05,—,Tr,116,98,200,127.3,12,0.3,0.28,1.05,Tr,Tr,
乳类及其制品-液态乳,101162,纯牛奶（脱脂，澳大利亚澳田脱脂牛奶）,,100,91.0,35,147,3.7,0.3,4.3,0.0,4,0.7,56,—,56,0.01,0.20,—,Tr,0.06,0.05,—,0.00,137,97,137,188.6,16,0.7,0.26,—,Tr,Tr,
乳类及其制品-液态乳,101163,纯牛奶（脱脂，丹麦爱氏晨曦脱脂纯牛奶）,,100,90.0,39,164,3.5,0.3,5.5,0.0,4,0.7,20,—,20,0.03,0.15,—,Tr,0.01,0.01,—,0.00,118,99,369,36.9,10,0.2,0.20,—,Tr,Tr,
乳类及其制品-液态乳,101164,纯牛奶（脱脂，德国甘蒂牧场脱脂牛奶）,,100,91.5,34,143,3.3,0.5,4.0,0.0,4,0.7,62,—,62,0.03,0.15,—,Tr,0.10,0.08,—,0.02,136,92,148,200.9,15,0.3,0.23,—,Tr,Tr,
乳类及其制品-液态乳,101165,纯牛奶（脱脂，新西兰安佳轻欣脱脂牛奶）,,100,91.2,32,138,3.9,0.0,4.2,0.0,4,0.7,47,—,47,0.03,0.23,—,Tr,0.09,0.07,—,0.02,116,108,142,92.7,10,0.1,0.17,—,Tr,Tr,
乳类及其制品-液态乳,101166,调制乳（全脂，强化VA，VD）,,100,89.0,51,215,2.7,2.0,5.6,—,—,0.7,66,—,66,0.02,0.08,0.10,3.0,—,—,—,—,140,60,130,42.6,14,0.2,0.38,1.36,0.04,0.03,
乳类及其制品-液态乳,101167,调制乳（全脂，草莓味，卡夫牌）,,100,83.4,79,332,2.7,3.0,10.3,—,4,0.6,18,—,18,0.02,0.11,0.09,Tr,0.14,0.09,0.05,Tr,78,83,157,28.3,9,0.3,0.37,1.30,0.00,0.01,北京
乳类及其制品-液态乳,101168,调制乳（全脂，巧克力味，卡夫牌）,,100,83.3,80,336,2.8,3.2,10.0,—,5,0.7,17,—,17,0.02,0.11,0.12,Tr,0.07,0.07,Tr,Tr,81,92,154,31.4,13,0.5,0.31,1.63,0.02,0.02,北京
乳类及其制品-液态乳,101169,调制乳（全脂，巧克力味，三元牌）,,100,84.4,74,311,2.3,2.8,9.9,—,1,0.6,18,—,18,0.02,0.08,0.09,Tr,0.25,0.19,0.06,Tr,101,75,165,36.3,12,0.5,0.37,1.07,0.03,0.03,北京
乳类及其制品-液态乳,101170,调制乳（全脂，学生奶）,,100,86.1,66,278,2.6,2.6,8.1,—,—,0.6,30,—,30,0.02,0.14,0.06,Tr,Tr,Tr,Tr,Tr,87,78,140,47.3,8,0.1,1.53,0.85,Tr,Tr,黑龙江
乳类及其制品-液态乳,101171,调制乳（全脂，龙丹益醇核桃牛奶）,,100,87.6,62,258,2.5,2.8,6.6,—,22,0.5,40,—,40,0.02,0.10,—,Tr,0.17,0.09,—,0.00,139,91,82,158.6,14,2.5,0.19,—,0.01,0.02,黑龙江
乳类及其制品-液态乳,101172,调制乳（全脂，蒙牛特仑苏醇纤牛奶）,,100,86.3,72,299,3.4,4.0,5.5,—,10,0.8,69,—,69,0.03,0.14,—,Tr,0.14,0.07,—,0.02,116,107,258,25.8,9,0.2,0.20,—,Tr,Tr,河北
乳类及其制品-液态乳,101173,调制乳（全脂，蒙牛珍养型零乳糖牛奶）,,100,88.8,60,249,3.0,3.5,4.0,—,21,0.7,96,—,96,0.02,0.13,—,Tr,2.30,2.17,—,0.02,110,102,115,90.1,8,0.2,0.14,—,Tr,Tr,内蒙古
乳类及其制品-液态乳,101174,调制乳（全脂，完达山臻醇牛奶）,,100,86.8,69,287,3.4,3.7,5.4,—,28,0.7,53,—,53,0.02,0.15,—,Tr,0.10,0.09,—,0.00,138,82,119,193.1,15,0.7,0.23,—,Tr,Tr,黑龙江
乳类及其制品-液态乳,101175,调制乳（全脂，旺仔复原乳牛奶）,,100,84.3,74,310,2.5,2.6,10.1,—,14,0.5,48,—,48,0.02,0.15,—,Tr,0.10,0.10,—,0.00,103,71,228,22.8,6,0.1,0.10,—,Tr,Tr,浙江
乳类及其制品-液态乳,101176,调制乳（全脂，夏进炼乳牛奶）,,100,85.7,71,297,2.5,3.1,8.2,—,23,0.5,49,—,49,0.01,0.08,—,Tr,0.10,0.09,—,0.00,136,95,95,154.2,14,0.3,0.20,—,Tr,Tr,宁夏
乳类及其制品-液态乳,101177,调制乳（全脂，新西兰安佳原味进口儿童牛奶）,,100,86.3,70,291,3.6,3.5,5.9,—,18,0.7,174,—,174,0.03,0.22,—,Tr,0.15,0.12,—,0.01,114,97,229,22.9,10,0.2,0.18,—,Tr,Tr,
乳类及其制品-液态乳,101178,调制乳（全脂，新希望特浓牛奶）,,100,87.1,66,277,3.3,3.5,5.4,—,16,0.7,108,—,108,0.03,0.17,—,Tr,0.15,0.12,—,0.01,110,91,216,21.6,9,0.2,0.16,—,Tr,Tr,浙江
乳类及其制品-液态乳,101179,调制乳（全脂，伊利舒化奶）,,100,87.0,68,285,3.5,3.8,5.0,—,18,0.7,93,—,93,0.03,0.13,—,Tr,0.12,0.09,—,0.01,109,98,188,18.8,9,0.2,0.17,—,Tr,Tr,河北
乳类及其制品-液态乳,101180,调制乳（全脂，伊利早餐奶麦香味）,,100,85.7,71,297,2.9,3.2,7.6,—,19,0.6,113,—,113,0.02,0.11,—,Tr,0.07,0.07,—,0.00,105,89,75,72.3,8,0.7,0.34,—,Tr,Tr,内蒙古
乳类及其制品-液态乳,101181,调制乳（低脂，强化锌、钙，帕玛拉特）,,100,88.2,60,251,3.0,3.1,5.0,—,2,0.7,15,—,15,0.02,0.11,0.08,Tr,0.06,0.06,Tr,Tr,93,103,171,62.1,11,1.0,1.10,1.38,Tr,0.01,天津
乳类及其制品-液态乳,101182,调制乳（低脂，澳大利亚德运高钙低脂奶）,,100,87.5,52,221,3.5,1.1,7.1,—,10,0.8,33,—,33,0.02,0.21,—,Tr,0.07,0.06,—,0.00,119,103,171,17.1,9,0.2,0.18,—,Tr,Tr,
乳类及其制品-液态乳,101183,调制乳（低脂，伊利低脂型舒化奶）,,100,89.8,46,192,3.4,1.5,4.6,—,9,0.7,38,—,38,0.02,0.12,—,Tr,0.06,0.05,—,0.00,112,100,255,25.5,9,0.2,0.17,—,Tr,Tr,河北
乳类及其制品-液态乳,101184,调制乳（低脂，伊利高钙低脂奶）,,100,89.2,47,196,3.2,1.3,5.5,—,10,0.8,58,—,58,0.02,0.12,—,Tr,0.10,0.08,—,0.00,117,129,356,35.6,11,0.2,0.16,—,Tr,Tr,河北
乳类及其制品-液态乳,101185,调制乳（脱脂，部分复原乳，澳大利亚德运高钙脱脂奶）,,100,89.1,42,178,3.6,0.3,6.2,—,4,0.8,22,—,22,0.03,0.19,—,Tr,0.02,0.02,—,0.00,114,96,231,23.1,9,0.2,0.15,—,Tr,Tr,
乳类及其制品-液态乳,101186,调制乳（脱脂，伊利脱脂奶）,,100,91.2,34,144,3.3,0.3,4.5,—,3,0.7,68,—,68,0.02,0.12,—,Tr,0.02,0.02,—,0.00,110,109,288,28.9,9,0.2,0.17,—,Tr,Tr,河北
乳类及其制品-液态乳,101187,鲜牛奶（全脂，光明鲜牛奶）,,100,87.9,63,264,3.4,3.5,4.5,0.0,17,0.7,105,—,105,0.02,0.11,—,Tr,0.07,0.07,—,0.00,114,113,136,106.4,10,0.2,0.20,—,Tr,Tr,浙江
乳类及其制品-液态乳,101187x,鲜牛奶（代表值，全脂）,,100,87.1,67,280,3.4,3.7,5.1,0.0,21,0.7,73,—,73,0.02,0.12,—,Tr,0.11,0.09,—,0.00,113,103,127,120.3,12,0.3,0.24,—,0.01,0.01,
乳类及其制品-液态乳,101188,鲜牛奶（全脂，辉山鲜博士鲜牛奶）,,100,87.3,70,290,3.6,4.3,4.1,0.0,31,0.7,105,—,105,0.02,0.14,—,Tr,0.14,0.12,—,0.01,139,91,133,190.1,16,0.3,0.25,—,Tr,Tr,辽宁
乳类及其制品-液态乳,101189,鲜牛奶（全脂，完达山鲜牛乳）,,100,87.4,66,276,3.6,3.7,4.6,0.0,29,0.7,68,—,68,0.02,0.13,—,Tr,0.12,0.11,—,0.00,136,96,134,192.4,16,0.9,0.26,—,Tr,Tr,黑龙江
乳类及其制品-液态乳,101190,鲜牛奶（全脂，西域春牌全脂巴氏杀菌乳）,,100,87.4,63,264,2.5,3.1,6.3,0.0,6,0.7,31,—,31,0.01,0.06,—,—,0.11,0.11,—,—,62,65,103,34.8,11,0.0,0.34,—,0.01,0.01,新疆
乳类及其制品-液态乳,101191,鲜牛奶（全脂，现代牧场鲜牛奶）,,100,87.8,64,268,3.4,3.6,4.5,0.0,20,0.7,82,—,82,0.02,0.12,—,Tr,0.10,0.07,—,0.00,114,126,106,108.7,10,0.2,0.21,—,0.01,Tr,安徽
乳类及其制品-液态乳,101192,鲜牛奶（全脂，新希望千岛湖牧场鲜牛奶）,,100,85.0,76,319,3.6,3.9,6.7,0.0,21,0.8,71,—,71,0.02,0.13,—,Tr,0.09,0.07,—,0.00,115,118,151,108.2,10,0.2,0.20,—,Tr,Tr,浙江
乳类及其制品-液态乳,101193,鲜牛奶（全脂，一鸣鲜牛奶）,,100,87.2,66,278,3.5,3.6,5.0,0.0,23,0.7,48,—,48,0.02,0.13,—,Tr,0.09,0.07,—,0.00,114,114,129,101.3,10,0.3,0.19,—,Tr,Tr,浙江
乳类及其制品-液态乳,101201,羊乳,Goat milk,100,88.9,59,247,1.5,3.5,5.4,0.0,31,0.7,84,—,84,0.04,0.12,2.10,—,0.19,—,—,—,82,98,135,20.6,—,0.5,0.29,1.75,0.04,—,郑州
乳类及其制品-液态乳,101301,人乳,Breast milk,100,87.6,65,274,1.3,3.4,7.4,0.0,11,0.3,11,—,11,0.01,0.05,0.20,5.0,—,—,—,—,30,13,—,—,32,0.1,0.28,—,0.03,—,北京
乳类及其制品-液态乳,101302,人乳（初乳，1～7天）,,100,87.5,68,283,2.2,3.8,6.2,0.0,—,0.3,148,—,148,0.01,0.04,—,—,1.27,—,—,—,30,16,51,33.1,3,0.1,0.53,—,0.05,0.00,齐齐哈尔
乳类及其制品-液态乳,101303,人乳（过渡乳，7～14天）,,100,86.5,73,304,2.2,4.0,7.0,0.0,—,0.3,—,—,—,0.01,0.05,—,—,—,—,—,—,35,19,60,32.1,3,0.1,0.44,—,0.07,0.00,齐齐哈尔
乳类及其制品-液态乳,101304,人乳（成熟乳）,,100,87.7,70,294,1.2,4.4,6.5,0.0,—,0.2,30,—,30,0.01,0.04,—,—,0.35,—,—,—,31,16,43,18.7,3,0.1,0.24,—,0.03,0.00,齐齐哈尔
乳类及其制品-液态乳,101401,鲜驴奶,,100,92.1,33,140,0.4,0.6,6.5,0.0,Tr,0.4,Tr,—,Tr,0.00,0.01,—,—,0.00,Tr,—,—,79,37,68,23.9,10,0.0,0.21,—,0.02,0.00,新疆
乳类及其制品-液态乳,101402,鲜驴奶（冻）,,100,90.9,41,172,0.5,1.2,7.0,0.0,2,0.4,Tr,—,Tr,0.00,0.01,—,—,0.00,Tr,—,—,75,34,73,25.4,11,0.1,0.21,—,0.02,0.00,新疆
乳类及其制品-液态乳,101403,鲜驴奶（花麒牌，冻）,,100,91.2,39,165,0.8,1.1,6.5,0.0,Tr,0.4,Tr,—,Tr,0.00,0.01,—,—,0.00,Tr,—,—,89,31,73,26.7,11,0.0,0.22,—,0.02,0.00,新疆
乳类及其制品-液态乳,101501,鲜驼奶,,100,85.4,72,303,3.7,3.5,6.5,0.0,6,0.9,65,—,65,0.01,0.02,—,—,0.00,Tr,—,—,50,60,175,55.9,10,0.1,0.51,—,0.01,0.01,新疆
乳类及其制品-液态乳,101502,鲜驼奶（冻）,,100,82.2,86,359,3.6,3.5,9.9,0.0,8,0.8,38,—,38,0.02,0.02,—,—,0.00,Tr,—,—,71,76,124,40.4,10,0.2,0.53,—,0.02,0.01,新疆
乳类及其制品-液态乳,101503,驼奶（旺源牌，易拉罐）,,100,84.8,81,339,3.9,4.6,6.0,0.0,13,0.7,96,—,96,0.00,0.02,—,—,0.07,0.07,—,—,81,75,140,39.5,33,0.1,0.50,—,0.01,0.01,新疆
乳类及其制品-酸奶,103001,酸奶,,100,85.5,70,295,3.2,1.9,10.0,—,15,0.7,19,—,19,0.03,0.14,0.10,1.0,0.13,0.08,—,—,140,90,135,32.5,11,0.2,0.54,1.19,0.01,0.02,
乳类及其制品-酸奶,103001x,酸奶（代表值，全脂）,"Yogurt, full fat",100,81.0,86,363,2.8,2.6,12.9,—,8,0.7,23,—,23,0.03,0.12,0.09,1.3,0.12,0.12,—,—,128,76,150,37.7,11,0.3,0.43,1.30,0.04,0.01,
乳类及其制品-酸奶,103002,酸奶（高蛋白）,"Yogurt, high protein",100,86.6,62,260,3.2,2.2,7.3,—,—,0.7,Tr,—,Tr,0.07,0.08,0.10,—,—,—,—,—,161,52,135,43.0,15,Tr,0.54,1.70,Tr,Tr,北京
乳类及其制品-酸奶,103003,酸奶（脱脂）,"Yogurt, skimmed",100,85.5,57,241,3.3,0.4,10.0,—,18,0.8,Tr,—,—,0.02,0.10,0.10,1.0,—,—,—,—,146,91,156,27.7,10,0.1,0.51,1.46,0.01,0.02,
乳类及其制品-酸奶,103004,酸奶（低脂）,"Yogurt, low-skimmed",100,85.8,64,269,2.7,1.9,9.0,—,12,0.6,32,—,32,0.02,0.13,0.10,1.0,0.13,0.13,—,—,81,59,130,13.0,10,—,0.68,0.74,0.01,0.01,上海
乳类及其制品-酸奶,103005,酸奶（果料）,"*Fruit* yogurt, whole milk, with fruits",100,84.4,67,281,3.1,1.4,10.4,—,15,0.7,19,—,19,0.03,0.19,0.10,2.0,0.69,—,—,—,140,90,111,32.5,11,0.4,0.56,0.98,0.04,0.03,
乳类及其制品-酸奶,103006,酸奶（橘味，脱脂）,"*Orange flavor* yogurt, skimmed",100,87.6,48,205,3.2,0.3,8.2,—,15,0.7,1,—,1,0.02,0.21,0.10,5.0,0.03,0.03,—,—,89,73,128,2.6,11,0.2,0.27,0.73,0.01,0.01,上海
乳类及其制品-酸奶,103007,酸奶（调味）,,100,81.2,88,372,3.0,3.2,11.9,—,—,0.7,—,—,—,0.03,0.14,0.06,Tr,—,—,—,—,160,168,272,69.6,12,1.6,0.63,1.42,0.01,0.03,上海
乳类及其制品-酸奶,103008,酸奶（果粒）,,100,78.5,98,412,3.3,2.9,14.6,—,—,0.7,—,—,—,0.03,0.18,0.08,1.0,—,—,—,—,61,103,241,53.8,8,0.1,0.39,1.19,0.01,0.02,上海
乳类及其制品-酸奶,103009,酸奶（全脂，多美鲜全脂果粒，草莓果粒/覆盆子果粒、桃果粒/西番莲汁/菠萝果粒）,,100,75.2,111,469,1.6,2.8,19.9,—,—,0.5,30,—,30,Tr,Tr,—,Tr,0.00,Tr,Tr,Tr,94,84,107,37.8,7,1.0,Tr,—,Tr,Tr,德国
乳类及其制品-酸奶,103010,酸奶（全脂，盖瑞牌，全脂风味发酵乳）,,100,79.1,93,393,3.1,2.5,14.6,—,9,0.7,37,—,37,0.03,0.10,—,—,0.12,0.12,—,—,126,35,109,26.9,12,0.1,0.35,—,0.03,0.01,新疆
乳类及其制品-酸奶,103011,酸奶（全脂，花园牌）,,100,83.6,77,323,1.6,2.8,11.3,—,2,0.7,14,—,14,0.02,0.09,—,—,0.00,Tr,—,—,114,52,149,26.1,11,0.1,0.31,—,0.26,0.00,新疆
乳类及其制品-酸奶,103012,酸奶（全脂，佳丽牌，益家全脂风味发酵乳）,,100,79.4,95,399,2.9,3.1,13.8,—,7,0.8,32,—,32,0.03,0.10,—,—,0.12,0.12,—,—,128,58,162,34.5,12,0.1,0.31,—,0.03,0.00,新疆
乳类及其制品-酸奶,103013,酸奶（全脂，天润牌浓缩酸奶，全脂风味发酵乳）,,100,79.2,95,398,3.0,2.9,14.1,—,9,0.8,27,—,27,0.03,0.12,—,—,0.14,0.14,—,—,183,47,139,30.5,7,0.0,0.31,—,0.01,0.02,新疆
乳类及其制品-酸奶,103014,酸奶（全脂，西域春牌新疆老酸奶，凝固型）,,100,78.5,96,406,3.1,2.6,15.1,—,1,0.7,6,—,6,0.03,0.06,—,—,0.00,Tr,—,—,100,56,90,27.8,12,0.1,0.32,—,0.02,0.01,新疆
乳类及其制品-酸奶,103015,酸奶（低脂，艾美牌，草莓、芒果、蓝莓、覆盆子、菠萝味低脂风味发酵乳）,,100,78.5,96,403,1.6,2.4,16.9,—,—,0.6,18,—,18,0.01,0.15,—,Tr,0.00,Tr,Tr,Tr,122,112,154,35.8,10,1.0,0.35,—,Tr,Tr,瑞士
其他类-其他,219014,蜂蛹［蜂胚、蜂仔］,,100,80.8,100,419,10.6,5.4,2.3,0.0,19,0.9,—,—,—,0.28,0.24,2.60,—,—,—,—,—,1,165,249,12.0,20,2.0,2.36,4.00,0.39,0.12,
其他类-其他,219015,蜂蛹（油蜂，干）,,100,7.7,669,2765,20.0,61.4,9.0,0.0,236,1.9,—,—,—,0.07,0.31,4.80,Tr,2.37,—,—,—,38,281,331,299.3,35,9.3,5.09,17.65,1.89,5.08,
其他类-其他,219016,蜂蛹（大黄蜂）,,100,76.7,109,459,12.1,3.8,6.6,0.0,—,0.8,—,—,—,0.11,0.37,2.80,20.0,—,—,—,—,27,157,256,15.8,22,3.8,2.21,6.10,0.08,3.61,
其他类-其他,219022,牛蛙,,30,79.4,81,343,15.7,0.5,3.4,—,19,1.0,—,—,—,0.13,0.01,5.40,Tr,—,—,—,—,15,162,329,34.5,22,0.6,0.98,Tr,0.02,Tr,
其他类-其他,219028,鸡内金,,100,8.7,359,1525,83.1,1.3,3.8,—,—,3.1,—,—,—,0.03,0.14,0.73,—,—,—,—,—,141,250,51,112.9,18,64.3,1.90,19.30,3.65,0.74,
其他类-其他,219029,乌梢蛇,,100,15.1,219,928,49.4,2.0,0.9,—,—,32.6,—,—,—,0.02,1.35,6.60,—,—,—,—,—,7345,3864,494,385.0,2637,15.2,11.50,—,0.29,1.36,
其他类-其他,219030,团螵蛸,,100,5.9,365,1544,70.2,6.6,6.2,—,—,11.1,—,—,—,0.10,2.22,—,—,—,—,—,—,617,380,594,143.3,135,272.0,6.94,—,3.55,8.57,
其他类-其他,219031,阿胶,,100,11.0,383,1619,73.0,5.8,9.5,—,—,0.7,—,—,—,0.00,0.09,—,—,—,—,—,—,59,33,5,222.5,13,4.7,1.58,—,0.94,0.26,
其他类-其他,219032,珍珠,,100,0.5,18,78,2.0,0.1,2.4,—,—,95.0,—,—,—,—,0.01,—,—,—,—,—,—,39,Tr,1,285.9,3,33.4,1.20,—,0.42,94.38,
其他类-其他,219033,牛黄,,100,4.5,353,1501,48.0,0.9,38.4,—,—,8.2,—,—,—,Tr,0.67,—,—,—,—,—,—,2406,64,75,869.0,20,8.0,120.00,—,13.90,111.16,
其他类-其他,219034,马鹿胎（粉）,,100,6.8,342,1440,36.8,10.8,24.4,—,—,21.2,—,—,—,Tr,0.25,—,—,—,—,—,—,8787,3800,373,542.7,195,27.7,7.50,—,0.23,0.55,
其他类-其他,219035,蛤蚧,,65,7.5,382,1611,70.8,11.0,0.0,—,—,14.6,—,—,—,0.03,4.04,—,—,—,—,—,—,4497,2290,855,369.8,134,12.9,7.90,—,0.25,0.29,
其他类-其他,219036,燕窝,,100,15.2,320,1360,57.9,0.2,21.7,—,—,5.0,—,—,—,Tr,Tr,—,—,—,—,—,—,681,5,16,1041.1,123,1.3,0.54,—,0.52,0.06,
其他类-其他,219037,蜂胶液,,100,1.6,—,—,0.2,—,—,—,—,0.2,—,—,—,Tr,0.03,—,—,—,—,—,—,49,26,40,6.9,5,5.5,0.61,—,—,—,
其他类-其他,219038,蛤蟆油,,100,39.0,241,1022,31.4,1.9,24.6,—,—,3.1,—,—,—,0.09,0.65,—,—,—,—,—,—,86,300,717,251.6,135,3.7,1.50,—,0.68,2.20,
其他类-其他,219039,龟甲,,100,5.9,134,567,26.4,2.0,2.6,—,—,63.1,—,—,—,0.07,0.08,—,—,—,—,—,—,2778,10000,19,457.5,311,20.1,10.00,—,0.40,1.80,
其他类-其他,219040,刺猬皮,,100,5.8,357,1508,69.2,8.6,0.8,—,—,15.6,—,—,—,Tr,0.12,—,—,—,—,—,—,967,240,404,285.9,1680,92.9,8.30,—,1.25,2.56,
其他类-其他,219041,蜂王浆,,100,67.3,—,—,14.6,—,—,—,—,1.1,—,—,—,0.08,0.27,—,—,—,—,—,—,9,230,282,15.6,35,1.3,2.40,—,0.49,0.07,
其他类-其他,219042,裙边（干）,,100,14.8,337,1433,81.6,1.2,0.0,—,—,2.9,—,—,—,Tr,0.08,—,—,—,—,—,—,154,178,84,317.5,42,33.6,1.78,—,0.09,0.77,
其他类-其他,219043,鱼肚（干）,,100,31.6,312,1324,75.6,1.0,0.0,—,—,0.4,—,—,—,Tr,0.00,—,—,—,—,—,—,34,25,1,11.7,3,7.0,1.22,—,0.26,0.19,
其他类-其他,219044,鱼唇（干）,,100,15.0,347,1451,83.1,1.6,0.0,—,—,2.9,—,—,—,Tr,0.00,—,—,—,—,—,—,282,280,60,177.9,43,10.3,4.53,—,0.10,0.30,
动物油脂类-动物油脂,191001,牛油（板油）,Beef tallow,100,6.2,835,3435,Tr,92.0,1.8,0.0,153,—,54,—,54,—,—,—,—,—,—,—,—,9,9,3,9.4,1,3.0,0.79,,0.01,Tr,北京
动物油脂类-动物油脂,191002,牛油（炼）,Beef tallow，rendered,100,0.2,898,3691,Tr,99.7,0.1,0.0,135,Tr,89,—,89,Tr,0.03,0.20,—,4.60,—,—,—,—,—,—,—,—,—,—,—,—,—,
动物油脂类-动物油脂,191003,鸭油（炼）,Duck fat，rendered,100,0.3,897,3689,Tr,99.7,0.0,0.0,83,—,71,—,71,—,—,—,—,—,—,—,—,—,—,—,—,—,—,—,—,—,—,北京
动物油脂类-动物油脂,191004,羊油（板油）,Sheep fat，unrendered，leaf fat,100,4.0,824,3392,Tr,88.0,8.0,0.0,110,—,33,—,33,—,—,—,—,1.08,1.08,Tr,Tr,Tr,18,12,13.2,1,1.0,Tr,,0.06,Tr,北京
动物油脂类-动物油脂,191005,羊油（炼）,Sheep fat，rendered,100,0.1,895,3678,Tr,99.0,0.9,0.0,107,—,,—,,—,—,—,—,—,—,—,—,—,—,—,—,—,—,—,—,—,—,甘肃
动物油脂类-动物油脂,191006,猪油（板油）,Lard（leaf lard），unrendered,100,4.0,827,3404,Tr,88.7,7.2,0.0,110,0.1,89,—,89,—,—,—,—,21.83,0.63,15.00,6.20,Tr,10,14,138.5,1,2.1,0.80,,0.05,0.63,
动物油脂类-动物油脂,191007,猪油（炼）,Lard，rendered,100,0.2,897,3689,Tr,99.6,0.2,0.0,93,Tr,27,—,27,0.02,0.03,Tr,—,5.21,5.21,Tr,Tr,—,—,—,—,—,—,—,—,—,—,
坚果种子类-树坚果,071001,白果（干）［银杏］,"Ginkgo nut, in shell, dried",67,9.9,355,1485,13.2,1.3,72.6,—,0,3.0,—,—,0,—,0.10,Tr,Tr,24.70,—,—,—,54,23,17,17.5,Tr,0.2,0.69,14.50,0.45,2.03,河北
坚果种子类-树坚果,071002,菠萝蜜,Jackfruit seed,97,57.0,164,688,4.9,0.3,36.7,2.3,0,1.1,—,—,0,0.31,0.16,0.90,16.0,0.12,—,—,—,18,68,400,11.5,27,1.6,0.54,10.47,0.27,0.30,广东
坚果种子类-树坚果,071003,核桃（鲜）,"Walnut, in shell",43,49.8,336,1406,12.8,29.9,6.1,4.3,0,1.4,—,—,0,0.07,0.14,1.40,10.0,41.17,—,—,—,—,—,—,—,—,—,—,—,—,—,甘肃
坚果种子类-树坚果,071004,核桃（干）［胡桃］,"Walnut, in shell, dried",43,5.2,646,2704,14.9,58.8,19.1,9.5,0,2.0,3,30,0,0.15,0.14,0.90,1.0,43.21,0.82,39.44,2.95,56,294,385,6.4,131,2.7,2.17,4.62,1.17,3.44,
坚果种子类-树坚果,071005,毛核桃,"*Mockernut* hikory, wild",38,57.6,184,771,12.0,6.7,21.7,5.4,0,2.0,—,—,0,0.09,0.10,1.50,40.0,—,—,—,—,—,—,—,—,—,—,—,—,—,—,甘肃
坚果种子类-树坚果,071006,山核桃（干）,"Wild walnut or hickory nut, in shell, dried",24,2.2,616,2576,18.0,50.4,26.2,7.4,0,3.2,3,30,0,0.16,0.09,0.50,—,65.55,2.14,61.24,2.17,57,521,237,250.7,306,6.8,6.42,0.87,2.14,8.16,
坚果种子类-树坚果,071008,栗子（鲜）［板栗］,"Chestnut, in shell",80,52.0,188,789,4.2,0.7,42.2,1.7,0,0.9,16,190,0,0.14,0.17,0.80,24.0,4.56,Tr,4.44,0.12,17,89,442,13.9,50,1.1,0.57,1.13,0.40,1.53,
坚果种子类-树坚果,071009,栗子（干）［板栗］,"Chestnut, in shell, dried",73,13.4,348,1455,5.3,1.7,78.4,1.2,0,1.2,3,30,0,0.08,0.15,0.80,25.0,11.45,—,—,—,—,—,—,8.5,56,1.2,1.32,—,1.34,1.14,河北
坚果种子类-树坚果,071010,栗子（熟）［板栗］,"Chestnut, in shell",78,46.6,214,897,4.8,1.5,46.0,1.2,0,1.1,20,240,0,0.19,0.13,1.20,36.0,—,—,—,—,15,91,—,—,—,1.7,—,—,—,—,北京
坚果种子类-树坚果,071011,松子（生）,"Pine-nut, in shell",32,3.0,665,2782,12.6,62.6,19.0,12.4,0,2.8,3,40,0,0.41,0.09,3.80,—,34.48,19.60,14.34,0.54,3,620,184,—,567,5.9,9.02,0.63,2.68,10.35,哈尔滨
坚果种子类-树坚果,071012,松子（炒）,"Pine-nut, in shell, roasted",31,3.6,644,2693,14.1,58.5,21.4,12.4,0,2.4,3,30,0,—,0.11,3.80,Tr,25.20,14.30,10.34,0.56,161,227,612,3.0,186,5.2,5.49,0.62,1.21,7.40,北京
坚果种子类-树坚果,071013,松子仁,"Pine-nut, kernel",100,0.8,718,3003,13.4,70.6,12.2,10.0,0,3.0,1,10,0,0.19,0.25,4.00,—,32.79,17.68,14.76,0.35,78,569,502,10.1,116,4.3,4.61,0.74,0.95,6.01,北京
坚果种子类-树坚果,071014,杏仁,Almond kernel,100,5.6,578,2419,22.5,45.4,23.9,8.0,0,2.6,—,—,0,0.08,0.56,—,26.0,18.53,—,—,—,97,27,106,8.3,178,2.2,4.30,15.65,0.80,0.77,
坚果种子类-树坚果,071015,杏仁（大杏仁）,"Almond kernel, large",100,6.2,540,2259,19.9,42.9,27.8,18.5,0,3.2,—,—,0,0.02,1.82,—,26.0,—,—,—,—,49,4,169,—,—,1.2,4.06,27.06,0.67,0.72,河北
坚果种子类-树坚果,071016,杏仁（炒）,"Almond kernel, in shell, roasted",91,2.1,618,2587,25.7,51.0,18.7,9.1,0,2.5,8,100,0,0.15,0.71,2.50,—,—,—,—,—,141,202,—,—,—,3.9,—,—,—,—,北京
坚果种子类-树坚果,071017,杏仁（原味）,Almond,100,5.3,596,2493,21.3,50.6,19.7,11.8,0,3.1,—,—,0,0.24,0.81,3.90,—,—,—,—,—,248,474,728,1.0,275,4.3,3.36,4.40,1.11,2.54,USA
坚果种子类-树坚果,071018,杏仁（漂白后）,"Almond, bleached",100,4.5,602,2518,21.9,50.6,19.9,10.4,0,3.0,—,—,0,0.20,0.56,3.70,—,—,—,—,—,216,480,687,28.0,275,3.7,3.12,4.40,1.17,2.24,USA
坚果种子类-树坚果,071019,杏仁（过油炸干）,"Almond, fried, whole",100,2.8,631,2642,21.2,55.2,17.7,10.5,0,3.1,—,—,0,0.09,0.78,3.70,—,—,—,—,—,291,466,699,1.0,274,3.7,3.07,4.40,0.96,2.46,USA
坚果种子类-树坚果,071020,杏仁（烤干，不加盐）,"Almond, roasted, without salt",100,2.6,617,2582,22.1,52.8,19.3,11.8,0,3.2,—,—,0,0.07,0.86,3.90,—,—,—,—,—,266,489,746,1.0,286,4.5,3.54,4.40,1.17,2.62,USA
坚果种子类-树坚果,071021,杏仁（烤干，加盐）,"Almond, roasted and salted, whole",100,2.6,617,2582,22.1,52.8,19.3,11.8,0,3.2,—,—,0,0.07,0.86,3.90,—,—,—,—,—,266,489,746,339.0,286,4.5,3.54,4.40,1.17,2.62,USA
坚果种子类-树坚果,071022,橡实［橡子，青冈子］,Blue Japanese oak,70,42.3,233,977,4.0,2.0,50.5,1.3,0,1.2,—,—,0,0.03,,—,7.0,—,—,—,—,112,64,—,—,—,5.8,—,—,—,—,贵州
坚果种子类-树坚果,071024,榛子（干）,"Hazelnut, in shell, dried",27,7.4,561,2348,20.0,44.8,24.3,9.6,0,3.5,4,50,0,0.62,0.14,2.50,Tr,36.43,29.22,6.83,0.38,104,422,1244,4.7,420,6.4,5.83,0.78,3.03,14.94,哈尔滨
坚果种子类-树坚果,071025,榛子（炒）,"Hazelnut, in shell , roasted",21,2.3,611,2555,30.5,50.3,13.1,8.2,0,3.8,9,70,0,0.21,0.22,9.80,—,25.20,14.30,10.34,0.56,815,423,686,153.0,502,5.1,3.75,2.40,2.00,18.47,北京
坚果种子类-树坚果,071026,山核桃（熟）［小核桃］,"Wild walnut or hickory nut, in shell, salted and roasted",45,2.8,658,2708,8.3,64.5,21.3,—,0,3.1,11,137,0,0.11,0.07,0.80,—,14.75,0.92,11.87,1.56,132,279,4,855.5,130,6.0,7.07,1.15,1.33,11.39,浙江
坚果种子类-树坚果,071027,栗子［板栗］,"Chestnut, in shell, raw, from Miyun, Beijing",80,53.3,186,789,4.4,1.6,39.6,2.0,0,1.1,3,40,0,—,—,—,23.2,3.94,—,—,—,16,72,—,—,—,0.4,5.60,1.20,—,—,北京密云
坚果种子类-树坚果,071028,栗子［板栗］,"Chestnut, in shell, raw, from Henan",80,51.2,192,811,4.4,1.4,41.9,3.1,0,1.1,4,48,0,—,—,—,24.2,3.06,—,—,—,19,95,—,—,—,0.2,8.00,1.40,—,—,河南
坚果种子类-树坚果,071029,栗子［板栗］,"Chestnut, in shell, raw, from Shandong",80,57.3,168,712,4.4,1.0,36.3,1.9,0,1.0,5,56,0,—,—,—,18.9,3.49,—,—,—,19,90,—,—,—,0.4,—,1.80,—,—,山东
坚果种子类-树坚果,071030,栗子［板栗］,"Chestnut, in shell, raw, from Qianxi, Hebei",80,53.6,182,771,3.8,0.9,40.7,2.1,0,1.0,4,44,0,—,—,—,26.1,4.82,—,—,—,17,84,—,—,—,0.6,7.13,—,—,—,河北迁西
坚果种子类-树坚果,071031,栗子［板栗］,"Chestnut, in shell, raw, from Xingtai, Hebei",80,53.6,183,776,4.3,1.1,39.9,1.8,0,1.1,4,44,0,—,—,—,15.4,3.14,—,—,—,19,73,—,—,—,0.6,5.60,0.95,—,—,河北邢台
坚果种子类-树坚果,071032,栗子仁（熟）,"Chestnut, roasted, shell removed",100,47.3,194,817,4.5,1.5,45.7,—,0,1.0,—,—,0,0.08,0.12,1.10,—,9.28,Tr,9.28,Tr,9,105,468,8.7,52,1.1,0.76,Tr,0.45,2.01,河北
坚果种子类-树坚果,071033,松子（熟）,"Pine nut, in shell, salted and roasted",69,3.4,553,2295,12.9,40.4,40.3,—,0,3.0,—,—,0,0.14,0.17,1.40,—,28.25,14.75,12.86,0.64,14,453,1007,666.0,272,3.9,4.32,0.59,1.01,1.36,广东
坚果种子类-树坚果,071034,杏仁（熟，带壳）,"Almond, in shell, salted and roasted",63,1.7,648,2676,25.1,58.4,11.0,—,0,3.8,—,—,0,0.06,0.66,2.60,—,35.54,32.42,2.45,0.67,240,565,668,195.8,218,2.7,2.21,3.33,1.00,1.93,广东
坚果种子类-树坚果,071035,杏仁（熟，去壳）,"Almond, shell removed, salted and roasted, large",100,3.1,625,2585,28.0,54.4,11.1,—,0,3.4,—,—,0,0.09,0.52,2.80,—,27.17,24.75,2.42,Tr,174,341,693,342.2,277,5.3,3.72,1.72,1.43,2.45,广东
坚果种子类-树坚果,071036,腰果（熟）,"Cashew nut, salted and roasted",100,2.1,615,2544,24.0,50.9,20.4,10.4,0,2.6,4,49,0,0.24,0.13,1.30,—,6.70,Tr,6.00,0.70,19,639,680,35.7,595,7.4,5.30,10.93,2.57,1.19,
坚果种子类-树坚果,071037,榛子（熟）,"Hazelnut, in shell, roasted",66,2.2,642,2652,12.5,57.3,25.6,12.9,0,2.4,—,—,0,0.17,0.11,1.00,—,22.81,19.76,3.05,Tr,95,369,1001,9.4,172,3.8,2.25,2.02,1.13,1.96,广东
坚果种子类-树坚果,071038,榛子仁（熟）,"Hazelnut, without shell, salted and roasted",100,2.2,628,2597,15.6,52.9,26.7,—,0,2.6,—,—,0,0.19,0.12,1.20,—,22.18,19.31,2.38,0.49,86,336,807,153.0,168,4.2,2.22,1.12,1.39,2.90,广东
坚果种子类-树坚果,071039,开心果（熟）,"Pistachio, in shell, salted and roasted",82,0.8,631,2610,20.6,53.0,21.9,8.2,0,3.7,—,—,0,0.45,0.10,1.10,—,19.36,1.05,17.55,0.76,108,468,735,756.4,118,4.4,3.11,6.50,0.83,1.69,甘肃
坚果种子类-树坚果,071040,香榧（熟）,"Chinese torreya, in shell, salted and roasted",61,1.1,644,2660,12.4,57.0,26.9,—,0,2.6,—,—,0,0.04,0.10,—,—,114.16,10.34,96.02,7.80,83,248,664,215.6,291,1.8,1.94,1.50,0.38,0.74,浙江
坚果种子类-种子,072001,胡麻子,False sesame seeds,98,6.9,450,1884,19.1,30.7,39.5,30.2,0,3.8,—,—,0,0.29,0.28,1.00,—,12.93,—,—,—,228,577,408,48.8,389,19.7,4.84,—,1.60,2.63,甘肃
坚果种子类-种子,072002,花生（鲜）［落花生，长生果］,Peanut，in shell，fresh,53,48.3,313,1310,12.0,25.4,13.0,7.7,0,1.3,1,10,0,—,0.04,14.10,14.0,2.93,1.69,1.24,Tr,8,250,390,3.7,110,3.4,1.79,4.50,0.68,0.65,北京
坚果种子类-种子,072003,花生（炒）,Peanut，in shell，roasted,71,4.1,601,2516,21.7,48.0,23.8,6.3,0,2.4,5,60,0,0.13,0.12,18.90,Tr,12.94,9.92,2.38,0.64,47,326,563,34.8,171,1.5,2.03,3.90,0.68,1.44,
坚果种子类-种子,072004,花生仁（生）,Peanut kernel，raw,100,6.9,574,2400,24.8,44.3,21.7,5.5,0,2.3,3,30,0,0.72,0.13,17.90,2.0,18.09,9.73,7.87,0.49,39,324,587,3.6,178,2.1,2.50,3.94,0.95,1.25,
坚果种子类-种子,072005,花生仁（炒）,Peanut kernel，roasted,100,1.8,589,2466,23.9,44.4,25.7,4.3,0,4.2,—,—,0,0.12,0.10,18.90,Tr,14.97,8.32,6.28,0.37,284,315,674,445.1,176,6.9,2.82,7.10,0.89,1.90,北京
坚果种子类-种子,072006,葵花子（生）,Sunflower seed，in shell,50,2.4,609,2548,23.9,49.9,19.1,6.1,0,4.7,3,30,0,0.36,0.20,4.80,Tr,34.53,31.47,2.93,0.13,72,238,562,5.5,264,5.7,6.03,1.21,2.51,1.95,甘肃
坚果种子类-种子,072007,葵花子（炒，咸）,Sunflower seed，in shell，roasted,52,2.0,625,2616,22.6,52.8,17.3,4.8,0,5.3,3,30,0,0.43,0.26,4.8,Tr,26.46,25.04,1.42,Tr,72,564,491,1322.0,267,6.1,5.91,2.00,1.95,1.98,
坚果种子类-种子,072008,葵花子仁,Sunflower seed kernel,100,7.8,615,2572,19.1,53.4,16.7,4.5,0,3.0,—,—,0,1.89,0.16,4.5,Tr,79.09,74.50,4.44,0.15,115,604,547,5.0,287,2.9,0.50,5.78,0.56,1.07,上海
坚果种子类-种子,072009,莲子（干）,Lotus seed，dried,100,9.5,350,1463,17.2,2.0,67.2,3.0,0,4.1,—,—,0,0.16,0.08,4.2,5.0,2.71,0.93,1.78,Tr,97,550,846,5.1,242,3.6,2.78,3.36,1.33,8.23,
坚果种子类-种子,072010,莲子（糖水罐头）,Lotus seed，in sugar syrup,100,49.2,202,845,2.8,0.5,46.9,0.7,0,0.6,—,—,0,0.04,0.09,1.5,Tr,—,—,—,—,24,133,27,8.7,9,Tr,Tr,2.43,0.03,—,武汉
坚果种子类-种子,072011,南瓜子（炒）［白瓜子］,Pumpkin seed，in shell，roasted,68,4.1,582,2436,36.0,46.1,7.9,4.1,0,5.9,—,—,0,0.08,0.16,3.3,—,27.28,1.10,9.75,16.43,37,,672,15.8,376,6.5,7.12,27.03,1.44,3.85,
坚果种子类-种子,072012,南瓜子仁,Pumpkin seed kernel,100,9.2,576,2408,33.2,48.1,4.9,4.9,0,4.6,—,—,0,0.23,0.09,1.8,Tr,13.25,3.67,9.58,Tr,16,1159,102,20.6,2,1.5,2.57,2.78,1.11,0.64,上海
坚果种子类-种子,072013,西瓜子（炒）,Watermelon seed，roasted，in shell,43,4.3,582,2434,32.7,44.8,14.2,4.5,0,4.0,—,—,0,0.04,0.08,3.4,Tr,1.23,1.23,Tr,Tr,28,765,612,187.7,448,8.2,6.76,23.44,1.82,1.82,
坚果种子类-种子,072014,西瓜子,Watermelon seed，processed，in shell，plum flavored,38,5.0,567,2372,30.3,46.5,13.4,13.2,0,4.8,—,—,0,0.03,0.05,3.2,—,2.71,1.11,1.11,0.49,392,868,516,133.7,18,4.4,5.88,6.20,1.91,1.45,青岛
坚果种子类-种子,072015,西瓜子仁,Watermelon seed，kernel,100,9.2,566,2369,32.4,45.9,8.6,5.4,0,3.9,—,—,0,0.20,0.08,1.4,Tr,27.37,2.23,25.14,Tr,Tr,818,186,9.4,1,4.7,0.39,11.00,0.04,1.21,上海
坚果种子类-种子,072016,芝麻子（白）,Sesame seed，white,100,5.3,536,2244,18.4,39.6,31.5,9.8,0,5.2,—,—,0,0.36,0.26,3.8,—,38.28,Tr,37.22,1.06,620,513,266,32.2,202,14.1,4.21,4.06,1.41,1.17,
坚果种子类-种子,072017,芝麻子（黑）,Sesame seed，black,100,5.7,559,2340,19.1,46.1,24.0,14.0,0,5.1,—,—,0,0.66,0.25,5.9,—,50.40,Tr,49.04,1.36,780,516,358,8.3,290,22.7,6.13,4.70,1.77,17.85,
坚果种子类-种子,072018,芡实米（鲜）［鸡头米］,Gorgon foxnut seeds，fresh,47,63.4,145,605,4.4,0.2,31.5,0.4,0,0.5,—,—,0,0.40,0.08,2.5,6.0,—,—,—,—,9,110,—,—,—,0.4,—,—,—,—,北京
坚果种子类-种子,072019,芡实米（干）［鸡头米］,Gorgon euryale seed,100,11.4,352,1475,8.3,0.3,79.6,0.9,0,0.4,—,—,0,0.30,0.09,0.4,—,—,—,—,—,37,56,60,28.4,16,0.5,1.24,6.03,0.63,1.51,
坚果种子类-种子,072020,花生（烤，勤俭牌）,Peanut，in shell，salted and roasted，QINJIAN,72,2.5,586,2429,26.4,46.3,21.2,10.4,0,3.6,4,47,0,0.25,0.08,12.1,—,13.88,7.00,6.12,0.76,79,376,541,79.4,200,2.1,3.61,2.19,1.23,1.56,四川
坚果种子类-种子,072021,花生（烤，密日兴牌）,Peanut，in shell，salted and roasted，MIRIXING,71,3.1,475,1987,16.6,22.3,55.9,7.9,0,2.1,43,518,0,0.20,0.08,10.0,—,8.05,—,—,—,23,299,344,171.1,51,2.6,2.61,5.44,0.34,—,北京
坚果种子类-种子,072022,花生仁（油炸）,Peanut，without shell，fried，salted,100,1.3,583,2411,22.2,47.1,26.2,17.2,0,3.2,—,—,0,0.30,0.08,—,—,8.70,—,—,—,20,474,551,207.8,84,1.6,3.16,—,0.56,—,北京
坚果种子类-种子,072023,葵花子（熟，奶油香）,Sunflower seed，in shell，salted and roasted，butter flavor,51,1.4,620,2560,22.7,54.1,17.9,14.6,0,3.9,—,—,0,0.54,0.12,2.5,—,21.79,17.56,2.85,1.38,77,925,423,604.3,412,6.7,7.62,12.49,2.53,2.57,甘肃
坚果种子类-种子,072024,葵花子（熟，原味）,Sunflower seed，in shell，salted and roasted,48,2.7,591,2445,28.5,49.0,15.1,8.2,0,4.7,4,52,0,0.94,0.12,2.1,—,11.70,8.90,1.61,1.19,112,1032,399,634.7,509,6.4,7.45,56.68,2.42,3.48,甘肃
坚果种子类-种子,072025,南瓜子（熟）［白瓜子］,Pumpkin seed，in shell，salted and roasted,69,3.2,615,2543,26.6,52.8,12.9,9.1,0,4.5,7,81,0,0.20,0.10,3.0,—,31.06,0.91,17.29,12.86,26,1034,610,145.1,424,9.1,7.77,2.42,1.32,4.38,甘肃
坚果种子类-种子,072026,西瓜子（熟）［黑瓜子］,Watermelon seed，in shell，salted and roasted,38,10.7,550,2276,29.0,46.0,9.5,8.9,0,4.8,Tr,Tr,0,0.06,0.06,1.1,—,21.10,3.48,16.62,Tr,44,1080,880,599.4,437,7.7,5.02,22.64,1.87,2.12,甘肃
干豆类及其制品-其他,039101,扁豆（干）,"Hyacinth bean, green, dried",100,9.9,339,1420,25.3,0.4,61.9,6.5,0,2.5,3,30,0,0.26,0.45,2.60,—,1.86,—,—,—,137,218,439,2.3,92,19.2,1.90,32.00,1.27,1.19,甘肃
干豆类及其制品-其他,039102,扁豆（干，白）,"Hyacinth bean, white, dried",100,19.4,283,1185,19.0,1.3,55.6,13.4,0,4.7,—,—,0,0.33,0.11,1.20,—,0.89,0.01,0.53,0.35,68,340,1070,1.0,163,4.0,1.93,1.17,0.52,1.31,上海
干豆类及其制品-其他,039201,眉豆（干）［饭豇豆］,"Cowpea, catjang, dried",100,12.0,334,1395,18.6,1.1,65.6,6.6,0,2.7,—,—,0,0.15,0.18,2.10,—,12.29,Tr,4.89,7.40,60,310,525,86.5,171,5.5,4.70,2.89,0.86,2.14,广东
干豆类及其制品-其他,039202,豇豆（干）,"Common cowpea, dried",100,10.9,336,1407,19.3,1.2,65.6,7.1,0,3.0,5,60,0,0.16,0.08,1.90,—,8.61,5.34,3.27,Tr,40,344,737,6.8,36,7.1,3.04,5.74,2.10,1.07,
干豆类及其制品-其他,039203,豇豆（干，紫）,"Cowpea, purple, dried",100,11.2,329,1375,18.9,0.4,65.8,6.9,0,3.7,2,20,0,0.22,0.09,2.40,—,11.42,0.88,3.73,6.81,67,345,500,4.0,41,7.9,1.61,1.52,1.42,0.98,
干豆类及其制品-其他,039204,豇豆（煮）,"Cowpea, boiled",100,64.8,133,556,9.5,0.6,24.0,1.8,0,1.1,1,9,0,0.26,0.28,0.80,1.0,—,—,—,—,29,87,400,Tr,—,3.4,—,—,—,—,
干豆类及其制品-其他,039301,豌豆（干）,"Carden pea, dried",100,10.4,334,1395,20.3,1.1,65.8,10.4,0,2.4,21,250,0,0.49,0.14,2.40,—,8.47,Tr,8.28,0.19,97,259,823,9.7,118,4.9,2.35,1.69,0.47,1.15,
干豆类及其制品-其他,039302,豌豆（花）,"Carden pea, variegated",100,11.5,336,1406,21.6,1.0,63.6,6.9,0,2.3,20,240,0,0.68,0.22,2.40,—,9.63,0.11,9.27,0.25,106,218,736,3.2,112,4.4,2.47,9.72,0.54,1.17,
干豆类及其制品-其他,039303,豌豆（煮）,"Pea, boiled",100,70.5,107,448,8.9,0.3,19.2,2.4,0,1.1,3,33,0,0.22,0.09,1.90,14.0,—,—,—,—,29,129,230,1.0,—,2.3,—,—,—,—,
干豆类及其制品-其他,039401,鹰嘴豆［桃豆］,"Chickpeas, dried, raw",100,11.3,340,1433,21.2,4.2,60.1,11.6,0,3.3,7,86,0,0.41,0.25,—,3.5,11.61,—,—,—,150,450,830,6.0,210,3.4,1.50,—,0.44,2.20,北京
干豆类及其制品-其他,039901,荆豆（干）,"Gorse, dried",100,9.0,407,1702,43.6,14.3,28.5,5.2,0,4.6,21,250,0,—,0.25,1.80,Tr,—,—,—,—,207,785,—,—,—,7.3,—,—,—,—,陕西
干豆类及其制品-其他,039902,木豆（干）［扭豆，豆蓉］,"Cajan, dried",100,10.7,348,1454,19.8,4.5,58.8,3.7,0,6.2,—,—,0,0.66,,—,Tr,—,—,—,—,231,528,—,—,—,12.5,—,—,—,—,广西
干豆类及其制品-大豆,031101,黄豆［大豆］,Soybean,100,10.2,390,1631,35.0,16.0,34.2,15.5,0,4.6,18,220,0,0.41,0.20,2.10,—,18.90,0.90,13.39,4.61,191,465,1503,2.2,199,8.2,3.34,6.16,1.35,2.26,
干豆类及其制品-大豆,031102,黑豆（干）［黑大豆］,Black soybean,100,9.9,401,1678,36.0,15.9,33.6,10.2,0,4.6,3,30,0,0.20,0.33,2.00,—,17.36,0.97,11.78,4.61,224,500,1377,3.0,243,7.0,4.18,6.79,1.56,2.83,
干豆类及其制品-大豆,031103,青豆（干）［青大豆］,Green soybean,100,9.5,398,1667,34.5,16.0,35.4,12.6,0,4.6,66,790,0,0.41,0.18,3.00,—,10.09,0.40,6.89,2.80,200,395,718,1.8,128,8.4,3.18,5.62,1.38,2.25,
干豆类及其制品-大豆,031104,黄豆,Soybean，yellow,100,9.2,407,1704,33.1,15.9,37.3,9.0,0,4.5,3,40,0,0.11,0.22,1.53,—,—,—,—,—,123,418,1276,13.8,211,35.8,4.61,2.03,1.17,2.03,
干豆类及其制品-大豆,031201,黄豆粉,Soybean flour,100,6.7,432,1807,32.7,18.3,37.6,7.0,0,4.7,32,380,0,0.31,0.22,2.50,—,33.69,Tr,20.44,13.25,207,395,1890,3.6,129,8.1,3.89,2.47,1.39,2.00,
干豆类及其制品-大豆,031202,豆腐花［豆腐粉］,Soybean milk powder,100,1.6,401,1676,10.0,2.6,84.3,Tr,0,1.5,21,250,0,0.02,0.03,0.40,—,5.00,Tr,2.65,2.35,175,95,339,Tr,60,3.3,0.75,1.70,0.28,0.52,北京
干豆类及其制品-大豆,031203,豆浆粉,Soybean milk powder,100,1.5,426,1783,19.7,9.4,66.8,2.2,0,2.6,—,—,0,0.07,0.05,0.70,—,17.99,2.06,4.65,11.28,101,253,771,26.4,122,3.7,1.77,3.30,0.69,1.24,浙江
干豆类及其制品-大豆,031206,豆奶粉（维维牌）,Soybean milk powder，WEIWEI，cow's milk and sugar added,100,2.4,421,1777,19.4,9.4,65.2,1.0,0,3.6,1525,—,1525,1.01,1.32,3.59,32.0,30.10,—,—,—,635,393,571,221.3,47,8.3,6.25,—,—,—,江苏
干豆类及其制品-大豆,031207,豆奶粉（多力牌）,Soybean milk powder，DUOLI，cow's milk powder，egg powder and sugar added，calcium fortified,100,2.6,405,1712,12.3,6.5,76.4,—,0,2.2,—,—,—,0.10,0.08,0.49,—,6.68,0.56,3.92,2.20,268,241,540,151.4,60,1.7,0.95,1.10,0.29,0.46,江苏
干豆类及其制品-大豆,031208,豆奶粉（大磨牌）,Soybean milk powder，DAMO，cow's milk added，calcium and iron fortified，unsweetened,100,4.3,432,1821,27.4,13.0,51.6,0.3,0,3.7,—,—,—,0.46,1.01,—,16.0,22.18,7.18,10.08,4.92,281,486,720,99.2,152,4.5,7.14,3.96,1.12,1.31,黑龙江
干豆类及其制品-大豆,031301x,豆腐（代表值）,Tofu，Soybean curd，semisoft,100,83.8,84,351,6.6,5.3,3.4,—,0,0.9,—,—,0,0.06,0.02,0.21,Tr,5.79,0.40,3.19,2.33,78,82,118,5.6,41,1.2,0.57,1.50,0.08,0.12,
干豆类及其制品-大豆,031304,豆腐（内酯）,Tofu，Soybean curd，coagulated with gluconalactone，soft,100,89.2,50,207,5.0,1.9,3.3,0.4,0,0.6,—,—,0,0.06,0.03,0.30,—,3.26,Tr,1.12,2.14,17,57,95,6.4,24,0.8,0.55,0.81,0.13,0.26,
干豆类及其制品-大豆,031305,豆腐脑［老豆腐］,Soybean curd，soft，cooked with pickled vegetables,100,96.7,15,62,1.9,0.8,0.0,Tr,0,0.6,—,—,0,0.04,0.02,0.40,—,10.46,—,—,—,18,5,107,2.8,28,0.9,0.49,Tr,0.26,0.25,河北
干豆类及其制品-大豆,031306,豆腐（北豆腐）,Tofu，Soybean curd，semisoft，Northern style,100,78.6,116,482,9.2,8.1,3.0,—,0,1.1,—,—,0,0.05,0.02,0.11,Tr,8.40,0.46,5.02,2.92,105,112,106,7.3,63,1.5,0.74,2.46,0.06,0.07,北京
干豆类及其制品-大豆,031307,豆腐（南豆腐）,Tofu，Soybean curd，soft，Southern style,100,83.6,87,363,5.7,5.8,3.9,—,0,1.0,—,—,0,0.06,0.02,Tr,Tr,5.72,0.34,3.44,1.94,113,76,154,3.1,36,1.2,0.43,1.23,0.04,0.03,北京
干豆类及其制品-大豆,031402,豆奶［豆乳］,Soybean milk，mixed with bovine milk,100,94.0,30,127,2.4,1.5,1.8,Tr,5,0.3,—,—,0,0.02,0.06,0.30,—,4.50,4.50,Tr,Tr,23,35,92,3.2,7,0.6,0.24,0.73,5.57,0.11,
干豆类及其制品-大豆,031403,豆汁（生）,*Sour soybean drink*，fermented ground beans,100,97.4,10,41,0.9,0.1,1.4,0.1,0,0.2,Tr,—,Tr,0.02,0.02,0.10,—,0.34,Tr,0.30,0.04,8,21,47,6.5,6,0.4,0.11,0.25,0.05,—,北京
干豆类及其制品-大豆,031404,酸豆奶,Sour soybean milk，fermented,100,84.5,67,279,2.2,1.2,11.8,Tr,0,0.3,—,—,0,0.06,,0.70,—,1.11,Tr,0.42,0.69,32,22,70,18.6,16,0.4,0.21,0.20,0.08,0.12,北京
干豆类及其制品-大豆,031405,豆浆,Soybean milk ，unsweetened,100,93.8,31,128,3.0,1.6,1.2,—,0,0.4,—,—,0,0.02,0.02,0.14,Tr,1.06,0.06,0.56,0.44,5,42,117,3.7,15,0.4,0.28,Tr,0.16,0.16,北京
干豆类及其制品-大豆,031406,豆浆（甜）,Soybean milk ，sweetened,100,91.8,34,142,2.4,0.5,4.9,0.1,0,0.4,—,—,0,0.04,0.02,0.15,Tr,1.27,—,—,—,27,21,54,—,15,0.5,0.27,0.10,0.08,—,北京
干豆类及其制品-大豆,031501,豆腐丝,Soybean curd sheet，thin strip，semisoft,100,58.4,203,850,21.5,10.5,6.2,1.1,0,3.4,3,30,0,0.04,0.12,0.50,—,9.76,Tr,4.87,4.89,204,220,74,20.6,127,9.1,2.04,1.39,0.29,1.71,
干豆类及其制品-大豆,031502,豆腐丝（干）,Soybean curd sheet，thin strip，dried,100,7.4,451,1886,57.7,22.8,3.7,Tr,0,8.4,—,—,0,0.30,0.60,—,—,7.80,—,—,—,5,74,7,110.0,—,1.3,3.59,2.72,0.26,2.40,河北
干豆类及其制品-大豆,031503,豆腐丝（油）,Soybean curd sheet，thin strip，deep fried,100,38.2,304,1273,24.2,17.1,14.5,2.2,0,6.0,2,20,0,0.02,0.09,1.80,—,17.80,1.78,10.21,5.81,152,423,208,769.4,93,5.0,2.98,6.10,0.27,1.37,北京
干豆类及其制品-大豆,031504,豆腐卷,Soybean curd sheet，rolled,100,61.6,203,849,17.9,11.6,7.2,1.0,0,1.7,15,180,0,0.02,0.04,0.40,—,27.63,1.47,19.14,7.02,156,288,82,81.1,152,6.1,2.76,2.51,0.42,1.66,山东
干豆类及其制品-大豆,031506,油豆腐,"Soybean curd, diced, deep fried",100,58.8,245,1024,17.0,17.6,4.9,0.6,0,1.7,3,30,0,0.05,0.04,0.30,—,24.70,1.89,14.28,8.53,147,238,158,32.5,72,5.2,2.03,0.63,0.30,1.38,
干豆类及其制品-大豆,031507,腐竹,"Soybean milk film, stick shaped, skimmed from soy milk, dried",100,7.9,461,1928,44.6,21.7,22.3,1.0,0,3.5,—,—,0,0.13,0.07,0.80,—,27.84,1.43,19.13,7.28,77,284,553,26.5,71,16.5,3.69,6.65,1.31,2.55,
干豆类及其制品-大豆,031508,枝竹,"*Soy bamboo* film, skimmed from soy milk, rolled",100,6.9,478,1999,44.4,24.7,20.8,2.7,0,3.2,—,—,0,0.11,0.07,0.90,—,26.78,—,—,—,49,490,837,83.0,162,10.8,3.20,6.14,0.78,2.90,广东
干豆类及其制品-大豆,031509,千张［百页］,"Soybean curd sheet, semisoft",100,52.0,262,1096,24.5,16.0,5.5,1.0,0,2.0,3,30,0,0.04,0.05,0.20,—,23.38,0.94,10.42,12.02,313,309,94,20.6,80,6.4,2.52,1.75,0.46,1.96,
干豆类及其制品-大豆,031510x,豆腐干（代表值）,"Soybean curd slab, semisoft",100,61.3,197,823,14.9,11.3,9.6,—,0,3.1,2,25,0,0.02,0.05,0.40,Tr,13.00,3.46,9.32,2.54,447,174,137,329.0,69,7.1,1.84,7.12,0.41,1.07,
干豆类及其制品-大豆,031511,豆腐干（菜干）,"Soybean curd slab, salted, semisoft",100,71.3,137,573,13.4,7.1,5.0,0.3,0,3.2,—,—,0,0.01,0.01,0.30,—,0.62,Tr,Tr,0.62,179,79,70,633.6,81,3.0,1.39,0.50,0.15,0.81,北京
干豆类及其制品-大豆,031512,豆腐干（臭干）,"Fermented soybean curd slab, semisoft, pungent",100,77.9,99,416,10.2,4.6,4.5,0.4,0,2.8,—,—,0,0.02,0.11,0.10,—,—,—,—,—,720,166,136,33.8,40,4.2,0.98,3.34,0.31,0.85,
干豆类及其制品-大豆,031513,豆腐干（酱油干）,"Soybean curd slab, with soy sauce, semisoft",100,70.2,157,656,14.9,9.1,4.0,0.3,0,1.8,—,—,0,0.02,0.03,—,—,16.41,4.57,10.82,1.02,413,188,130,90.3,46,5.9,1.18,—,1.28,1.36,合肥
干豆类及其制品-大豆,031514,豆腐干（卤干）,"Soybean curd slab, cooked in soy sauce, semisoft",100,32.4,339,1417,14.5,16.7,33.4,1.6,0,3.0,—,—,0,0.03,0.14,0.20,—,—,—,—,—,731,162,134,40.9,43,3.9,3.61,—,0.57,0.84,江苏
干豆类及其制品-大豆,031515,豆腐干（蒲包干）,"Soybean curd slab, semisoft",100,72.5,135,566,12.1,5.7,8.9,Tr,0,0.8,—,—,0,0.02,0.01,—,—,14.09,3.85,9.78,0.46,134,57,236,633.1,21,9.1,1.73,—,0.22,0.98,合肥
干豆类及其制品-大豆,031516,豆腐干（香干）,"Soybean curd slab, cooked with spices, semisoft",100,69.2,152,637,15.8,7.8,5.1,0.8,0,2.1,3,40,0,0.04,0.03,0.30,—,15.85,4.69,10.09,1.07,299,219,99,234.1,88,5.7,1.59,3.15,0.41,1.19,
干豆类及其制品-大豆,031517,豆腐干（小香干）,"Soybean curd slab, spiced, semisoft",100,61.0,174,729,17.9,9.1,5.4,0.4,0,6.6,—,—,0,0.03,0.07,Tr,—,7.39,0.28,2.83,4.28,1019,177,141,372.3,87,23.3,2.55,23.60,0.38,1.61,杭州
干豆类及其制品-大豆,031518,豆腐干（熏干）,"Soybean curd slab, smoked, semisoft",100,67.5,154,643,15.8,6.2,8.8,0.3,0,1.7,1,10,0,0.03,0.01,1.00,—,7.03,Tr,4.04,2.99,173,109,136,232.7,109,3.9,1.80,8.90,0.22,1.05,北京
干豆类及其制品-大豆,031519,豆肝尖,"Soybean curd pieces, cooked with spices, semisoft",100,57.6,203,849,17.2,12.0,9.4,5.7,0,3.8,—,—,0,0.01,0.06,0.10,—,37.58,1.83,26.91,8.84,5,209,24,614.5,25,7.4,1.90,3.19,0.11,1.40,青岛
干豆类及其制品-大豆,031520,素大肠,"*Soy intestine*, rolled sheet, cooked with spices, semisoft",100,63.0,155,648,18.1,3.6,13.0,1.0,0,2.3,—,—,0,0.02,0.02,0.10,—,—,—,—,—,445,249,179,144.7,56,3.8,4.03,—,1.06,1.14,江苏
干豆类及其制品-大豆,031521,素火腿,"*Soy ham*, rolled sheet, cooked with spices, semisoft",100,55.0,213,890,19.1,13.2,4.8,0.9,0,7.9,—,—,0,0.01,0.03,0.10,—,25.99,4.17,21.82,Tr,8,115,24,675.9,25,7.3,1.96,3.18,0.16,1.57,青岛
干豆类及其制品-大豆,031522,素鸡,"*Soy chicken *, rolled sheet, cooked with spices, semisoft",100,64.3,194,810,16.5,12.5,4.2,0.9,0,2.5,5,60,0,0.02,0.03,0.40,—,17.80,0.69,6.64,10.47,319,180,42,373.8,61,5.3,1.74,6.73,0.27,1.12,
干豆类及其制品-大豆,031523,素鸡丝卷,"*Soy chicken shreds*, thin strip of rolled sheet, with spices",100,63.5,197,826,11.2,13.7,10.1,5.6,0,1.5,3,30,0,0.03,0.04,0.50,—,27.72,—,—,—,103,261,56,—,121,6.0,1.52,2.29,0.22,1.63,哈尔滨
干豆类及其制品-大豆,031524,素什锦,"Mixed soybean curd, cooked with soy sauce, semisoft",100,65.3,177,741,14.0,10.2,8.3,2.0,0,2.2,—,—,0,0.07,0.04,0.50,—,9.51,2.19,4.90,2.42,174,186,143,475.1,45,6.0,1.25,2.80,0.21,1.06,北京
干豆类及其制品-大豆,031525,炸素虾,"*Soy shrimp*, spices, deep fried",100,3.4,582,2434,27.6,44.4,19.3,2.7,0,5.3,—,—,0,0.04,0.02,1.60,—,50.79,9.67,25.31,15.81,251,245,211,1440.0,110,6.3,2.49,4.30,0.37,1.03,北京
干豆类及其制品-大豆,031526,烤麸,"Wheat gluten, cooked with soy sauce and sugar",100,68.6,121,507,20.4,0.3,9.3,0.2,0,1.4,—,—,0,0.04,0.05,1.20,—,0.42,0.24,0.18,Tr,30,72,25,230.0,38,2.7,1.19,—,0.25,0.73,上海
干豆类及其制品-大豆,031527,豆腐皮,"Soybean sheet, dried, skimmed from soybean milk",100,9.4,447,1868,51.6,23.0,12.5,—,0,3.5,23,280,0,0.22,0.12,0.91,Tr,46.55,2.66,27.98,15.91,239,494,877,7.4,179,11.7,4.08,2.26,1.17,2.71,辽宁
干豆类及其制品-大豆,031528,腐竹,"Soybean stick, dried, skimmed from soybean milk",100,7.1,485,2024,54.2,27.2,8.1,—,0,3.4,—,—,0,0.02,0.17,0.80,Tr,28.43,1.27,17.88,9.28,50,655,670,27.1,140,3.8,4.71,1.51,0.86,2.38,广西
干豆类及其制品-大豆,031529,豆腐干,"Soybean curd slab, semisoft",100,30.1,427,1768,19.6,35.2,11.4,—,0,3.7,—,—,0,0.02,0.08,0.47,Tr,29.63,3.92,18.34,7.37,352,408,153,690.2,109,4.8,1.77,3.20,0.11,0.92,浙江
干豆类及其制品-绿豆,032101,绿豆（干）,"Mung bean, dried",100,12.3,329,1376,21.6,0.8,62.0,6.4,0,3.3,11,130,0,0.25,0.11,2.00,—,10.95,Tr,10.66,0.29,81,337,787,3.2,125,6.5,2.18,4.28,1.08,1.11,
干豆类及其制品-绿豆,032102,绿豆面,Mung bean flour,100,9.6,341,1427,20.8,0.7,65.8,5.8,0,3.1,8,90,0,0.45,0.12,0.70,—,—,—,—,—,134,304,1055,3.3,—,8.1,2.68,10.58,1.55,—,郑州
干豆类及其制品-绿豆,032201,绿豆饼,Mung bean pancake,100,69.7,122,512,15.2,1.2,12.7,—,0,1.2,—,—,0,0.07,0.02,—,—,—,—,—,—,18,25,16,3.1,2,1.0,0.42,—,0.19,0.31,合肥
干豆类及其制品-芸豆,034101,花豆（干，红）,"Kidney bean, red, dried",100,14.8,328,1372,19.1,1.3,62.7,5.5,0,2.1,36,430,0,0.25,—,3.00,—,6.13,—,—,—,38,48,358,12.5,17,0.3,1.27,19.05,0.94,1.22,甘肃
干豆类及其制品-芸豆,034102,花豆（干，紫）,"Kidney bean, purple, dried",97,13.2,330,1380,17.2,1.4,65.8,7.4,0,2.4,23,280,0,0.14,—,2.70,—,9.64,—,—,—,221,169,641,19.6,120,5.9,3.40,74.06,0.92,1.08,甘肃
干豆类及其制品-芸豆,034103,芸豆（干，白）,"Kidney bean, white, dried",100,14.4,315,1320,23.4,1.4,57.2,9.8,0,3.6,—,—,0,0.18,0.26,2.40,—,6.16,—,—,—,—,—,—,—,—,—,—,—,—,—,甘肃
干豆类及其制品-芸豆,034104,芸豆（干，红）,"Kidney bean, red, dried",100,11.1,331,1384,21.4,1.3,62.5,8.3,0,3.7,15,180,0,0.18,0.09,2.00,—,7.74,0.20,7.14,0.40,176,218,1215,0.6,164,5.4,2.07,4.61,0.83,1.43,
干豆类及其制品-芸豆,034105,芸豆（干，虎皮）,"Kidney bean, variegated, dried",100,10.2,341,1427,22.5,0.9,62.5,3.5,0,3.9,—,—,0,0.37,0.28,2.10,—,6.02,—,—,—,156,66,809,3.3,31,1.7,1.20,9.75,0.53,1.02,甘肃
干豆类及其制品-芸豆,034106,芸豆（干，杂，带皮）,"Kidney bean, multi colored, dried",100,9.8,327,1369,22.4,0.6,63.3,10.5,0,3.9,—,—,0,—,—,—,—,—,—,—,—,349,386,1058,10.5,197,8.7,2.22,14.02,1.11,1.46,甘肃
干豆类及其制品-蚕豆,035101,蚕豆（干）,Broad bean，dried,100,13.2,338,1414,21.6,1.0,61.5,1.7,0,2.7,—,—,0,0.09,0.13,1.90,2.0,1.60,0.98,0.62,Tr,31,418,1117,86.0,57,8.2,3.42,1.30,0.99,1.09,青海
干豆类及其制品-蚕豆,035102,蚕豆（带皮）,Broad bean，with seed coat,93,11.5,326,1364,24.6,1.1,59.9,10.9,0,2.9,4,50,0,0.13,0.23,2.20,—,4.90,0.84,3.80,0.26,49,339,992,21.2,113,2.9,4.76,4.29,0.64,1.00,
干豆类及其制品-蚕豆,035103,蚕豆（去皮）,Broad bean，seed coat removed,100,11.3,347,1450,25.4,1.6,58.9,2.5,0,2.8,25,300,0,0.20,0.20,2.50,—,6.68,0.43,6.13,0.12,54,181,801,2.2,94,2.5,3.32,4.83,1.17,0.96,
干豆类及其制品-蚕豆,035104,马牙大豆（干）,Broad bean，*Maya*，dried,100,9.6,338,1413,27.2,0.9,59.4,8.4,0,2.9,—,—,0,0.59,0.05,Tr,—,2.49,1.29,1.10,0.10,7,510,181,87.0,89,1.3,2.61,0.77,2.63,0.79,青海
干豆类及其制品-蚕豆,035105,脑豆（干）,Broad bean，*Naodou*，dried,100,10.7,363,1520,23.4,3.8,59.6,1.5,0,2.5,—,—,0,0.35,0.28,2.90,—,19.21,—,—,—,327,354,686,12.0,171,7.7,2.45,7.34,1.14,2.05,甘肃
干豆类及其制品-蚕豆,035201,蚕豆（烤）,Broad bean，roasted,100,4.3,377,1577,27.0,2.0,63.8,2.2,0,2.9,9,110,0,0.22,0.12,4.80,—,5.16,0.42,4.74,Tr,229,454,1083,10.9,138,5.3,3.04,4.90,1.34,1.15,北京
干豆类及其制品-蚕豆,035202,蚕豆（炸）［开花豆］,Broad bean，deep fried,100,10.5,447,1872,26.7,20.0,40.4,0.5,0,2.4,—,—,0,0.16,0.12,7.70,—,5.15,2.36,2.79,Tr,207,330,742,547.9,69,3.6,2.83,2.10,0.94,0.18,北京
干豆类及其制品-蚕豆,035203,蚕豆（煮）,Broad bean，immature seeds，cooked，boiled，drained，without salt,100,83.7,62,259,4.8,0.5,10.1,—,0,0.9,—,—,0,0.13,0.09,1.20,19.8,—,—,—,—,18,73,193,41.0,31,1.5,0.47,1.00,0.06,0.26,
干豆类及其制品-赤豆,033101,赤小豆（干）［小豆，红小豆］,Red bean，dried,100,12.6,324,1357,20.2,0.6,63.4,7.7,0,3.2,7,80,0,0.16,0.11,2.00,—,14.36,Tr,6.01,8.35,74,305,860,2.2,138,7.4,2.20,3.80,0.64,1.33,北京
干豆类及其制品-赤豆,033201,小豆粥,Adzuki bean porridge，with osmanthus flower & sugar,100,84.4,62,259,1.2,0.4,13.7,0.6,0,0.3,—,—,0,,,0.20,—,0.19,Tr,Tr,0.19,13,14,45,2.3,17,0.6,0.33,0.50,0.03,0.09,北京
干豆类及其制品-赤豆,033204,红豆沙（去皮）,Adzuki bean paste，skin removed，sweetened,100,37.9,244,1035,4.5,0.1,57.1,1.8,0,0.4,—,—,0,0.02,0.02,—,Tr,2.69,—,—,—,19,65,21,26.3,7,1.1,0.60,0.41,0.06,0.22,北京
干豆类及其制品-赤豆,033205,红豆馅,Adzuki bean paste，with skin，sweetened,100,33.0,261,1108,4.5,0.2,61.7,2.8,0,0.6,—,—,0,0.02,0.04,—,Tr,3.66,—,—,—,16,90,59,28.6,10,1.3,0.64,0.39,0.12,0.27,甘肃
植物油-植物油,192001,菜籽油［青油］,Rapeseed oil,100,0.1,899*,3761*,Tr,99.9,0,—,—,Tr,—,—,—,Tr,Tr,Tr,—,60.89,10.81,38.21,11.87,9,9,2,7.0,3,3.7,0.54,—,0.18,0.11,
植物油-植物油,192002,茶油,Tea-seed oil,100,0.1,899*,3761*,Tr,99.9,0,—,—,Tr,—,—,—,Tr,Tr,Tr,—,27.90,1.45,10.30,16.15,5,8,2,0.7,2,1.1,0.34,—,0.03,1.17,
植物油-植物油,192003,大麻油［粟米油］,Sesame oil,100,0.3,899*,3761*,Tr,99.9,0,—,—,0.3,—,—,—,Tr,Tr,Tr,—,8.55,Tr,8.15,0.40,15,6,3,1.5,4,3.1,0.43,—,0.10,0.02,
植物油-植物油,192004,豆油,Soybean oil,100,0.1,899*,3761*,Tr,99.9,0,—,—,Tr,—,—,—,Tr,Tr,Tr,—,93.08,Tr,57.55,35.53,13,7,3,4.9,3,2.0,1.09,—,0.16,0.43,
植物油-植物油,192005,红花油,safflower oil,100,Tr,899*,3696*,Tr,99.9,0,0,0,—,0,Tr,0,Tr,Tr,Tr,0,—,—,—,—,Tr,Tr,Tr,Tr,Tr,Tr,Tr,Tr,Tr,Tr,UK
植物油-植物油,192006,胡麻油,Linseed oil,100,Tr,900*,3766*,—,100.0,0,—,—,Tr,—,—,—,—,—,—,—,—,—,—,—,3,5,Tr,0.6,1,0.2,0.30,—,0.02,0.03,甘肃
植物油-植物油,192007,花生油,Peanut oil,100,0.1,899*,3761*,Tr,99.9,0,—,—,0.1,—,—,—,Tr,Tr,Tr,—,42.06,17.45,19.31,5.30,12,15,1,3.5,2,2.9,0.48,—,0.15,0.33,
植物油-植物油,192008,混合油（菜+棕）,Mixed oil，rapeseed and palm oil,100,Tr,900*,3766*,—,99.9,0.1,—,—,—,—,—,—,—,0.09,0.1,—,12.04,2.18,9.20,0.66,75,—,2,10.5,24,4.1,1.27,—,0.12,—,武汉
植物油-植物油,192009,葵花子油,Sunflower seed oil,100,0.1,899*,3761*,Tr,99.9,0,—,—,Tr,—,—,—,Tr,Tr,Tr,—,54.60,38.35,13.41,2.84,2,4,1,2.8,4,1.0,0.11,—,Tr,0.02,
植物油-植物油,192010,辣椒油,*Chili oil*，fried with chili pepper,100,Tr,900*,3766*,—,100.0,0,—,—,—,38,230,—,—,—,—,—,87.24,10.09,59.01,18.14,—,—,—,—,—,—,—,—,—,—,北京
植物油-植物油,192011,麻子籽,,,,,,,,,,,,,,,,,,,,,,,,,,,,,,,,,
植物油-植物油,192012,麦胚油,Wheatgerm oil,100,Tr,899*,3696*,Tr,99.9,0,0,0,—,0,Tr,0,Tr,Tr,Tr,0,—,—,—,—,Tr,Tr,Tr,Tr,Tr,Tr,Tr,Tr,Tr,Tr,UK
植物油-植物油,192013,棉籽油,Cottonseed oil,100,0.1,899*,3761*,Tr,99.8,0.1,—,—,Tr,—,—,—,Tr,Tr,Tr,—,86.45,19.31,67.14,Tr,17,16,1,4.5,1,2.0,0.74,—,0.08,Tr,
植物油-植物油,192014,色拉油,Salad oil，mix oil,100,0.2,898*,3757*,Tr,99.8,0,—,64,Tr,—,—,—,Tr,Tr,Tr,—,24.01,9.25,12.40,2.36,18,1,3,5.1,1,1.7,0.23,—,0.05,0.01,
植物油-植物油,192015,椰子油,Coconut oil,100,Tr,899*,3696*,Tr,99.9,0,0,0,—,0,Tr,0,Tr,Tr,Tr,0,—,—,—,—,Tr,Tr,Tr,Tr,Tr,Tr,Tr,Tr,Tr,Tr,UK
植物油-植物油,192016,玉米油,Corn oil,100,0.2,895*,3745*,Tr,99.2,0.5,—,—,0.1,—,—,—,Tr,Tr,Tr,—,50.94,14.42,35.13,1.39,1,18,2,1.4,3,1.4,0.26,—,0.23,0.04,
植物油-植物油,192017,芝麻油［香油］,Sesame oil,100,0.1,898*,3757*,Tr,99.7,0.2,—,—,Tr,—,—,—,Tr,Tr,Tr,—,68.53,1.77,64.65,2.11,9,4,Tr,1.1,3,2.2,0.17,—,0.05,0.76,
植物油-植物油,192018,棕榈油,Palm oil,100,Tr,900*,3766*,—,100.0,0,—,—,—,18,110,—,—,—,—,—,15.24,12.62,2.62,Tr,Tr,8,Tr,1.3,Tr,3.1,0.08,—,Tr,0.01,北京
植物油-植物油,192019,橄榄油,Olive oil,100,Tr,899*,3696*,Tr,99.9,0,0,0,—,0,—,0,Tr,Tr,Tr,0,—,—,—,—,Tr,Tr,—,Tr,Tr,0.4,Tr,Tr,Tr,Tr,UK
水果类及其制品-仁果类,061101x,苹果（代表值）,Apple,85,86.1,53,227,0.4,0.2,13.7,1.7,0,0.2,4,50,0,0.02,0.02,0.20,3.0,0.43,0.23,0.13,0.01,4,7,83,1.3,4,0.3,0.04,0.10,0.07,0.03,
水果类及其制品-仁果类,061102,伏苹果,Summer apple,86,87.3,48,200,0.5,0.1,11.8,1.2,0,0.3,—,—,0,0.04,0.04,0.40,2.0,0.15,0.13,0.02,Tr,15,7,78,1.3,8,0.3,0.06,0.10,0.07,0.03,北京
水果类及其制品-仁果类,061103,国光苹果,*Bright China* apple,78,85.9,56,232,0.3,0.3,13.3,0.8,0,0.2,5,60,0,0.02,0.03,0.20,4.0,0.11,Tr,0.11,Tr,8,14,83,1.3,7,0.3,0.14,0.10,0.07,0.03,
水果类及其制品-仁果类,061104,旱苹果,*Drought* apple,96,90.8,34,141,0.4,0.2,8.4,1.7,0,0.2,—,—,0,0.01,0.03,0.10,—,—,—,—,—,—,—,—,—,—,—,—,—,—,—,兰州
水果类及其制品-仁果类,061105,红富士苹果,*Red Fuji* apple,85,86.9,49,205,0.7,0.4,11.7,2.1,0,0.3,5,60,0,0.01,—,—,2.0,1.46,—,—,—,3,11,115,0.7,5,0.7,—,0.98,0.06,0.05,甘肃
水果类及其制品-仁果类,061106,红香蕉苹果,*Banana* apple，banana flavored，red,87,86.9,51,213,0.4,0.2,12.3,0.9,0,0.2,8,100,0,0.01,0.02,0.10,3.0,0.36,0.36,Tr,Tr,5,8,85,2.0,3,0.6,0.02,0.14,0.22,0.02,
水果类及其制品-仁果类,061107,红星苹果,*Red star* apple,85,85.0,58,243,0.4,0.1,14.3,0.8,0,0.2,1,10,0,Tr,0.02,Tr,1.0,0.21,—,—,—,2,4,—,2.3,3,0.2,0.02,2.31,0.05,0.01,河北
水果类及其制品-仁果类,061108,红玉苹果,*Red Jade* apple,84,84.7,52,218,0.2,0.2,14.7,4.7,0,0.2,1,10,0,0.02,0.02,0.50,Tr,—,—,—,—,—,—,—,—,—,—,—,—,—,—,敦煌
水果类及其制品-仁果类,061109,红元帅苹果,*Red Marshal* apple，red,84,84.9,60,253,0.2,0.4,14.3,0.6,0,0.2,3,40,0,0.02,0.01,0.20,3.0,0.02,—,—,—,2,1,58,0.7,8,0.3,0.09,Tr,0.04,Tr,
水果类及其制品-仁果类,061110,黄香蕉苹果,*Banana* apple，banana flavored，yellow,88,85.6,53,223,0.3,0.2,13.7,2.2,0,0.2,2,20,0,Tr,0.03,0.30,4.0,0.79,Tr,0.79,Tr,10,7,84,0.8,5,0.3,0.02,Tr,0.16,0.03,
水果类及其制品-仁果类,061111,黄元帅苹果,*Yellow Marshal* apple，yellow,80,84.6,59,246,0.2,0.3,14.7,1.8,0,0.2,8,90,0,0.02,0.02,0.10,4.0,0.21,0.21,Tr,Tr,5,5,184,0.6,3,0.3,0.03,0.01,0.13,0.02,
水果类及其制品-仁果类,061112,金元帅苹果,*Gold Marshal* apple，yellow,78,86.2,53,220,0.2,0.1,13.3,1.1,0,0.2,8,90,0,0.05,0.01,0.10,4.0,0.61,0.37,0.24,Tr,2,5,72,1.7,2,0.2,0.11,0.03,0.14,0.03,
水果类及其制品-仁果类,061113,青香蕉苹果,*Banana* apple，banana flavored，green,80,86.3,52,217,0.3,0.1,13.1,1.3,0,0.2,2,20,0,0.02,0.02,0.20,3.0,0.37,0.23,0.13,0.01,9,7,83,1.3,4,0.2,0.04,0.07,0.07,0.03,
水果类及其制品-仁果类,061114,秋里蒙苹果,*Qiulimeng* apple,85,87.5,43,179,0.2,0.2,11.9,3.7,0,0.2,—,—,0,0.03,0.01,0.80,Tr,—,—,—,—,—,—,—,—,—,—,—,—,—,—,甘肃
水果类及其制品-仁果类,061115,香玉苹果,*Fragrant Jade* apple，red,69,83.4,62,261,0.5,0.1,15.7,1.7,0,0.3,5,60,0,0.03,0.02,—,6.0,0.84,0.27,0.57,Tr,3,6,173,2.6,3,0.3,0.03,—,0.01,0.02,安徽
水果类及其制品-仁果类,061116,印度苹果,Indian apple,90,84.0,54,224,0.6,0.2,14.8,4.9,0,0.4,2,20,0,0.04,0.02,0.10,Tr,—,—,—,—,—,—,—,—,—,—,—,—,—,—,敦煌
水果类及其制品-仁果类,061117,祝光苹果,*Blessing* apple,86,86.7,50,207,0.4,0.1,12.5,1.5,0,0.3,1,10,0,0.05,0.01,—,2.0,0.07,0.03,0.04,Tr,3,5,140,1.7,1,0.3,—,—,0.07,0.02,安徽
水果类及其制品-仁果类,061118,倭锦苹果,*Crisp* pear,86,85.8,54,224,0.2,0.2,13.6,1.7,0,0.2,4,50,0,Tr,0.01,0.20,1.0,—,—,—,—,4,—,70,0.6,—,0.6,—,0.03,—,—,
水果类及其制品-仁果类,061119,苹果（罐头）,"Apple, canned",100,89.2,41,172,0.2,0.2,10.3,1.3,0,0.1,—,—,0,—,—,—,—,—,—,—,—,26,8,50,6.2,7,0.7,0.20,4.64,0.03,0.05,甘肃
水果类及其制品-仁果类,061201x,梨（代表值）,Pear,82,85.9,51,211,0.3,0.1,13.1,2.6,0,0.3,2,20,0,0.03,0.03,0.20,5.0,0.46,0.34,0.46,0.32,7,14,85,1.7,8,0.4,0.10,0.29,0.10,0.06,
水果类及其制品-仁果类,061202,梨（巴梨）,*Ba* pear,79,86.1,51,212,0.4,0.2,12.9,2.2,0,0.4,1,10,0,0.03,0.05,0.20,11.0,0.52,0.23,0.23,0.06,6,5,145,1.0,2,0.2,0.02,—,0.07,0.03,
水果类及其制品-仁果类,061203,长把梨,"Pear, long stem",80,83.1,62,259,0.8,0.8,14.9,4.0,0,0.4,—,—,0,0.02,0.07,0.10,3.0,1.11,0.50,0.43,0.18,9,18,50,3.2,7,0.6,0.13,0.04,0.11,0.08,
水果类及其制品-仁果类,061204,冬果梨,*Winter fruit* pear,87,86.2,46,192,0.4,0.2,12.8,4.3,0,0.4,2,20,0,—,0.03,0.20,6.0,—,—,—,—,—,—,—,—,—,—,—,—,—,—,
水果类及其制品-仁果类,061205,鹅黄梨,*Light yellow* pear,68,88.6,41,172,0.3,0.1,10.7,1.9,0,0.3,—,—,0,0.03,0.02,—,8.0,1.77,0.55,0.68,0.54,1,13,69,1.7,8,—,—,—,0.10,0.05,安徽
水果类及其制品-仁果类,061206,红肖梨,*Red skin* pear,87,89.1,36,152,0.2,Tr,10.5,3.2,0,0.2,1,10,0,0.07,0.46,0.60,4.0,0.46,0.30,0.08,0.08,11,7,78,3.4,5,0.4,0.04,0.20,0.06,0.06,北京
水果类及其制品-仁果类,061207,锦丰梨,*Jinfeng* pear,92,85.5,51,213,0.2,0.1,13.9,3.2,0,0.3,2,20,0,—,—,—,6.0,—,—,—,—,—,—,—,—,—,—,—,—,—,—,
水果类及其制品-仁果类,061208,京白梨,Bretsehneider pear,79,85.3,57,240,0.2,0.5,13.7,1.4,0,0.3,—,—,0,0.02,0.02,0.20,3.0,0.08,—,—,—,7,6,105,0.7,9,0.3,0.47,0.63,0.06,0.02,
水果类及其制品-仁果类,061209,库尔勒香梨,*Kuerle* pear,91,85.9,42,174,0.1,0.1,13.4,6.7,0,0.5,—,—,0,—,—,—,—,—,—,—,—,22,19,79,3.7,8,1.2,2.61,2.34,2.54,0.06,敦煌
水果类及其制品-仁果类,061210,莱阳梨,*Laiyang* pear,80,84.8,54,227,0.3,0.2,14.1,2.6,0,0.6,—,—,0,0.03,0.02,0.30,3.0,0.61,0.04,0.48,0.09,10,8,82,1.8,8,0.4,0.02,0.04,0.08,0.04,
水果类及其制品-仁果类,061211,马蹄黄梨,*Snowflower* pear,74,86.8,50,207,0.3,0.1,12.5,1.3,0,0.3,—,—,0,0.03,0.03,—,10.0,1.80,0.60,0.73,0.47,2,14,80,3.3,7,0.1,0.05,—,0.09,0.06,安徽
水果类及其制品-仁果类,061212,明月梨,*Moon* pear,81,85.9,54,228,0.3,0.2,13.3,0.9,0,0.3,—,—,0,0.02,0.03,—,6.0,2.09,1.05,0.69,0.35,2,14,110,1.4,8,0.4,0.08,0.69,0.07,0.05,
水果类及其制品-仁果类,061213,木梨,*Wood* pear,80,91.0,32,132,0.4,0.1,8.2,1.9,0,0.3,—,—,0,0.01,0.04,0.10,5.0,0.47,0.11,Tr,0.36,4,13,121,3.0,6,0.1,0.10,0.20,0.08,0.04,上海
水果类及其制品-仁果类,061214,苹果梨,*Apple* pear,94,85.4,53,220,0.2,0.1,13.9,2.3,0,0.4,3,30,0,—,0.01,0.50,4.0,—,—,—,—,4,19,180,2.4,9,0.4,0.04,3.26,0.12,0.04,
水果类及其制品-仁果类,061215,软梨,*Soft* pear,68,87.4,32,134,0.4,0.2,11.7,9.1,0,0.3,2,20,0,—,—,—,Tr,—,—,—,—,25,19,105,1.0,12,0.9,1.21,8.43,4.69,0.32,敦煌
水果类及其制品-仁果类,061216,苏梅梨,*Sumei* pear,88,77.4,77,323,1.2,0.2,20.5,5.7,0,0.7,—,—,0,0.02,0.02,0.10,1.0,0.66,0.34,0.03,0.29,9,19,39,0.9,10,0.9,0.16,0.04,0.19,0.06,青海
水果类及其制品-仁果类,061217,苏木梨,*Sumu* pear,88,85.6,52,220,0.6,0.3,13.1,2.5,0,0.4,—,—,0,0.01,0.02,0.40,5.0,—,—,—,—,—,—,—,—,—,—,—,—,—,—,兰州
水果类及其制品-仁果类,061218,酥梨,*Crisp* pear,72,88.0,45,190,0.3,0.1,11.4,1.2,0,0.2,—,—,0,0.03,0.02,—,11.0,1.82,0.57,0.61,0.64,2,16,76,2.3,8,—,—,—,0.10,0.06,安徽
水果类及其制品-仁果类,061219,酸梨,Sour pear,85,89.6,33,138,0.1,0.1,9.8,3.7,0,0.4,—,—,0,0.03,0.22,0.80,14.0,1.28,—,—,—,12,13,102,8.5,11,0.6,2.70,1.62,4.46,0.15,甘肃
水果类及其制品-仁果类,061220,香梨,*Fragrant* pear,89,85.8,51,214,0.3,0.1,13.6,2.7,0,0.2,6,70,0,—,—,0.10,Tr,—,—,—,—,6,31,90,0.8,7,0.4,0.19,0.22,0.09,0.06,甘肃
水果类及其制品-仁果类,061221,雪花梨,*Snowflower* pear,86,88.8,42,178,0.2,0.1,10.6,0.8,0,0.3,8,100,0,0.01,0.01,0.30,4.0,0.19,0.19,Tr,Tr,5,6,85,0.6,10,0.3,0.06,0.18,0.08,0.03,
水果类及其制品-仁果类,061222,雪梨,*Snow* pear,93,78.3,79,332,0.9,0.1,20.2,3.0,0,0.5,Tr,Tr,0,0.03,—,0.10,1.0,0.24,0.24,Tr,Tr,12,11,45,1.4,13,0.8,0.25,0.04,0.12,0.08,青海
水果类及其制品-仁果类,061223,鸭广梨,*Yaguang* pear,76,82.4,60,251,0.6,0.2,16.5,5.1,0,0.3,—,—,0,Tr,0.02,0.30,4.0,0.48,0.48,Tr,Tr,18,12,110,1.0,8,0.2,0.02,0.30,0.19,0.06,北京
水果类及其制品-仁果类,061224,鸭梨,*Duck* pear,82,88.3,45,187,0.2,0.2,11.1,1.1,0,0.2,1,10,0,0.03,0.03,0.20,4.0,0.31,0.15,0.16,Tr,4,14,77,1.5,5,0.9,0.10,0.28,0.19,0.06,
水果类及其制品-仁果类,061225,早酥梨,"*Crisp* pear, early crop",92,85.8,50,208,0.2,0.2,13.6,3.6,0,0.2,3,40,0,—,—,—,12.0,—,—,—,—,12,12,137,0.2,6,0.2,0.07,0.37,0.04,0.03,甘肃
水果类及其制品-仁果类,061226,紫酥梨,*Zisu* pear,59,86.0,51,215,0.3,0.1,13.3,2.0,0,0.3,—,—,0,0.03,0.04,—,9.0,3.64,0.98,1.81,0.85,1,16,86,1.7,7,—,—,—,0.10,0.06,安徽
水果类及其制品-仁果类,061227,鳄梨,Avocado,100,74.3,171,716,2.0,15.3,7.4,2.1,0,1.0,31,366,0,0.11,0.12,1.90,8.0,—,—,—,—,11,41,599,10.0,39,1.0,0.42,—,0.26,0.23,USA
水果类及其制品-仁果类,061228,冬果梨（罐头）,"*Winter fruit* pear, canned",100,83.6,56,233,0.3,—,15.9,4.5,0,0.2,—,—,0,0.01,—,—,Tr,—,—,—,—,16,5,13,2.0,5,1.4,1.36,1.16,0.03,0.06,甘肃
水果类及其制品-仁果类,061229,梨（糖水罐头）,"Pear, canned in sugar",100,90.4,36,151,0.5,0.2,8.8,1.4,0,0.1,—,—,0,0.02,0.04,0.20,Tr,0.02,—,—,—,2,3,15,2.1,3,0.3,0.19,Tr,0.40,0.06,北京
水果类及其制品-仁果类,061301,红果［山里红，大山楂］,"Hawthorn, large",76,73.0,102,425,0.5,0.6,25.1,3.1,0,0.8,8,100,0,0.02,0.02,0.40,53.0,7.32,3.15,2.05,2.12,52,24,299,5.4,19,0.9,0.28,1.22,0.11,0.24,
水果类及其制品-仁果类,061302,红果（干）,"Hawthorn, large, dried",100,11.1,251,1051,4.3,2.2,78.4,49.7,0,4.0,5,60,0,0.02,0.18,0.70,2.0,0.47,—,—,—,144,440,440,9.9,—,0.4,0.61,2.70,0.41,0.57,
水果类及其制品-仁果类,061901,海棠果［楸子］,Crabapple,86,79.9,76,319,0.3,0.2,19.2,1.8,0,0.4,59,710,0,0.05,0.03,0.20,20.0,0.25,0.25,Tr,Tr,15,16,263,0.6,13,0.4,0.04,Tr,0.11,0.11,
水果类及其制品-仁果类,061902,海棠（罐头）,"Crabapple, canned",100,85.4,56,233,0.5,0.2,13.6,1.3,0,0.3,—,—,0,Tr,—,—,Tr,—,—,—,—,43,11,56,8.8,21,2.3,0.75,6.06,0.06,0.38,甘肃
水果类及其制品-仁果类,061903,沙果,Crabapple,95,81.3,70,292,0.4,0.1,17.8,2.0,0,0.4,Tr,Tr,0,0.03,—,Tr,3.0,0.09,0.09,Tr,Tr,5,14,123,2.1,9,1.0,0.20,0.48,0.08,0.08,青海
水果类及其制品-仁果类,061904,吊蛋,"*Hanging egg* wild pear, brown-skinned",95,81.7,65,273,0.8,0.4,16.8,4.4,0,0.3,—,—,0,0.01,—,—,Tr,2.19,—,—,—,11,9,136,0.6,8,0.2,0.39,1.66,0.09,0.12,甘肃
水果类及其制品-仁果类,061905,面蛋,"Wild pear, *Miandan*, only juice is consumed",60,74.5,91,381,1.6,0.5,21.7,3.3,0,1.7,11,130,0,0.03,—,—,Tr,4.11,—,—,—,206,56,237,3.8,33,4.3,1.07,2.87,4.71,0.22,甘肃
水果类及其制品-仁果类,061906,酸刺,"Spinyleaf crazyweed, spine, a kind of wild fruit",16,70.7,112,467,2.8,0.3,25.5,2.2,0,0.7,13,150,0,0.02,0.04,0.20,74.0,1.52,—,—,—,105,39,259,8.3,24,11.7,1.10,4.49,8.51,0.47,甘肃
水果类及其制品-仁果类,061907,蛇果,"Apple, red delicious",84,84.4,59,248,0.1,0.2,14.9,—,0,0.4,1,16,0,0.03,Tr,0.04,2.0,Tr,Tr,Tr,Tr,5,21,14,3.1,6,0.1,0.08,Tr,0.02,0.01,
水果类及其制品-柑橘类,064101,橙,Orange,74,87.4,48,202,0.8,0.2,11.1,0.6,0,0.5,13,160,0,0.05,0.04,0.30,33.0,0.56,0.51,0.05,Tr,20,22,159,1.2,14,0.4,0.14,0.31,0.03,0.05,
水果类及其制品-柑橘类,064202,福橘,*Fu* Tangerine,67,88.1,46,193,1.0,0.2,10.3,0.4,0,0.4,50,600,0,0.05,0.02,0.30,11.0,—,—,—,—,27,5,127,0.5,14,0.8,0.22,0.12,0.13,0.06,福州
水果类及其制品-柑橘类,064203,橘柑子［宽皮桂］,Satsuma orange,78,88.6,44,184,0.8,0.1,10.2,0.5,0,0.3,41,490,0,0.04,0.03,0.20,35.0,1.22,0.74,0.32,0.16,24,18,128,0.8,14,0.2,0.13,0.70,0.11,0.03,
水果类及其制品-柑橘类,064204,橘（金橘）［金枣］,Kumquat，oval,89,84.7,58,242,1.0,0.2,13.7,1.4,0,0.4,31,370,0,0.04,0.03,0.30,35.0,1.58,1.20,0.38,Tr,56,20,144,3.0,20,1.0,0.21,0.62,0.07,0.25,
水果类及其制品-柑橘类,064205,芦橘,*Lugan* tangerine,77,88.5,44,185,0.6,0.2,10.3,0.6,0,0.4,43,520,0,0.02,0.03,0.20,19.0,—,—,—,—,45,25,54,—,45,1.3,0.10,0.07,0.10,0.03,福建
水果类及其制品-柑橘类,064206,蜜橘,*Honey* tangerine,76,88.2,45,189,0.8,0.4,10.3,1.4,0,0.3,138,1660,0,0.05,0.04,0.20,19.0,0.45,—,—,—,19,18,177,1.3,16,0.2,0.10,0.45,0.07,0.05,
水果类及其制品-柑橘类,064207,三湖红橘,*Three lakes* tangerine，red-skinned,68,88.5,43,181,0.8,0.3,10.0,1.3,0,0.4,—,—,0,0.03,0.02,0.30,3.0,0.3,—,—,—,33,25,250,1.4,16,0.2,0.10,0.76,0.10,0.06,江西
水果类及其制品-柑橘类,064208,橘（四川红橘）,*Sichuan* tangerine，rad-skinned,78,89.1,42,174,0.7,0.1,9.8,0.7,0,0.3,15,180,0,0.24,0.04,0.30,33.0,0.27,0.27,Tr,Tr,42,25,105,1.7,4,0.5,0.17,0.10,0.04,Tr,北京
水果类及其制品-柑橘类,064209,小叶橘,*Small leaf* tangerine,81,89.5,40,166,1.1,0.2,8.8,0.9,0,0.4,205,2460,0,0.25,0.03,0.70,Tr,0.74,0.62,0.12,Tr,72,16,124,2.1,29,0.2,0.09,0.50,0.04,0.09,北京
水果类及其制品-柑橘类,064210,早橘,*Early* tangerine，early maturing,82,85.6,57,238,1.2,0.2,12.6,0.1,0,0.4,428,5140,0,0.09,0.03,0.30,25.0,1.45,1.45,—,—,21,22,131,0.9,15,0.9,0.21,0.22,0.12,0.17,浙江
水果类及其制品-柑橘类,064211,橘饼,Tangerine，preserved in sugar,100,5.4,371,1551,0.6,0.4,92.9,3.5,0,0.7,22,260,0,0.03,0.19,0.60,—,—,—,—,—,125,6,4,485.9,17,0.8,0.21,1.47,0.06,—,武汉
水果类及其制品-柑橘类,064301,柚［文旦］,Pomelo,69,89.0,42,177,0.8,0.2,9.5,0.4,0,0.5,1,10,0,—,0.03,0.30,23.0,—,—,—,—,4,24,119,3.0,4,0.3,0.40,0.70,0.18,0.08,福建
水果类及其制品-柑橘类,064302,柠檬,Lemon,66,91.0,37,156,1.1,1.2,6.2,1.3,0,0.5,Tr,Tr,0,0.05,0.02,0.60,22.0,1.14,1.14,Tr,Tr,101,22,209,1.1,37,0.8,0.65,0.50,0.14,0.05,北京
水果类及其制品-柑橘类,064303,葡萄柚［西柚］,Grapefruit，from Taiwan of China,73,90.9,33,138,0.7,0.3,7.8,—,0,0.3,24,282,0,0.05,0.01,0.20,38.0,—,—,—,—,21,17,60,7.0,9,0.1,0.10,—,—,—,中国台湾
水果类及其制品-柑橘类,064304,葡萄柚［西柚］,Grapefruit，from Israel,65,88.8,40,169,0.7,0.1,10.0,—,0,0.4,5,65,0,0.05,0.02,0.18,36.0,0.17,0.17,Tr,Tr,5,16,180,4.1,10,0.3,0.01,0.03,0.02,0.02,以色列
水果类及其制品-核果类,062101x,桃（代表值）,Peach,89,88.9,42,212,0.6,0.1,10.1,1.0,0,0.4,2,20,0,0.01,0.02,0.30,10.0,0.71,0.25,0.47,0.18,6,11,127,1.7,8,0.3,0.14,0.47,0.06,0.07,
水果类及其制品-核果类,062102,白粉桃,White peach,93,92.7,26,110,1.3,0.1,5.5,0.9,0,0.4,—,—,0,0.01,0.04,0.20,9.0,—,—,1.32,0.22,7,—,—,—,—,—,—,—,—,—,兰州
水果类及其制品-核果类,062103,高山白桃,*Mountain* peach，white,69,88.5,42,177,0.7,0.2,10.1,1.3,0,0.5,2,20,0,0.04,0.01,—,10.0,1.05,0.25,0.47,0.33,7,11,169,0.7,4,0.8,0.13,—,0.05,0.04,安徽
水果类及其制品-核果类,062104,旱久保桃,*Jiubao* peach，early maturing,89,87.3,48,201,0.9,0.1,11.3,0.8,0,0.4,1,10,0,0.03,0.02,0.80,10.0,0.53,0.48,—,0.05,12,18,144,1.8,10,0.2,0.13,0.10,0.06,0.10,北京
水果类及其制品-核果类,062105,桃（黄桃）,Yellow peach,93,85.2,56,236,0.5,0.1,14.0,1.2,0,0.2,8,90,0,Tr,0.01,0.30,9.0,0.92,0.92,Tr,Tr,—,7,—,—,—,—,—,0.83,—,—,杭州
水果类及其制品-核果类,062106,金红桃,*Golden red* peach,88,92.2,28,118,0.7,0.1,6.6,1.0,0,0.4,—,—,0,—,0.03,0.20,9.0,—,—,—,—,—,—,—,—,—,—,—,—,—,—,兰州
水果类及其制品-核果类,062107,桃（久保桃）,*Jiubao* Peach,94,89.0,42,176,0.6,0.1,10.0,0.6,0,0.3,—,—,0,0.04,0.04,1.20,8.0,1.15,1.15,—,—,10,16,100,2.0,8,0.4,0.14,0.10,0.04,0.12,
水果类及其制品-核果类,062109,蒲桃,*Pu* peach,69,88.7,39,163,0.5,0.2,10.2,2.8,0,0.4,—,—,0,Tr,0.02,0.10,25.0,0.70,0.15,0.55,Tr,4,14,109,1.0,13,0.3,0.17,4.32,0.08,0.07,广东
水果类及其制品-核果类,062110,庆丰桃,*Celebrate Harvest* peach,93,88.8,42,175,0.6,0.1,10.1,0.9,0,0.4,—,—,0,0.01,0.02,0.10,—,0.76,—,—,—,—,2,57,2.1,12,0.3,—,Tr,0.06,0.04,河北
水果类及其制品-核果类,062111,晚桃（黄）,Peach，yellow，late maturing,75,89.0,41,172,0.7,0.2,9.6,1.0,0,0.5,2,20,0,0.05,0.01,—,11.0,0.21,0.20,0.01,Tr,6,13,168,0.5,4,0.3,0.17,—,0.07,0.02,安徽
水果类及其制品-核果类,062112,五月鲜桃,*May fresh* peach,93,89.4,41,170,0.4,0.1,10.0,0.9,0,0.1,—,—,0,Tr,0.03,Tr,Tr,0.67,—,—,—,7,2,—,1.7,10,0.3,0.14,Tr,0.05,0.37,河北
水果类及其制品-核果类,062113,早桃（黄）,Peach，yellow，early maturing,73,89.0,41,170,0.4,0.1,10.1,1.1,0,0.4,5,60,0,0.05,0.02,—,12.0,0.71,0.16,0.41,0.14,4,10,155,1.3,3,0.4,0.10,—,0.08,0.03,安徽
水果类及其制品-核果类,062115,蜜桃,Peach，*Honey* type,88,87.9,46,196,0.6,0.1,11.0,0.6,0,0.4,1,10,0,0.01,0.02,0.60,4.0,1.00,1.00,Tr,Tr,4,8,77,1.7,4,0.2,0.15,0.23,0.06,0.08,河北
水果类及其制品-核果类,062116,桃（糖水罐头）,Peach，canned in syrup,100,84.9,60,255,0.3,0.2,14.5,—,0,0.1,—,—,0,Tr,0.04,0.20,Tr,0.75,0.75,Tr,Tr,3,9,63,2.7,5,0.1,0.25,—,0.05,0.03,河北
水果类及其制品-核果类,062201,李子,*Apricot* plum,91,90.0,38,157,0.7,0.2,8.7,0.9,0,0.4,13,150,0,0.03,0.02,0.40,5.0,0.74,0.74,Tr,Tr,8,11,144,3.8,10,0.6,0.14,0.23,0.04,0.16,
水果类及其制品-核果类,062202,李子杏,*Plum* apricot,92,89.9,37,155,1.0,0.1,8.6,1.1,0,0.4,7,80,0,0.03,0.01,0.50,16.0,—,—,—,—,3,11,103,1.5,—,0.2,0.23,0.09,—,—,郑州
水果类及其制品-核果类,062203,梅［青梅］,Stellatehair vatica,93,91.1,34,144,0.9,0.9,6.2,1.0,0,0.9,—,—,0,—,—,—,—,—,—,—,—,11,36,—,—,—,—,—,—,—,—,江苏
水果类及其制品-核果类,062204,杏,Apricot,91,89.4,38,160,0.9,0.1,9.1,1.3,0,0.5,38,450,0,0.02,0.03,0.60,4.0,0.95,0.95,Tr,Tr,14,15,226,2.3,11,0.6,0.20,0.20,0.11,0.06,
水果类及其制品-核果类,062205,杏（罐头）,Apricot，canned,100,89.2,40,168,0.6,0.2,9.7,1.4,0,0.3,36,430,0,Tr,—,—,Tr,1.32,—,—,—,6,8,26,22.3,4,2.1,0.35,4.13,0.04,0.03,
水果类及其制品-核果类,062206,杏干,Apricot，dried,25,8.8,338,1416,2.7,0.4,83.2,4.4,0,4.9,51,610,0,—,0.01,1.20,Tr,—,—,—,—,147,89,783,40.4,55,0.3,3.80,3.33,7.67,0.24,敦煌
水果类及其制品-核果类,062207,布朗,American plum or hog plum,87,88.0,44,187,0.6,0.2,10.7,—,0,0.5,4,46,0,0.01,0.01,0.43,2.0,Tr,Tr,Tr,Tr,5,11,14,2.2,7,0.2,0.10,0.10,0.02,0.03,
水果类及其制品-核果类,062208,西梅,Prune or garden plum,76,88.5,42,177,0.7,0.1,10.3,0.7,0,0.4,1,8,0,0.01,0.01,0.18,1.4,0.18,0.18,Tr,Tr,11,16,155,3.2,10,0.1,0.04,0.11,0.02,0.04,
水果类及其制品-核果类,062301,枣（鲜）,Date,87,67.4,125,524,1.1,0.3,30.5,1.9,0,0.7,20,240,0,0.06,0.09,0.90,243.0,0.78,0.42,0.26,0.10,22,23,375,1.2,25,1.2,1.52,0.80,0.06,0.32,
水果类及其制品-核果类,062302,枣（干）,Date，dried,80,26.9,276,1155,3.2,0.5,67.8,6.2,0,1.6,1,10,0,0.04,0.16,0.90,14.0,3.04,0.88,2.05,0.11,64,51,524,6.2,36,2.3,0.65,1.02,0.27,0.39,
水果类及其制品-核果类,062303,枣（干，大）,Date，large，dried,88,14.5,317,1328,2.1,0.4,81.1,9.5,0,1.9,—,—,0,0.08,0.15,1.60,7.0,—,—,—,—,54,34,185,8.3,39,2.1,0.45,1.54,0.31,0.34,
水果类及其制品-核果类,062304,枣（金丝小枣）,Date，*Jinsi* small,81,19.3,308,1287,1.2,1.1,76.7,7.0,0,1.7,—,—,0,0.04,0.50,0.40,—,1.31,—,—,—,23,—,65,7.4,24,1.5,0.23,1.00,0.36,0.34,河北
水果类及其制品-核果类,062305,乐陵枣,Date，*Leling*，small,76,36.5,233,973,3.3,0.6,57.9,8.8,0,1.7,—,—,0,0.06,0.13,1.10,54.0,4.77,1.38,3.22,0.17,34,52,420,—,41,2.9,1.01,1.46,0.39,0.28,山东
水果类及其制品-核果类,062306,密云小枣,*Miyun* date，small,92,38.7,229,958,3.9,0.8,55.2,7.3,0,1.4,—,—,0,0.06,0.04,0.90,Tr,—,—,—,—,80,66,612,9.3,41,2.7,0.65,1.10,0.20,0.39,北京
水果类及其制品-核果类,062307,黑枣（无核）［乌枣］,Dateplum persimmon，seeds removed，dried,98,39.0,234,977,1.7,0.3,57.3,2.6,0,1.7,3,40,0,Tr,Tr,2.10,Tr,1.88,0.87,0.73,0.28,108,63,478,6.3,32,1.2,0.44,0.53,0.21,0.59,北京
水果类及其制品-核果类,062308,黑枣（有核）,Date，black，smoked,59,32.6,246,1031,3.7,0.5,61.4,9.2,0,1.8,—,—,0,0.07,0.09,1.10,6.0,1.24,0.02,1.22,Tr,42,66,498,1.2,46,3.7,1.71,0.23,0.97,0.37,山东
水果类及其制品-核果类,062309,酒枣,Date，preserved in liquor,91,61.7,148,620,1.6,0.2,35.7,1.4,0,0.8,—,—,0,0.05,0.04,0.40,Tr,—,—,—,—,75,45,444,0.8,20,1.4,0.43,1.15,0.10,0.20,甘肃
水果类及其制品-核果类,062310,蜜枣［椰枣］,*Honey* date，deglet noor,100,13.4,333,1393,1.3,0.2,84.4,5.8,0,0.7,3,30,0,0.01,0.10,0.40,55.0,0.30,0.23,0.07,—,59,22,284,25.1,19,3.5,0.25,1.00,0.07,0.20,杭州
水果类及其制品-核果类,062312,冬枣,Winter jujube,93,69.5,113,476,1.8,0.2,27.8,2.2,0,0.7,Tr,Tr,0,0.08,0.09,0.51,243.0,0.19,0.19,Tr,Tr,16,29,195,33.0,17,0.2,0.19,0.14,0.08,0.13,山东
水果类及其制品-核果类,062313,小枣（干）,Date，dried,81,28.3,275,1167,2.7,0.7,66.8,—,0,1.5,Tr,Tr,0,0.17,0.14,—,Tr,Tr,Tr,Tr,Tr,62,61,486,12.2,24,1.2,0.5,0.60,0.48,0.22,河北
水果类及其制品-核果类,062901,酸枣,Spine date,52,18.3,300,1253,3.5,1.5,73.3,10.6,0,3.4,—,—,0,0.01,0.02,0.90,900.0,—,—,—,—,435,95,84,3.8,96,6.6,0.68,1.30,0.34,0.86,北京
水果类及其制品-核果类,062902,樱桃,False sour cherry,80,88.0,46,194,1.1,0.2,10.2,0.3,0,0.5,18,210,0,0.02,0.02,0.60,10.0,2.22,0.26,1.92,0.04,11,27,232,8.0,12,0.4,0.23,0.21,0.10,0.07,
水果类及其制品-核果类,062903,樱桃（野，白刺）,Downy cherry，wild，white prickle,23,18.8,304,1272,11.4,3.9,59.8,7.9,0,6.1,—,—,0,0.12,0.22,3.50,—,—,—,—,—,59,28,100,98.5,60,11.4,0.31,0.05,0.06,0.77,甘肃
水果类及其制品-浆果类,063101x,葡萄（代表值）,Grape,86,88.5,45,185,0.4,0.3,10.3,1.0,0,0.3,3,40,0,0.03,0.02,0.25,4.0,0.86,0.34,0.56,0.19,9,13,127,1.9,7,0.4,0.16,0.11,0.18,0.04,
水果类及其制品-浆果类,063102,红玫瑰葡萄,*Red rose* grape,96,88.5,42,175,0.4,0.2,10.7,2.2,0,0.2,—,—,0,0.03,0.02,—,5.0,1.66,0.79,0.67,0.2,17,13,119,1.5,8,0.3,0.17,0.00,0.17,0.08,安徽
水果类及其制品-浆果类,063103,葡萄（巨峰）,"*Giant* grape, large",84,87.0,51,212,0.4,0.2,12.0,0.4,0,0.4,3,30,0,0.03,0.01,0.10,4.0,0.34,0.34,Tr,Tr,7,17,128,2.0,6,0.6,0.14,0.50,0.10,0.04,
水果类及其制品-浆果类,063104,葡萄（马奶子）,"*Mare's nipple* grape, green",84,89.6,41,172,0.5,0.4,9.1,0.4,0,0.4,4,50,0,Tr,0.03,0.80,—,—,—,—,—,—,—,—,—,—,—,—,—,—,—,甘肃
水果类及其制品-浆果类,063105,葡萄（玫瑰香）,"*Rose fragrant* grape, rose flavored",86,86.9,52,216,0.4,0.4,12.1,1.0,0,0.2,2,20,0,0.02,0.02,0.20,4.0,0.86,0.23,0.45,0.18,8,14,126,2.4,4,0.1,0.03,0.11,0.18,0.04,安徽
水果类及其制品-浆果类,063106,紫葡萄,"Grape, purple",88,88.4,45,187,0.7,0.3,10.3,1.0,0,0.3,5,60,0,0.03,0.01,0.30,3.0,—,—,—,—,10,10,151,1.8,9,0.5,0.33,0.07,0.27,0.12,
水果类及其制品-浆果类,063107,葡萄干,Raisin,100,11.6,344,1439,2.5,0.4,83.4,1.6,0,2.1,—,—,0,0.09,—,—,5.0,—,—,—,—,52,90,995,19.1,45,9.1,0.18,2.74,0.48,0.39,敦煌
水果类及其制品-浆果类,063201x,石榴（代表值）,"Pomegranate, pale green-skinned",57,79.2,72,304,1.3,0.2,18.5,4.9,0,0.6,—,—,0,0.05,0.03,—,8.0,3.72,2.09,1.25,1.53,6,70,231,0.7,16,0.2,0.19,—,0.15,0.17,
水果类及其制品-浆果类,063202,石榴（红粉皮）,"Pomegranate, pink-skinned",57,78.7,74,309,1.3,0.1,19.4,4.9,0,0.5,—,—,0,0.05,0.03,—,13.0,3.72,Tr,1.49,2.23,16,76,218,0.8,16,0.2,0.19,—,0.17,0.18,安徽
水果类及其制品-浆果类,063203,石榴（玛瑙）,*Agate* pomegranate,60,79.2,72,303,1.6,0.2,18.4,4.7,0,0.6,—,—,0,0.05,0.03,—,5.0,2.28,Tr,1.25,1.03,6,70,231,0.7,17,0.4,0.20,—,0.15,0.17,安徽
水果类及其制品-浆果类,063204,石榴（青皮）,"Pomegranate, pale green-skinned",55,79.5,71,296,1.2,0.2,18.5,4.9,0,0.6,—,—,0,0.05,0.03,—,8.0,4.53,2.09,0.91,1.53,6,68,243,1.3,15,0.2,0.18,—,0.10,0.15,安徽
水果类及其制品-浆果类,063301,柿,Persimmon,87,80.6,74,308,0.4,0.1,18.5,1.4,0,0.4,10,120,0,0.02,0.02,0.30,30,1.12,1.03,0.09,Tr,9,23,151,0.8,19,0.2,0.08,0.24,0.06,0.50,
水果类及其制品-浆果类,063302,荷柿,*Lotus * persimmon,98,81.7,65,272,0.6,0.2,17.1,3.8,0,0.4,34,440,0,0.03,0.04,0.30,11.0,2.95,Tr,2.80,0.15,9,17,109,1.1,8,0.2,0.18,0.12,0.04,0.04,济南
水果类及其制品-浆果类,063303,磨盘柿,*Millstone* persimmon,98,79.4,79,331,0.7,0.1,19.6,1.5,0,0.2,8,100,0,0.01,—,0.20,10.0,1.33,0.83,0.42,0.08,5,14,135,4.7,3,0.2,0.20,0.31,Tr,0.17,北京
水果类及其制品-浆果类,063304,柿饼,"Persimmon, dried",97,33.8,255,1067,1.8,0.2,62.8,2.6,0,1.4,24,290,0,0.01,Tr,0.50,Tr,0.63,0.32,Tr,0.31,54,55,339,6.4,21,2.7,0.23,0.83,0.14,0.31,北京
水果类及其制品-浆果类,063901x,桑葚（代表值）,Mulberry,100,82.8,57,240,1.7,0.4,13.8,4.1,0,1.3,3,30,0,0.02,0.06,—,—,9.87,—,—,—,37,33,32,2.0,—,0.4,0.26,5.65,0.07,0.28,
水果类及其制品-浆果类,063902,桑葚（白）,"Mulberry, white",100,81.8,60,250,1.8,0.3,14.9,4.9,0,1.2,3,30,0,0.02,0.06,—,—,6.95,—,—,—,43,—,33,2.0,—,0.4,0.27,4.80,0.08,0.26,河北
水果类及其制品-浆果类,063903,桑葚（红）,"Mulberry, purple",100,83.7,55,230,1.6,0.4,12.9,3.3,0,1.4,2,20,0,Tr,0.05,—,—,12.78,—,—,—,30,33,32,1.9,—,0.3,0.25,6.50,0.06,0.29,河北
水果类及其制品-浆果类,063904,桑葚（干）,"Mulberry, dried",100,10.7,298,1245,21.1,6.1,54.2,29.3,0,7.9,—,—,0,0.35,0.61,4.80,7.0,32.68,0.35,24.53,7.80,622,486,159,28.1,332,42.5,6.15,34.00,1.57,3.81,浙江
水果类及其制品-浆果类,063905,醋栗［灯笼果］,Gooseberry,100,87.9,46,192,0.9,0.6,10.2,1.9,0,0.5,—,—,0,0.04,0.03,0.30,28.0,—,—,—,—,25,27,198,1.0,10,0.3,0.12,0.00,0.07,0.14,USA
水果类及其制品-浆果类,063906,黑醋栗［黑加仑］,Currant,100,82.0,66,276,1.4,0.4,15.4,2.4,0,0.9,—,—,0,0.05,0.05,0.30,181.0,—,—,—,—,55,59,322,2.0,24,1.5,0.27,—,0.09,0.26,USA
水果类及其制品-浆果类,063907,沙棘,Sea buckthorn,87,71.0,120,503,0.9,1.8,25.5,0.8,0,0.8,320,3840,0,0.05,0.21,0.40,204.0,0.01,0.01,Tr,Tr,104,54,359,28.0,33,8.8,1.16,2.80,0.56,0.66,
水果类及其制品-浆果类,063908,无花果,Fig,100,81.3,65,272,1.5,0.1,16.0,3.0,0,1.1,3,30,0,0.03,0.02,0.10,2.0,1.82,1.40,0.42,Tr,67,18,212,5.5,17,0.1,1.42,0.67,0.01,0.17,青岛
水果类及其制品-浆果类,063909,中华猕猴桃［毛叶猕猴桃］,Chinese kiwi fruit,83,83.4,61,257,0.8,0.6,14.5,2.6,0,0.7,11,130,0,0.05,0.02,0.30,62.0,2.43,0.77,0.44,1.22,27,26,144,10.0,12,1.2,0.57,0.28,1.87,0.73,
水果类及其制品-浆果类,063910,草莓［洋莓，凤阳草莓］,Strawberry,97,91.3,32,134,1.0,0.2,7.1,1.1,0,0.4,3,30,0,0.02,0.03,0.30,47.0,0.71,0.54,0.17,Tr,18,27,131,4.2,12,1.8,0.14,0.70,0.04,0.49,
水果类及其制品-浆果类,063911,红提子葡萄,Grape or fox grape,86,85.6,54,229,0.4,0.2,13.1,Tr,0,0.7,1,9,0,0.02,0.01,0.07,Tr,0.34,Tr,0.34,Tr,2,20,186,4.4,5,0.2,0.06,0.08,0.04,0.04,山东
水果类及其制品-浆果类,063912,无花果（干）,"Fig, dried",100,11.5,361,1510,3.6,4.3,77.8,—,0,2.9,1,6,0,0.13,0.07,0.79,5.2,—,—,—,—,363,67,898,10.0,96,4.5,0.80,—,—,—,中国台湾
水果类及其制品-热带亚热带水果,065001,芭蕉［甘蕉，板蕉，牙蕉］,Plantain,68,68.9,115,482,1.2,0.1,28.9,3.1,0,0.9,—,—,0,0.02,0.02,0.60,—,—,—,—,—,6,18,330,1.3,29,0.3,0.16,0.81,0.10,0.78,广东
水果类及其制品-热带亚热带水果,065002,菠萝［凤梨，地菠萝］,Pineapple,68,88.4,44,182,0.5,0.1,10.8,1.3,0,0.2,2,20,0,0.04,0.02,0.20,18.0,—,—,—,—,12,9,113,0.8,8,0.6,0.14,0.24,0.07,1.04,
水果类及其制品-热带亚热带水果,065003,菠萝蜜［木菠萝］,Jackfruit flesh,43,73.2,105,438,0.2,0.3,25.7,0.8,0,0.6,2,18,0,0.06,0.05,0.70,9.0,0.52,—,—,—,9,18,330,11.4,24,0.5,0.12,4.17,0.12,0.18,广东
水果类及其制品-热带亚热带水果,065004,刺梨［茨梨，木梨子］,Bureja gooseberry,100,81.0,63,264,0.7,0.1,16.9,4.1,0,1.3,242,2900,0,0.05,0.03,0,2585.0,—,—,—,—,68,13,—,—,—,2.9,—,—,—,—,
水果类及其制品-热带亚热带水果,065005,番石榴［鸡矢果，番桃］,Guava,97,83.9,53,222,1.1,0.4,14.2,5.9,0,0.4,—,—,0,0.02,0.05,0.30,68.0,—,—,—,—,13,16,235,3.3,10,0.2,0.21,1.62,0.08,0.11,
水果类及其制品-热带亚热带水果,065006,桂圆,Longan,50,81.4,71,298,1.2,0.1,16.6,0.4,0,0.7,2,20,0,0.01,0.14,1.30,43.0,—,—,—,—,6,30,248,3.9,10,0.2,0.40,0.83,0.10,0.07,
水果类及其制品-热带亚热带水果,065007,桂圆（干）,Longan，dried,37,26.9,277,1159,5.0,0.2,64.8,2.0,0,3.1,—,—,0,—,0.39,1.30,12.0,—,—,—,—,38,206,1348,3.3,81,0.7,0.55,12.4,1.28,0.30,福建
水果类及其制品-热带亚热带水果,065008,桂圆肉,Longan flesh,100,17.7,317,1328,4.6,1.0,73.5,2.0,0,3.2,—,—,0,0.04,1.03,8.90,27.0,—,—,—,—,39,120,129,7.3,55,3.9,0.65,3.28,0.65,0.43,广东
水果类及其制品-热带亚热带水果,065009,黄皮果,Wampee,59,87.6,39,164,1.6,0.2,9.9,4.3,0,0.7,—,—,0,0.13,0.06,—,35.0,—,—,—,—,Tr,Tr,226,6.5,16,0.4,0.32,0.64,0.04,0.60,广东
水果类及其制品-热带亚热带水果,065010,荔枝,Lychee,73,81.9,71,296,0.9,0.2,16.6,0.5,0,0.4,1,10,0,0.10,0.04,1.10,41.0,—,—,—,—,2,24,151,1.7,12,0.4,0.17,0.14,0.16,0.09,
水果类及其制品-热带亚热带水果,065011,芒果［抹猛果，望果］,Mango,60,90.6,35,146,0.6,0.2,8.3,1.3,0,0.3,75,897,0,0.01,0.04,0.30,23.0,1.21,1.12,0.09,Tr,—,11,138,2.8,14,0.2,0.09,1.44,0.06,0.20,广东
水果类及其制品-热带亚热带水果,065012,木瓜［番木瓜］,Papaya,86,92.2,29,121,0.4,0.1,7.0,0.8,0,0.3,73,870,0,0.01,0.02,0.30,43.0,0.30,Tr,0.30,Tr,17,12,18,28.0,9,0.2,0.25,1.80,0.03,0.05,广东
水果类及其制品-热带亚热带水果,065013,人参果,Silverweed cinquefoil,88,77.1,86,362,0.6,0.7,21.2,3.5,0,0.4,4,50,0,Tr,0.25,0.30,12.0,—,—,—,—,13,7,100,7.1,11,0.2,0.09,1.86,0.04,0.13,广东
水果类及其制品-热带亚热带水果,065015,杨梅［树梅，山杨梅］,Bayberry,82,92.0,30,125,0.8,0.2,6.7,1.0,0,0.3,3,40,0,0.01,0.05,0.30,9.0,0.81,0.81,Tr,Tr,14,8,149,0.7,10,1.0,0.14,0.31,0.02,0.72,
水果类及其制品-热带亚热带水果,065016,杨桃,Common averrhoa,88,91.4,31,131,0.6,0.2,7.4,1.2,0,0.4,2,20,0,0.02,0.03,0.70,7.0,—,—,—,—,4,18,128,1.4,10,0.4,0.39,0.83,0.04,0.36,
水果类及其制品-热带亚热带水果,065017,椰子,Coconut,33,51.8,241,1007,4.0,12.1,31.3,4.7,0,0.8,—,—,0,0.01,0.01,0.50,6.0,—,—,—,—,2,90,475,55.6,65,1.8,0.92,—,0.19,0.06,广东
水果类及其制品-热带亚热带水果,065018,枇杷,Loquat,62,89.3,41,170,0.8,0.2,9.3,0.8,0,0.4,—,—,0,0.01,0.03,0.30,8.0,0.24,0.24,Tr,Tr,17,8,122,4.0,10,1.1,0.21,0.72,0.06,0.34,
水果类及其制品-热带亚热带水果,065019,橄榄（白榄）,Chinese olive，white,80,83.1,57,240,0.8,0.2,15.1,4.0,0,0.8,11,130,0,0.01,0.01,0.70,3.0,—,—,—,—,49,18,23,Tr,10,0.2,0.25,0.35,Tr,0.48,福建
水果类及其制品-热带亚热带水果,065020,余柑子［油柑子］,Emblic leaf flower,80,86.6,45,188,0.3,0.1,12.4,3.4,0,0.6,4,50,0,—,0.01,0.50,62.0,—,—,—,—,6,9,15,Tr,8,0.2,0.10,1.13,Tr,0.95,福建
水果类及其制品-热带亚热带水果,065021,桂圆（干）,Longan，dried,34,14.0,319,1352,5.6,0.2,76.2,—,0,4.0,—,—,0,0.01,0.58,2.67,—,—,—,—,—,8,135,891,3.2,39,1.1,0.61,0.19,0.89,0.42,广东
水果类及其制品-热带亚热带水果,065022,红毛丹,Rambutan,79,80.0,82,345,1.0,1.2,17.5,0.5,0,0.3,Tr,Tr,0,0.01,0.04,0.31,35.0,Tr,Tr,Tr,Tr,11,20,13,2.3,12,0.3,0.24,0.11,0.21,0.35,
水果类及其制品-热带亚热带水果,065023,火龙果［仙蜜果、红龙果］,Pitaya or dragon fruit,69,84.8,55,234,1.1,0.2,13.3,1.6,0,0.6,Tr,Tr,0,0.03,0.02,0.22,3.0,0.14,0.14,Tr,Tr,7,35,20,2.7,30,0.3,0.29,0.03,0.04,0.19,
水果类及其制品-热带亚热带水果,065024,荔枝（干）,Litchi，dried,56,15.0,328,1389,4.5,1.2,77.4,—,0,1.9,—,—,0,0.00,0.32,2.25,—,—,—,—,—,12,114,—,—,—,—,0.01,—,0.05,0.06,福建
水果类及其制品-热带亚热带水果,065025,榴莲,Durian,37,64.5,150,632,2.6,3.3,28.3,1.7,0,1.3,2,20,0,0.20,0.13,1.19,2.8,2.28,2.28,Tr,Tr,4,38,261,2.9,27,0.3,0.16,3.26,0.12,0.22,泰国
水果类及其制品-热带亚热带水果,065026,芒果（大头）,Mango，*Datou*,68,86.1,52,222,0.5,0.1,12.9,1.1,0,0.4,173,2080,0,0.03,0.01,0.40,14.0,—,—,—,—,7,12,153,3.6,10,0.5,0.14,0.25,0.10,0.24,云南
水果类及其制品-热带亚热带水果,065027,木瓜［番木瓜］,Papaya,89,91.7,30,128,0.6,Tr,7.2,0.5,0,0.5,—,—,0,0.01,0.02,1.30,31.0,Tr,Tr,Tr,Tr,22,11,182,10.4,17,0.6,0.12,0.37,0.03,0.05,云南
水果类及其制品-热带亚热带水果,065028,酸木瓜,sour papaya,79,87.8,41,174,0.3,0.2,11.1,3.0,0,0.6,Tr,Tr,0,0.02,0.01,0.20,106.0,—,—,—,—,20,11,260,1.9,11,0.8,0.55,0.20,0.06,0.08,云南
水果类及其制品-热带亚热带水果,065029,蒲桃［香果、水石榴］,Rose apple,69,88.9,41,172,0.6,Tr,10.1,1.1,0,0.4,1,10,0,0.24,0.10,—,3.1,0.19,—,—,—,121,111,10,—,24,2.2,1.52,—,0.73,0.07,贵州
水果类及其制品-热带亚热带水果,065030,山竹,Mangosteen,25,81.2,72,307,0.4,0.2,18.0,0.4,0,0.2,Tr,Tr,0,0.08,0.02,0.30,1.2,0.36,Tr,0.36,Tr,11,9,48,3.8,19,0.3,0.06,0.54,0.03,0.10,
水果类及其制品-热带亚热带水果,065031,香蕉（红皮）,Banana，red skin，from Hainan,70,77.1,86,364,1.1,0.2,20.8,—,0,0.8,3,36,0,0.02,0.02,0.51,4.9,0.20,0.20,Tr,Tr,9,17,208,3.2,33,0.2,0.04,0.07,0.10,0.07,海南
水果类及其制品-热带亚热带水果,065032,香蕉（红皮）,Banana，red skin，from Thailand,67,78.1,81,345,1.1,0.2,19.7,—,0,0.9,3,38,0,0.01,0.02,0.47,5.7,0.19,0.19,Tr,Tr,9,15,189,3.1,34,0.2,0.07,0.06,0.09,0.12,泰国
水果类及其制品-热带亚热带水果,065033,香蕉［甘蕉］,Banana,59,75.8,93,389,1.4,0.2,22.0,1.2,0,0.6,5,60,0,0.02,0.04,0.70,8.0,0.24,0.24,Tr,Tr,7,28,256,0.8,43,0.4,0.18,0.87,0.14,0.65,
水果类及其制品-瓜果类,066101,白金瓜,"Conomon, white-skinned",70,93.0,25,106,0.4,—,6.2,0.5,0,0.4,8,100,0,0.05,0.08,0.70,17.0,—,—,—,—,12,13,182,1.6,10,0.4,0.26,0.37,0.08,—,武汉
水果类及其制品-瓜果类,066102,白兰瓜,"Honeydew, white-skinned, light green pulp",55,93.2,23,96,0.6,0.1,5.3,0.8,0,0.8,3,40,0,0.02,0.03,0.60,14.0,—,—,—,—,24,13,—,—,—,0.9,—,—,—,—,
水果类及其制品-瓜果类,066103,哈密瓜,*Hami* cantaloup,71,91.0,34,143,0.5,0.1,7.9,0.2,0,0.5,77,920,0,—,0.01,—,12.0,—,—,—,—,4,19,190,26.7,19,Tr,0.13,1.10,0.01,0.01,北京
水果类及其制品-瓜果类,066104,黄河蜜瓜,*Yellow River* honey melon,56,95.0,11,47,0.4,Tr,4.0,3.2,0,0.6,15,180,0,0.02,0.01,0.50,15.0,—,—,—,—,—,—,—,—,—,—,—,—,—,—,甘肃
水果类及其制品-瓜果类,066105,金塔寺瓜,*Jintasi* melon,81,96.9,10,41,0.6,0.1,2.0,0.7,0,0.4,—,—,0,Tr,0.03,0.50,18.0,—,—,—,—,—,—,—,—,—,—,—,—,—,—,兰州
水果类及其制品-瓜果类,066106,灵蜜瓜,*Lingmi* melon,71,98.1,4,15,0.5,0.1,0.4,0.4,0,1.3,—,—,0,Tr,0.04,—,Tr,—,—,—,—,12,1,62,5.2,—,0.5,Tr,0.20,Tr,0.01,河北
水果类及其制品-瓜果类,066107,麻醉瓜,*Chamring* melon,66,95.2,17,72,0.7,0.1,3.6,0.4,0,0.4,—,—,0,Tr,0.03,0.40,17.0,—,—,—,—,—,—,—,—,—,—,—,—,—,—,兰州
水果类及其制品-瓜果类,066108,甜瓜［香瓜］,Casaba,78,92.9,26,111,0.4,0.1,6.2,0.4,0,0.4,3,30,0,0.02,0.03,0.30,15.0,0.47,0.11,0.29,0.07,14,17,139,8.8,11,0.7,0.09,0.40,0.04,0.04,
水果类及其制品-瓜果类,066201x,西瓜（代表值）,Watermelon,59,92.3,31,108,0.5,0.3,6.8,0.2,0,0.2,14,173,0,0.02,0.04,0.30,5.7,0.11,0.11,0.01,0.03,7,12,97,3.3,14,0.4,0.09,0.09,0.03,0.03,甘肃
水果类及其制品-瓜果类,066202,西瓜（京欣一号）,"Watermelon, *Jingxin #1*",59,91.2,34,142,0.5,Tr,8.1,0.2,0,0.2,7,80,0,0.02,0.04,0.40,7.0,0.03,0.03,Tr,Tr,10,13,79,4.2,11,0.5,0.10,0.08,0.02,0.05,
水果类及其制品-瓜果类,066203,西瓜（郑州三号）,"Watermelon, *Zhengzhou #3*",59,93.4,26,108,0.6,0.1,5.7,0.2,0,0.2,18,210,0,0.02,0.04,0.30,4.0,0.13,0.13,Tr,Tr,4,11,115,2.4,10,0.2,0.07,0.10,0.04,0.01,
水果类及其制品-瓜果类,066204,西瓜（忠于6号，黑皮）,"Watermelon, *Zhongyu #6*, dark green-skinned",64,92.3,32,135,0.5,0.5,6.5,0.1,0,0.2,19,230,0,0.01,0.03,0.20,6.0,0.16,0.16,Tr,Tr,—,—,—,—,22,—,—,—,—,—,
水果类及其制品-瓜果类,066205,子瓜,Seed-watermelon,46,98.7,5,21,0.2,0.3,0.6,0.5,0,0.2,—,—,0,—,0.03,0.10,10.0,—,—,—,—,—,—,—,—,—,—,—,—,—,—,河北
水果类及其制品-瓜果类,066206,小西瓜［地雷瓜］,"Water melon, small",62,92.1,30,128,0.8,0.1,6.7,—,0,0.3,5,58,0,0.02,0.02,0.13,2.0,Tr,Tr,Tr,Tr,6,9,177,4.8,9,0.2,0.08,0.11,0.02,0.02,
畜肉类及其制品-其他,089001,狗肉,Dog meat,80,76.0,116,486,16.8,4.6,1.8,0.0,62,0.8,12,0,12,0.34,0.20,3.50,Tr,1.40,1.40,Tr,Tr,52,107,140,47.4,14,2.9,3.18,14.75,0.14,0.13,
畜肉类及其制品-其他,089002,骆驼蹄,Camel leg,100,72.2,116,490,25.6,1.4,0.2,0.0,55,0.6,9,0,9,0.01,—,—,Tr,—,—,—,—,36,53,48,210.3,8,4.0,4.81,20.16,1.08,0.09,甘肃
畜肉类及其制品-其他,089003,骆驼掌,Camel hoof,100,21.9,310,1317,72.8,2.0,0.3,0.0,360,3.0,26,0,26,0.03,—,—,Tr,—,—,—,—,152,23,69,170.6,59,0.3,2.81,—,2.61,0.59,甘肃
畜肉类及其制品-其他,089004,兔肉,Rabbit meat,100,76.2,102,432,19.7,2.2,0.9,0.0,59,1.0,26,0,26,0.11,0.10,5.80,Tr,0.42,0.16,0.05,0.21,12,165,284,45.1,15,2.0,1.30,10.93,0.12,0.04,
畜肉类及其制品-其他,089005,兔肉（野）,"Hare meat, wild",100,80.6,84,356,16.6,2.0,0.0,0.0,48,0.8,—,0,—,0.21,—,—,Tr,—,—,—,—,23,293,371,88.3,46,7.4,7.81,10.35,0.18,0.04,甘肃
畜肉类及其制品-其他,089006,鹿肉（养殖梅花鹿）,,100,78.0,92,388,19.7,1.3,0.3,0.0,5,0.7,Tr,0,Tr,0.05,0.24,—,Tr,Tr,Tr,Tr,Tr,4,177,196,32.7,12,2.3,2.23,4.65,0.01,—,吉林
畜肉类及其制品-牛,082101x,牛肉（代表值，fat9g）,Beef，lean and fat,100,69.8,160,669,20.0,8.7,0.5,0.0,58,1.1,3,0,3,0.04,0.11,4.15,Tr,0.68,0.48,0.10,0.10,5,182,212,64.1,22,1.8,4.70,3.15,0.05,0.03,
畜肉类及其制品-牛,082102,牛肉（肋条）,Beef，short rib,100,75.1,123,516,18.6,5.4,0.0,0.0,71,1.0,7,0,7,0.06,0.13,3.10,Tr,0.37,0.37,Tr,Tr,19,120,217,66.6,14,2.7,4.05,2.35,0.07,0.06,
畜肉类及其制品-牛,082103,牛肉（后腿）,Beef，round,100,74.9,106,448,20.9,2.0,1.1,0.0,74,1.1,3,0,3,0.04,0.14,6.10,Tr,0.97,0.87,Tr,0.10,5,210,197,45.4,21,3.3,4.07,4.96,0.11,0.02,
畜肉类及其制品-牛,082104,牛肉（后腱）,Beef，hind shank,94,75.6,98,416,20.1,1.0,2.2,0.0,54,1.1,3,0,3,0.03,0.15,4.80,Tr,0.78,0.78,Tr,Tr,5,195,182,85.3,20,4.2,3.93,3.82,0.10,0.04,
畜肉类及其制品-牛,082105,牛肉（里脊肉）［牛柳］,Beef，tenderloin,100,73.2,107,452,22.2,0.9,2.4,0.0,63,1.3,4,0,4,0.05,0.15,7.20,Tr,0.80,0.70,0.10,Tr,3,241,140,75.1,29,4.4,6.92,2.76,0.11,Tr,青海
畜肉类及其制品-牛,082106,牛肉（前腿）,Beef，fore leg,100,74.9,105,442,19.2,1.8,2.9,0.0,71,1.2,3,0,3,0.04,0.16,4.90,Tr,0.67,0.67,Tr,Tr,5,181,176,69.9,20,2.8,4.50,3.51,0.11,0.05,
畜肉类及其制品-牛,082107,牛肉（前腱）,Beef，shoulder,95,72.2,113,480,20.3,1.3,5.1,0.0,80,1.1,2,0,2,0.04,0.18,5.00,Tr,0.38,0.38,Tr,Tr,5,181,182,83.1,22,3.2,7.61,4.97,0.11,—,
畜肉类及其制品-牛,082108x,牛肉（代表值，瘦，fat3g）,Beef，lean,100,73.7,113,479,21.3,2.5,1.3,0.0,60,1.1,4,0,4,0.04,0.13,4.92,Tr,0.83,0.63,0.10,0.10,5,182,212,64.1,22,2.3,5.09,3.47,0.06,0.03,
畜肉类及其制品-牛,082109,牛蹄筋（生）,Beef，tendon，raw,100,62.0,151,642,34.1,0.5,2.6,0.0,—,0.8,Tr,0,Tr,0.07,0.13,0.70,Tr,—,—,—,—,5,150,23,153.6,10,3.2,0.81,1.70,Tr,Tr,北京
畜肉类及其制品-牛,082110,牛蹄筋（泡发）,Beef，tendon，soaked in water,100,93.6,25,105,6.0,Tr,0.2,0.0,10,0.2,5,0,5,Tr,Tr,0.00,Tr,—,—,—,—,6,5,1,81.0,3,2.3,0.73,5.10,0.19,Tr,青海
畜肉类及其制品-牛,082111,牛肉（背部肉）［上脑］,,100,66.4,193,806,17.4,12.4,3.0,0.0,56,0.8,Tr,0,Tr,0.04,0.08,2.28,Tr,0.17,0.17,Tr,Tr,—,—,—,—,—,0.7,4.65,1.84,0.01,Tr,河北
畜肉类及其制品-牛,082112,牛肉（里脊肉）［牛柳］,,100,72.0,134,564,22.3,5.0,0.0,0.0,44,1.1,Tr,0,Tr,0.04,0.10,6.24,Tr,Tr,Tr,Tr,Tr,3,241,140,75.1,29,0.4,4.73,3.57,0.01,Tr,河北
畜肉类及其制品-牛,082113,牛肉（臀部肉）［紫盖、白板］,,100,72.8,117,496,22.6,2.6,0.9,0.0,22,1.1,Tr,0,Tr,0.05,0.09,4.86,Tr,Tr,Tr,Tr,Tr,2,159,325,40.2,22,1.4,5.48,3.63,0.01,0.02,河北
畜肉类及其制品-牛,082114,牛肉（肩部肉）［肩肉］,,100,53.3,342,1413,14.1,31.7,0.0,0.0,51,0.9,1,0,1,0.02,0.06,1.66,Tr,0.19,0.19,Tr,Tr,—,—,—,—,—,0.5,2.59,2.32,0.01,Tr,河北
畜肉类及其制品-牛,082115,牛肉（胸部肉）［牛胸］,,100,58.8,326,1348,16.6,28.8,0.0,0.0,56,0.8,Tr,0,Tr,0.02,0.09,1.90,Tr,0.23,0.23,Tr,Tr,—,—,—,—,—,0.7,4.55,1.75,0.01,Tr,河北
畜肉类及其制品-牛,082116,牛肉（腹部肉）［牛腩］,,100,57.6,332,1375,17.1,29.3,0.0,0.0,44,1.0,Tr,0,Tr,0.02,0.06,2.20,Tr,Tr,Tr,Tr,Tr,—,—,—,—,—,0.6,2.69,3.20,0.01,Tr,河北
畜肉类及其制品-牛,082117,牛肉（膝圆肉）［和尚头］,,100,74.6,106,449,22.4,1.8,0.1,0.0,43,1.1,Tr,0,Tr,0.04,0.10,3.44,Tr,Tr,Tr,Tr,Tr,1,154,316,43.5,21,1.2,4.82,3.06,0.01,0.02,河北
畜肉类及其制品-牛,082118,牛肉（股内肉）［针扒、米龙、黄瓜条］,,100,72.5,119,502,22.8,2.9,0.4,0.0,74,1.4,Tr,0,Tr,0.04,0.08,4.82,Tr,Tr,Tr,Tr,Tr,2,141,275,37.8,20,1.0,4.81,2.98,0.01,0.02,河北
畜肉类及其制品-牛,082119,牛肉（小腿肉）［牛展、牛腱子］,,100,73.4,122,513,23.0,3.3,0.0,0.0,61,1.0,Tr,0,Tr,0.03,0.13,3.69,Tr,Tr,Tr,Tr,Tr,5,181,182,83.1,22,0.3,5.07,2.54,0.01,Tr,河北
畜肉类及其制品-牛,082120,牦牛肉,,100,70.9,119,502,23.1,1.4,3.4,0.0,63,1.2,1,0,1,0.05,0.22,4.44,Tr,0.68,0.58,0.03,0.07,28,208,37,25.8,26,3.6,3.45,0.98,0.13,0.08,西藏
畜肉类及其制品-牛,082121,牦牛牛腱肉（冻，鲜）,,100,74.9,100,424,21.2,0.8,2.0,0.0,58,1.1,Tr,0,Tr,0.08,0.23,3.03,Tr,0.34,0.21,0.03,0.10,9,207,38,39.1,28,3.0,4.37,0.99,0.10,0.08,西藏
畜肉类及其制品-牛,082122,牦牛牛霖肉（冻，鲜）,,100,72.6,110,465,22.5,1.0,2.7,0.0,58,1.2,Tr,0,Tr,0.05,0.22,5.52,Tr,0.54,0.43,0.03,0.08,8,230,42,30.3,30,4.0,4.28,0.94,0.10,0.04,西藏
畜肉类及其制品-牛,082201,牛鞭（泡发）,Beef，penis，soaked in water,100,71.8,117,496,27.2,0.9,0.0,0.0,—,0.1,—,0,—,Tr,Tr,Tr,Tr,—,—,—,—,10,18,4,32.0,9,3.0,1.05,2.03,0.01,0.02,青海
畜肉类及其制品-牛,082202,牛大肠,Beef，large intestine,100,85.9,66,279,11.0,2.3,0.4,0.0,124,0.4,—,0,—,0.03,0.08,1.20,—,—,—,—,—,12,102,55,28.0,—,2.0,1.05,10.94,0.03,—,郑州
畜肉类及其制品-牛,082203,牛肚,Beef，tripe,100,83.4,72,306,14.5,1.6,0.0,0.0,104,0.6,2,0,2,0.03,0.13,2.50,—,0.51,0.51,Tr,Tr,40,104,162,60.6,17,1.8,2.31,9.07,0.07,0.21,
畜肉类及其制品-牛,082204,牛肺,Beef，lung,100,78.6,95,399,16.5,2.5,1.5,0.0,306,0.9,12,0,12,0.04,0.21,3.40,—,0.34,0.34,Tr,Tr,8,269,197,154.8,14,11.7,2.67,13.61,0.22,0.16,
畜肉类及其制品-牛,082205,牛肝,Beef，liver,100,68.7,139,586,19.8,3.9,6.2,0.0,297,1.4,20220,0,20220,0.16,1.30,11.90,—,0.13,0.13,Tr,Tr,4,252,185,45.0,22,6.6,5.01,11.99,1.34,0.37,
畜肉类及其制品-牛,082206,牛脑,Beef，brain,100,75.1,149,621,12.5,11.0,0.1,0.0,2447,1.3,—,0,—,0.15,0.25,4.00,—,—,—,—,—,6,435,300,185.6,20,4.7,4.69,20.34,0.28,0.08,甘肃
畜肉类及其制品-牛,082207,牛舌,Beef，tongue,100,66.7,196,815,17.0,13.3,2.0,0.0,92,1.0,8,0,8,0.10,0.16,3.60,—,0.55,—,—,—,6,151,236,58.4,18,3.1,3.39,13.84,0.09,0.03,
畜肉类及其制品-牛,082208,牛肾,Beef，kidney,89,78.3,94,398,15.6,2.4,2.6,0.0,295,1.1,88,0,88,0.24,0.85,7.70,—,0.19,—,—,—,8,214,190,180.8,13,9.4,2.17,70.25,0.16,0.06,
畜肉类及其制品-牛,082209,牛心,Beef，heart,100,77.2,106,444,15.4,3.5,3.1,0.0,115,0.8,17,0,17,0.26,0.39,6.80,5.0,0.19,0.19,Tr,Tr,4,178,282,47.9,25,5.9,2.41,14.80,0.37,0.06,
畜肉类及其制品-牛,082210,牛百叶（黑）,,100,85.6,70,295,13.2,1.9,0.0,0.0,71,0.4,Tr,0,Tr,0.02,0.15,—,—,Tr,Tr,Tr,Tr,40,104,162,60.6,17,2.1,7.03,3.80,0.01,0.04,河北
畜肉类及其制品-牛,082301,酱牛肉,Beef，lean and fat，spiced，cooked with soy sauce,100,50.7,246,1029,31.4,11.9,3.2,0.0,76,2.8,11,0,11,0.05,0.22,4.40,—,1.25,0.99,0.19,0.07,20,178,148,869.2,27,4.0,7.12,4.35,0.14,0.25,
畜肉类及其制品-牛,082302,煨牛肉（罐头）,Beef，stewed，lean and fat，canned,100,70.1,166,693,16.7,11.0,0.1,0.0,84,2.1,Tr,—,Tr,0.04,0.09,6.50,—,1.22,1.22,Tr,Tr,66,82,95,609.4,17,2.7,4.50,4.70,0.08,0.13,北京
畜肉类及其制品-牛,082303,牛肉干,Beef，dried,100,9.3,550,2288,45.6,40.0,1.9,0.0,120,3.2,—,—,—,0.06,0.26,15.20,—,—,—,—,—,43,464,510,412.4,107,15.6,7.26,9.80,0.29,0.19,内蒙古
畜肉类及其制品-牛,082304,咖哩牛肉干,Beef，curried，dried,100,13.3,326,1382,45.9,2.7,29.5,0.0,116,8.6,86,—,86,0.01,0.27,6.10,—,15.33,1.45,9.55,4.33,65,289,576,2075.0,26,18.3,7.60,5.20,0.25,0.54,青海
畜肉类及其制品-牛,082305,牛肉松,Beef floss，with salt，soy sauce and sugar,100,2.7,445,1871,8.2,15.7,67.7,0.0,169,5.7,90,—,90,0.04,0.11,0.90,—,18.24,1.95,12.59,3.70,76,74,128,1945.7,52,4.6,0.55,2.66,0.05,0.83,北京
畜肉类及其制品-牛,082306,牛蹄筋（熟）,Beef，tendon，cooked,100,64.0,147,622,35.2,0.6,0.1,0.0,51,0.1,—,—,Tr,—,—,—,—,—,—,—,—,13,22,48,99.3,8,1.7,0.99,4.35,0.04,0.04,甘肃
畜肉类及其制品-牛,082307,牛肉（酱，五香）,,100,55.5,229,960,33.2,10.7,0.0,0.0,41,2.1,Tr,—,Tr,0.02,0.12,5.33,—,1.41,1.18,0.23,Tr,11,163,327,926.0,18,3.1,13.60,9.96,0.15,0.21,北京
畜肉类及其制品-牛,082308,牛肉（清香）,,100,63.6,200,835,25.8,10.7,0.0,0.0,39,3.7,Tr,—,Tr,0.02,0.09,7.22,—,0.32,0.32,Tr,Tr,5,227,217,935.0,6,2.6,8.08,15.36,0.08,0.02,北京
畜肉类及其制品-牛,082309,牛腱子（香叶）,,100,53.9,205,863,35.6,5.5,3.2,0.0,47,1.8,Tr,—,Tr,0.03,0.14,—,—,0.37,0.37,Tr,Tr,9,160,229,880.4,18,6.0,8.82,2.97,0.12,0.11,北京
畜肉类及其制品-牛,082310,牛肉干（长富牌）,,100,14.6,342,1447,41.8,5.1,32.2,0.0,—,6.3,Tr,—,Tr,0.29,0.14,4.81,—,Tr,Tr,Tr,Tr,34,183,112,1529.0,31,10.0,5.51,25.64,0.16,0.20,重庆
畜肉类及其制品-牛,082311,牛肉干（沙爹牌）,,100,16.8,327,1386,40.1,3.6,33.6,0.0,—,5.9,—,—,—,0.07,0.13,6.40,9.0,—,—,—,—,29,188,265,1402.5,43,7.3,5.81,3.92,1.44,1.34,云南
畜肉类及其制品-猪,081101x,猪肉（代表值，fat30g）,Pork，lean and fat,91,54.9,331,1370,15.1,30.1,0.0,0.0,86,0.8,15,0,15,0.30,0.13,4.10,Tr,0.67,0.41,0.16,0.10,6,121,218,56.8,16,1.3,1.78,7.90,0.12,0.03,
畜肉类及其制品-猪,081102,猪肥肉（肥，fat89g）,Pork，fatty,100,8.8,807,3319,2.4,88.6,0.0,0.0,109,0.2,29,0,29,0.08,0.05,0.90,Tr,0.24,—,0.12,0.12,3,18,23,19.5,2,1.0,0.69,7.78,0.05,0.03,
畜肉类及其制品-猪,081103,猪肉（后臀尖）,Pork，rump,97,54.0,336,1388,14.6,30.8,0.0,0.0,87,0.6,16,0,16,0.26,0.11,2.80,Tr,0.95,0.95,Tr,Tr,5,130,178,57.5,12,1.0,0.84,2.94,0.13,Tr,
畜肉类及其制品-猪,081104,猪肉（后肘）,Pork，rear hock,73,57.6,320,1325,17.0,28.0,0.0,0.0,79,0.6,8,0,8,0.37,0.18,2.60,Tr,0.48,0.48,Tr,Tr,6,142,188,76.8,12,1.0,1.77,6.87,0.19,0.01,
畜肉类及其制品-猪,081105,猪肉（肋条肉）,Pork，spare ribs（meat only）,96,31.1,568,2341,9.3,59.0,0.0,0.0,109,0.6,10,0,10,0.09,0.04,2.40,Tr,0.05,0.05,Tr,Tr,6,96,214,80.0,17,1.0,1.61,3.70,0.05,0.02,
畜肉类及其制品-猪,081107,猪肉（奶脯）［软五花，猪夹心］,Pork，side bacon,85,56.8,349,1437,7.7,35.3,0.0,0.0,98,0.2,39,0,39,0.14,0.06,2.00,Tr,0.49,—,—,—,5,67,53,36.7,5,0.8,0.73,2.22,0.13,Tr,北京
畜肉类及其制品-猪,081108,猪肉（奶面）［硬五花］,Pork，belly bacon,79,53.0,339,1401,13.6,30.6,2.2,0.0,77,0.6,10,0,10,0.36,0.15,3.10,Tr,0.20,0.20,Tr,Tr,6,120,168,52.0,15,1.3,2.20,6.05,0.12,0.01,
畜肉类及其制品-猪,081109,猪肉（前肘）,Pork，shoulder,77,56.2,287,1191,17.3,22.9,2.9,0.0,79,0.7,16,0,16,0.28,0.13,3.40,Tr,0.58,0.58,Tr,Tr,5,181,137,122.3,16,3.5,2.07,32.48,0.22,—,
畜肉类及其制品-猪,081110,猪肉（瘦）,Pork，lean,100,71.0,143,600,20.3,6.2,1.5,0.0,81,1.0,44,0,44,0.54,0.10,5.30,Tr,0.34,0.29,0.05,Tr,6,189,305,57.5,25,3.0,2.99,9.50,0.11,0.03,
畜肉类及其制品-猪,081110x,猪肉（瘦，fat8g）,,100,71.2,153,641,20.7,7.8,0.0,0.0,64,1.1,Tr,0,Tr,0.31,0.10,5.30,Tr,0.26,0.26,—,—,2,141,305,54.0,23,1.1,2.20,8.32,0.06,0.03,
畜肉类及其制品-猪,081111,猪肉（腿）,Pork，ham,100,67.6,190,792,17.9,12.8,0.8,0.0,79,0.9,3,0,3,0.53,0.24,4.90,Tr,0.30,0.01,0.18,0.11,6,185,295,63.0,25,0.9,2.18,13.40,0.14,0.04,
畜肉类及其制品-猪,081111x,猪肉（fat12g）,,100,68.2,181,757,19.0,11.7,0.2,0.0,73,1.0,3,0,3,0.49,0.17,4.79,Tr,0.18,0.18,—,—,4,197,315,55.5,23,0.9,2.24,9.88,0.14,0.03,
畜肉类及其制品-猪,081112,猪肉（猪脖）,Pork，neck,90,31.1,577,2375,8.0,60.5,0.0,0.0,94,0.4,18,0,18,0.21,0.07,1.70,Tr,0.61,0.55,Tr,0.06,4,77,99,54.0,7,1.2,0.59,2.21,0.14,Tr,北京
畜肉类及其制品-猪,081113,猪大肠,Pork，large intestine,100,73.6,196,809,6.9,18.7,0.0,0.0,137,0.8,7,0,7,0.06,0.11,1.90,—,0.50,0.42,0.08,Tr,10,56,44,116.3,8,1.0,0.98,16.95,0.06,0.07,
畜肉类及其制品-猪,081114,猪大排,Pork，spare ribs,68,58.8,264,1095,18.3,20.4,1.7,0.0,165,0.8,12,0,12,0.80,0.15,5.30,Tr,0.11,0.11,Tr,Tr,8,125,274,44.5,17,0.8,1.72,10.30,0.12,0.05,
畜肉类及其制品-猪,081115,猪耳,Pork，ear,100,69.4,176,735,19.1,11.1,0.0,0.0,92,0.4,Tr,0,Tr,0.05,0.12,3.50,Tr,0.85,0.50,0.35,Tr,6,28,58,68.2,3,1.3,0.35,4.02,Tr,0.01,山东
畜肉类及其制品-猪,081116,猪蹄,Pork，trotter,60,58.2,260,1080,22.6,18.8,0.0,0.0,192,0.4,3,0,3,0.05,0.10,1.50,Tr,0.01,0.01,Tr,Tr,33,33,54,101.0,5,1.1,1.14,5.85,0.09,0.01,
畜肉类及其制品-猪,081117,猪蹄筋,Pork，tendon,100,62.4,156,660,35.3,1.4,0.5,0.0,79,0.4,Tr,0,Tr,0.01,0.09,2.90,Tr,0.10,0.10,Tr,Tr,15,40,46,178.0,4,2.2,2.30,10.27,0.04,0.02,
畜肉类及其制品-猪,081118,猪头皮,Pork，head skin,100,30.6,499,2067,11.8,44.6,12.7,0.0,304,0.3,—,0,—,0.10,0.05,—,Tr,0.15,0.09,Tr,0.06,13,37,62,72.4,56,1.7,1.18,—,0.08,1.25,合肥
畜肉类及其制品-猪,081120,猪肘棒,Pork，hock,67,55.5,248,1032,16.5,16.0,9.4,0.0,65,2.6,Tr,0,Tr,0.10,0.09,6.60,Tr,—,—,—,—,19,122,148,80.0,5,1.5,1.54,7.30,0.13,Tr,北京
畜肉类及其制品-猪,081121,猪肉（前臀尖，杜长大猪）,,100,58.6,289,1196,15.3,25.3,0.0,0.0,80,0.8,8,0,8,0.27,0.12,4.20,Tr,0.57,0.57,Tr,Tr,1,69,222,54.0,17,1.1,2.45,6.67,Tr,Tr,河北
畜肉类及其制品-猪,081122,猪肉（前臀尖，良杂猪）,,100,53.7,334,1382,14.2,30.4,0.9,0.0,41,0.8,9,0,9,0.24,0.11,3.14,Tr,0.69,0.69,Tr,Tr,1,97,308,53.9,20,1.1,1.91,5.25,Tr,0.02,河北
畜肉类及其制品-猪,081123,猪肉（后臀尖，杜长大猪）,,100,71.2,165,690,20.8,9.1,0.0,0.0,43,1.1,Tr,0,Tr,0.31,0.13,8.02,Tr,—,—,—,—,2,134,222,54.0,17,1.1,2.24,9.92,Tr,Tr,河北
畜肉类及其制品-猪,081124,猪肉（后臀尖，良杂猪）,,100,68.8,175,729,20.0,10.5,0.0,0.0,66,1.1,Tr,0,Tr,0.45,0.10,4.67,Tr,0.34,0.34,Tr,Tr,1,208,334,47.9,21,0.9,2.29,6.36,Tr,0.02,河北
畜肉类及其制品-猪,081125,猪肉（硬肋，杜长大猪）,,100,36.5,557,2296,10.8,57.1,0.0,0.0,61,0.6,12,0,12,0.21,0.08,2.81,Tr,—,—,—,—,3,84,222,54.0,17,1.1,1.23,5.26,Tr,Tr,河北
畜肉类及其制品-猪,081126,猪肉（硬肋，良杂猪）,,100,38.4,536,2210,11.6,54.4,0.0,0.0,81,0.6,12,0,12,0.15,0.08,2.70,Tr,1.03,0.75,0.28,Tr,1,105,222,54.0,17,1.1,1.33,5.31,Tr,Tr,河北
畜肉类及其制品-猪,081127,猪肉（通脊，杜长大猪）,,100,70.7,159,668,22.3,7.8,0.0,0.0,151,1.2,Tr,0,Tr,0.28,0.10,9.67,Tr,0.22,0.22,Tr,Tr,2,92,222,54.0,17,1.1,1.54,8.13,Tr,Tr,河北
畜肉类及其制品-猪,081128,猪肉（通脊，良杂猪）,,100,73.2,140,589,20.7,6.4,0.0,0.0,64,1.1,Tr,0,Tr,0.20,0.08,6.98,Tr,0.15,0.15,Tr,Tr,2,141,338,46.5,23,0.9,2.20,6.72,Tr,0.02,河北
畜肉类及其制品-猪,081129,猪肉（里脊）,,100,74.7,150,626,19.6,7.9,0.0,0.0,55,1.2,Tr,0,Tr,0.32,0.20,6.37,Tr,0.33,0.33,Tr,Tr,6,184,317,43.2,28,1.5,2.01,8.32,0.01,Tr,河北
畜肉类及其制品-猪,081130,猪皮,,100,46.9,363,1506,27.4,28.1,0.0,0.0,100,0.5,3,0,3,0.03,0.14,0.63,Tr,Tr,Tr,Tr,Tr,13,37,62,72.4,56,1.7,0.67,4.68,Tr,Tr,河北
畜肉类及其制品-猪,081131,猪小排（杜长大猪）,,70,60.0,295,1222,16.8,25.3,0.0,0.0,120,0.8,7,0,7,0.31,0.26,4.11,Tr,0.46,0.46,Tr,Tr,14,101,222,62.6,17,1.1,2.42,8.46,Tr,Tr,河北
畜肉类及其制品-猪,081132,猪小排（良杂猪）,,61,55.4,351,1450,14.1,32.7,0.0,0.0,68,0.8,6,0,6,0.30,0.32,3.09,Tr,0.72,0.72,Tr,Tr,36,117,230,62.6,14,1.4,2.20,5.94,Tr,Tr,河北
畜肉类及其制品-猪,081133,猪腿肉（藏香猪）,,100,56.1,268,1115,17.5,19.2,6.3,0.0,61,0.9,6,0,6,0.19,0.22,3.36,Tr,0.47,0.36,0.02,0.09,15,164,30,45.8,21,2.0,1.90,0.80,0.07,0.04,西藏
畜肉类及其制品-猪,081202,猪肚,Pork，maw,96,78.2,110,460,15.2,5.1,0.7,0.0,165,0.8,3,0,3,0.07,0.16,3.70,—,0.32,0.32,Tr,Tr,11,124,171,75.1,12,2.4,1.92,12.76,0.10,0.12,
畜肉类及其制品-猪,081203,猪肺,Pork，lung,97,83.1,84,353,12.2,3.9,0.1,0.0,290,0.7,10,0,10,0.04,0.18,1.80,—,0.45,0.45,Tr,Tr,6,165,210,81.4,10,5.3,1.21,10.77,0.08,0.04,
畜肉类及其制品-猪,081205,猪脑,Pork，brain,100,78.0,131,546,10.8,9.8,0.0,0.0,2571,1.6,Tr,0,Tr,0.11,0.19,2.80,—,0.96,0.96,Tr,Tr,30,294,259,130.7,10,1.9,0.99,12.65,0.32,0.03,
畜肉类及其制品-猪,081206,猪脾,Pork，spleen,100,79.4,94,396,13.2,3.2,3.1,0.0,461,1.1,Tr,0,Tr,0.09,0.26,0.60,—,0.33,0.24,0.09,Tr,1,111,234,26.1,14,11.3,1.44,16.50,0.06,0.02,山东
畜肉类及其制品-猪,081209,猪肾（fat8g）［猪腰子］,,92,75.0,137,572,16.0,8.1,0.0,0.0,392,0.9,46,0,46,0.29,0.69,6.00,7.0,0.33,0.19,0.11,0.03,2,232,194,124.8,16,4.6,1.98,156.77,0.47,0.11,青海
畜肉类及其制品-猪,081210,猪小肠,"Pork, small intestine",100,85.4,65,273,10.0,2.0,1.7,0.0,183,0.9,6,0,6,0.12,0.11,3.10,—,0.13,0.13,Tr,Tr,7,95,142,204.8,16,2.0,2.77,7.22,0.12,0.13,
畜肉类及其制品-猪,081211,猪心,"Pork, heart",97,76.0,119,497,16.6,5.3,1.1,0.0,151,1.0,13,0,13,0.19,0.48,6.80,4.0,0.74,0.73,0.01,Tr,12,189,260,71.2,17,4.3,1.90,14.94,0.37,0.05,
畜肉类及其制品-猪,081212,猪血,"Pork, blood",100,85.8,55,234,12.2,0.3,0.9,0.0,51,0.8,—,0,—,0.03,0.04,0.30,—,0.20,0.10,0.10,Tr,4,16,56,56.0,5,8.7,0.28,7.94,0.10,0.03,
畜肉类及其制品-猪,081213,猪肚,,100,79.3,97,407,14.1,3.5,2.2,0.0,290,0.9,2,0,2,0.10,0.22,2.85,—,0.28,0.28,Tr,Tr,11,152,171,75.1,12,2.4,1.93,11.68,0.01,Tr,河北
畜肉类及其制品-猪,081214,猪肝,,100,72.6,126,531,19.2,4.7,1.8,0.0,180,1.7,6502,0,6502,0.22,2.02,10.11,20.0,Tr,Tr,Tr,Tr,6,243,235,68.6,24,23.2,3.68,26.12,0.02,0.01,河北
畜肉类及其制品-猪,081215,猪舌［口条］,,100,70.2,184,767,18.1,12.4,0.0,0.0,230,0.9,Tr,0,Tr,0.27,0.41,4.25,Tr,Tr,Tr,Tr,Tr,13,213,216,79.4,14,0.1,2.89,13.94,0.01,Tr,河北
畜肉类及其制品-猪,081216,猪肾（fat2g）［猪腰子］,,100,80.6,82,345,15.8,1.8,0.6,0.0,430,1.2,39,0,39,0.19,1.18,7.00,10.0,Tr,Tr,Tr,Tr,12,210,217,134.2,22,0.1,3.15,157.24,0.03,0.01,河北
畜肉类及其制品-猪,081302,宫爆肉丁（罐头）,"Pork, diced meat, with chili and peanuts, canned",100,44.5,353,1465,17.7,27.6,8.4,0.0,62,1.8,31,—,31,0.37,0.11,10.40,—,1.51,0.63,0.88,Tr,47,140,113,471.9,9,2.0,3.46,3.40,0.23,0.28,北京
畜肉类及其制品-猪,081303,酱汁肉,"Pork, cooked with soy sauce",96,24.0,549,2271,15.5,50.4,8.4,0.0,92,1.7,4,—,4,0.07,0.14,2.50,—,0.49,0.45,0.04,Tr,9,90,110,257.4,2,1.5,2.89,—,0.39,0.10,上海
畜肉类及其制品-猪,081304,腊肉（培根）,"Pork, bacon",100,63.1,181,756,22.3,9.0,2.6,0.0,46,3.0,Tr,0,Tr,0.90,0.11,4.50,Tr,0.11,0.11,Tr,Tr,2,228,294,51.2,3,2.4,2.26,5.50,0.03,0.05,上海
畜肉类及其制品-猪,081305,腊肉（生，fat49g）,"Pork, cured meat, salted and smoked",100,31.1,498,2056,11.8,48.8,2.9,0.0,123,5.4,96,0,96,—,—,—,Tr,6.23,—,—,—,22,249,416,763.9,35,7.5,3.49,23.52,0.08,0.05,甘肃
畜肉类及其制品-猪,081306,卤猪杂,"pork, offal, cooked in spices and soy sauce",100,57.5,186,783,24.6,4.8,11.0,0.0,208,2.1,—,—,,0.01,0.10,2.20,—,—,—,—,—,14,142,121,881.4,12,3.0,2.16,5.15,0.13,—,武汉
畜肉类及其制品-猪,081307,午餐肉（北京）,"Pork, Luncheon meat",100,59.9,229,952,9.4,15.9,12.0,0.0,56,2.8,Tr,—,Tr,0.24,0.05,11.10,—,—,—,—,—,57,81,146,981.9,18,0.8,1.39,4.30,0.08,0.06,北京
畜肉类及其制品-猪,081308,咸肉,"Pork, cured meat, salted",100,40.4,390,1613,16.5,36.0,0.0,0.0,72,8.4,20,—,20,0.77,0.21,3.50,—,0.10,0.04,0.06,Tr,10,112,387,195.6,30,2.6,2.04,13.00,0.11,0.08,杭州
畜肉类及其制品-猪,081309,猪肉罐头（珍珠里脊丝，罐头）,"Pork, tenderloin strips and glutinous rice, canned",100,63.6,225,933,6.7,17.3,10.5,0.0,120,1.9,Tr,—,Tr,0.09,0.04,5.40,—,0.67,Tr,0.67,Tr,34,61,136,572.3,14,1.4,1.11,3.40,0.06,0.18,北京
畜肉类及其制品-猪,081310,猪肝（卤煮）,"Pork, liver, stewed with spices and soy sauce",100,56.4,203,851,26.4,8.3,5.6,0.0,469,3.3,4200,—,4200,0.36,0.42,—,—,0.14,—,—,—,68,153,188,674.7,12,2.0,0.35,28.70,0.39,0.27,北京
畜肉类及其制品-猪,081311,猪肉（清蒸）,"Pork, steamed with salt and ginger",100,66.9,198,823,18.4,13.8,0.0,0.0,62,0.9,—,0,—,0.09,0.07,2.80,Tr,—,—,—,—,4,113,134,210.6,9,3.4,3.18,10.55,0.15,—,武汉
畜肉类及其制品-猪,081312,猪蹄（熟）,"Pork, trotter, cooked",43,55.8,260,1085,23.6,17.0,3.2,0.0,86,0.4,Tr,—,Tr,0.13,0.04,2.80,Tr,—,—,—,—,32,52,18,363.2,3,2.4,0.78,4.20,0.08,Tr,
畜肉类及其制品-猪,081313,猪肘棒（熟）,"Pork, hock, cooked",72,49.5,314,1304,21.3,24.5,2.1,0.0,108,2.6,Tr,—,Tr,0.04,0.09,3.80,Tr,—,—,—,—,55,102,106,753.9,6,1.6,2.66,11.10,0.12,0.07,北京
畜肉类及其制品-猪,081315,福建式肉松,"Pork floss, Fujian style, with salt, soy sauce and sugar",100,3.6,493,2064,25.1,26.0,39.7,0.0,111,5.6,Tr,—,Tr,0.03,0.19,2.70,—,0.78,0.63,0.15,Tr,3,151,264,1419.9,3,7.7,2.89,13.37,0.64,0.33,上海
畜肉类及其制品-猪,081316,老年保健肉松,"Pork floss, for the elderly, with soy sauce and sugar",100,5.1,458,1920,35.8,20.5,32.5,0.0,111,6.1,—,—,Tr,0.17,0.19,3.60,—,15.09,1.83,8.97,4.29,33,249,451,2301.7,3,3.0,3.83,16.30,0.30,1.07,上海
畜肉类及其制品-猪,081317,太仓肉松,"Pork floss, *Taicang*, with salt, soy sauce and sugar",100,24.4,316,1331,38.6,8.3,21.6,0.0,111,7.1,Tr,—,Tr,0.05,0.16,2.90,—,0.41,0.37,0.04,Tr,53,179,300,1880.0,42,8.2,7.35,15.78,0.41,0.43,上海
畜肉类及其制品-猪,081318,火腿心全精肉（雪舫蒋牌）,,100,35.2,322,1343,37.0,19.3,0.0,0.0,13,13.5,Tr,—,Tr,0.20,0.35,9.49,—,0.26,Tr,0.26,Tr,22,391,836,8612.0,17,5.0,9.48,12.11,0.26,0.13,浙江
畜肉类及其制品-猪,081319,火腿心肉（生，金云牌）,,81,25.6,528,2183,22.2,48.8,0.0,0.0,13,8.4,Tr,—,Tr,0.18,0.26,6.07,—,Tr,Tr,Tr,Tr,15,62,367,2268.2,11,2.1,1.87,14.34,0.06,0.21,浙江
畜肉类及其制品-猪,081320,腊肉（生，fat68g）,,100,8.2,692,2856,18.2,68.0,1.8,0.0,—,3.8,Tr,—,Tr,0.23,0.16,—,Tr,Tr,Tr,Tr,Tr,293,137,416,763.9,35,0.1,0.06,13.70,0.01,0.01,广东
畜肉类及其制品-猪,081321,叉烧肉,,100,60.4,196,820,20.9,9.8,6.0,0.0,37,2.9,Tr,—,Tr,0.05,0.09,3.83,—,0.97,0.49,0.48,Tr,5,136,100,726.4,12,3.6,8.50,6.65,0.12,0.06,江苏
畜肉类及其制品-猪,081322,酱排骨,,80,39.0,366,1520,21.7,26.7,9.6,0.0,19,3.0,72,—,72,0.03,0.12,2.51,—,0.62,0.62,Tr,Tr,10,103,226,825.5,13,2.4,3.43,9.18,0.07,0.03,江苏
畜肉类及其制品-猪,081323,猪肉罐头（香糟块肉）,,100,34.8,542,2236,15.5,53.3,0.0,0.0,21,1.4,62,—,62,0.14,0.08,Tr,—,0.46,0.46,Tr,Tr,30,122,103,747.8,16,5.4,2.12,8.82,0.23,0.19,江苏
畜肉类及其制品-猪,081324,猪里脊（熏烤小里脊）,,100,63.2,153,646,17.7,3.9,11.8,0.0,94,3.4,Tr,—,Tr,0.34,0.18,5.89,—,0.45,0.45,Tr,Tr,6,263,718,814.2,16,6.7,4.10,12.50,0.28,0.31,河南
畜肉类及其制品-猪,081325,猪肉脯,,100,11.2,378,1594,28.0,8.8,46.6,0.0,71,5.4,84,—,84,0.22,0.27,18.48,—,1.10,0.44,0.50,0.16,17,233,381,1638.2,47,3.9,3.08,6.86,0.20,0.43,江苏
畜肉类及其制品-猪,081326,肉酥,,100,2.4,509,2128,30.7,27.1,35.5,0.0,—,4.3,Tr,—,Tr,0.09,0.15,3.93,Tr,4.47,0.40,3.39,0.68,11,256,278,1540.7,25,3.7,4.38,19.88,0.05,0.26,天津
畜肉类及其制品-猪,081328,扒猪脸,,100,48.6,347,1439,18.8,29.6,1.4,0.0,94,1.6,22,—,22,0.03,0.13,1.20,Tr,—,—,—,—,15,81,75,392.7,8,1.4,1.45,13.96,0.12,0.04,北京
畜肉类及其制品-猪,081329,酱肘子,,100,58.9,202,848,29.6,8.5,1.8,0.0,—,1.2,Tr,—,Tr,0.17,0.18,—,Tr,0.74,—,—,—,15,140,57,197.0,11,1.9,4.07,—,0.12,0.04,北京
畜肉类及其制品-猪,081330,火腿肉（藏香猪）,,82,17.8,503,2086,29.1,40.7,5.0,0.0,83,7.4,3,0,3,0.20,0.34,3.22,Tr,0.20,0.08,0.02,0.10,236,118,30,298.0,22,3.1,2.98,0.85,0.24,0.11,西藏
畜肉类及其制品-猪,081331,风干肉（藏香猪）,,87,11.1,598,2473,27.1,53.6,1.7,0.0,73,6.5,Tr,0,Tr,0.23,0.29,3.17,Tr,0.16,0.06,0.02,0.08,207,145,26,921.0,27,3.0,2.72,1.90,0.28,0.13,西藏
畜肉类及其制品-猪,081401,茶肠,"Pork sausage, *tea sausage*, lightly spiced and salted",100,52.4,329,1362,9.0,29.6,6.7,0.0,72,2.3,—,—,—,0.14,0.08,3.10,—,0.21,—,—,—,2,150,178,723.2,15,2.1,2.85,3.28,0.17,0.11,哈尔滨
畜肉类及其制品-猪,081402,大腊肠,"Pork sausage, lean and fat, smoked, large",100,54.9,267,1109,12.9,20.1,8.6,0.0,69,3.5,Tr,—,Tr,0.67,0.07,10.00,—,—,—,—,—,24,66,159,1099.1,7,1.5,1.41,4.60,0.10,Tr,北京
畜肉类及其制品-猪,081403,大肉肠,"Pork sausage, lean and fat, large",100,57.0,273,1130,12.0,22.9,4.6,0.0,72,3.5,Tr,—,Tr,0.24,0.06,7.40,—,—,—,—,—,67,97,233,1370.4,27,3.1,2.55,5.10,0.11,0.07,北京
畜肉类及其制品-猪,081404,蛋清肠,"Pork sausage, lean meat mixed with egg-white",100,55.1,278,1155,12.5,22.8,5.8,0.0,122,3.8,20,—,20,0.65,0.06,10.70,—,—,—,—,—,26,85,161,1143.2,7,2.2,1.27,5.70,0.11,0.02,北京
畜肉类及其制品-猪,081405,儿童肠,"Pork sausage, for children",100,49.8,290,1208,13.1,19.6,15.3,0.0,61,2.2,—,—,—,0.26,0.09,3.00,—,1.11,—,—,—,12,101,218,998.2,18,3.2,2.41,16.66,0.02,0.05,哈尔滨
畜肉类及其制品-猪,081406,风干肠,"Pork sausage, air-dried",100,55.8,283,1173,12.4,23.3,5.9,0.0,47,2.6,Tr,—,Tr,0.12,0.09,12.60,—,—,—,—,—,18,121,163,618.0,7,3.5,1.40,3.50,0.11,0.03,北京
畜肉类及其制品-猪,081407,广东香肠,"Pork sausage, Canton style, light and sweet",100,33.5,433,1795,18.0,37.3,6.4,0.0,94,4.8,Tr,—,Tr,0.42,0.07,5.70,—,—,—,—,—,5,173,356,1477.9,24,2.8,2.62,7.02,0.07,0.04,
畜肉类及其制品-猪,081408,红果肠,"Pork sausage, hawthorn flavored",100,51.4,260,1085,10.2,15.3,20.3,0.0,23,2.8,Tr,—,Tr,0.05,0.11,11.30,—,0.41,0.27,0.14,Tr,22,97,145,781.3,7,4.7,1.06,4.40,0.10,0.01,北京
畜肉类及其制品-猪,081409,火腿肠,"Pork, ham sausage",100,57.4,212,888,14.0,10.4,15.6,0.0,57,2.6,5,—,5,0.26,0.43,2.30,—,0.71,0.71,Tr,Tr,9,187,217,771.2,22,4.5,3.22,9.20,0.36,0.14,
畜肉类及其制品-猪,081410,腊肠,"Pork sausage, cured sausage, Canton style, small",100,8.4,584,2421,22.0,48.3,15.3,0.0,88,6.0,Tr,—,Tr,0.04,0.12,3.80,—,—,—,—,—,24,69,100,1420.0,13,3.2,2.48,8.77,0.07,0.16,广东
畜肉类及其制品-猪,081411,松江肠,"Pork sausage, *Songjiang* brand",100,30.4,402,1674,12.3,26.5,28.5,0.0,38,2.3,10,—,10,0.20,0.10,3.10,—,0.09,—,—,—,5,202,195,759.0,37,2.8,4.20,4.81,0.30,0.25,哈尔滨
畜肉类及其制品-猪,081412,蒜肠,"Pork sausage, garlic flavored",100,52.5,309,1283,7.5,25.4,12.7,0.0,51,1.9,5,—,5,0.06,0.15,1.00,—,0.27,0.21,0.06,Tr,13,74,92,561.5,9,1.9,1.80,3.50,0.04,0.18,北京
畜肉类及其制品-猪,081413,香肠,"Pork sausage, lightly spiced and sweetened, small",100,19.2,508,2106,24.1,40.7,11.2,0.0,82,4.8,Tr,—,Tr,0.48,0.11,4.40,—,1.05,—,—,—,14,198,453,2309.2,52,5.8,7.61,8.77,0.31,0.36,
畜肉类及其制品-猪,081414,香肠（罐头）,"Pork sausage, lightly spiced and sweetened, canned",100,60.7,290,1196,7.9,28.1,1.3,0.0,—,2.0,Tr,—,Tr,0.23,0.18,1.90,—,0.85,0.85,Tr,Tr,6,52,70,874.3,8,0.6,1.03,2.14,0.05,Tr,北京
畜肉类及其制品-猪,081415,火腿肠（小红肠）,"Pork ham sausage, finely ground filling, red-skinned",100,56.2,280,1161,11.8,23.2,6.0,0.0,72,2.8,158,—,158,0.27,0.14,2.60,—,0.17,—,—,—,10,161,183,682.2,14,2.2,2.11,4.94,0.12,0.10,
畜肉类及其制品-猪,081416,火腿肠（小泥肠）,"Pork ham sausage, with minced meat filling",100,56.4,295,1220,11.3,26.3,3.2,0.0,59,2.8,Tr,—,Tr,0.16,0.07,13.40,—,—,—,—,—,20,170,132,648.2,5,1.1,1.24,7.10,0.09,0.07,北京
畜肉类及其制品-猪,081417,午餐肠,"Pork sausage, luncheon sausage",100,52.4,261,1087,2.9,16.6,24.9,0.0,47,3.2,65,—,65,0.10,0.71,0.40,—,0.18,—,—,—,2,51,102,552.8,26,4.7,2.24,5.60,0.25,0.16,
畜肉类及其制品-猪,081418,午餐肚,"Pork sausage, Luncheon, maw filled with ground pork",100,50.5,181,767,9.3,0.5,34.7,0.0,—,5.0,4,—,4,0.01,0.31,0.10,—,0.32,—,—,—,36,19,57,294.4,23,4.7,2.36,3.00,0.50,0.15,保定
畜肉类及其制品-猪,081419,方腿,"Pork, luncheon, shaped into large squares",100,73.9,117,493,16.2,5.0,1.9,0.0,45,3.0,—,—,Tr,0.50,0.20,17.40,—,0.15,0.13,0.02,Tr,1,202,222,424.5,2,3.0,2.63,7.20,0.05,0.01,上海
畜肉类及其制品-猪,081420,火腿（fat27g）,"Pork, ham",100,47.9,330,1369,16.0,27.4,4.9,0.0,120,3.8,46,—,46,0.28,0.09,8.60,—,0.80,Tr,0.36,0.44,3,90,220,1086.7,20,2.2,2.16,2.95,0.08,0.04,
畜肉类及其制品-猪,081421,金华火腿,"Pork, Jinhua ham",100,48.7,318,1317,16.4,28.0,0.1,0.0,98,6.8,20,—,20,0.51,0.18,4.80,—,0.18,0.18,Tr,Tr,9,125,389,233.4,23,2.1,2.26,13.00,0.10,0.05,浙江
畜肉类及其制品-猪,081422,火腿肠（圆腿）,"Pork, luncheon",100,70.9,139,581,18.4,6.5,1.6,0.0,54,2.6,1,—,1,0.61,0.13,20.40,—,0.19,0.16,0.03,Tr,3,199,247,373.4,2,1.4,2.01,8.40,0.16,0.07,上海
畜肉类及其制品-猪,081423,脆皮肠,,100,50.9,302,1252,16.6,24.0,4.8,0.0,50,3.7,3,—,3,0.09,0.08,3.82,—,0.54,0.54,Tr,Tr,13,287,542,992.7,19,3.9,2.24,6.51,0.17,0.13,河南
畜肉类及其制品-猪,081424,热狗肠,,100,51.3,307,1274,13.2,25.2,6.9,0.0,47,3.5,Tr,—,Tr,0.11,0.09,2.36,—,0.74,0.35,0.39,Tr,10,211,613,861.9,12,3.2,1.36,7.06,0.11,0.10,河南
畜肉类及其制品-猪,081425,火腿肠（双汇牌）,,100,61.5,215,896,12.1,14.6,8.8,0.0,13,3.0,56,—,56,0.04,0.11,1.78,—,0.65,0.34,0.23,0.08,19,157,130,1119.5,6,1.8,0.70,4.84,0.13,0.18,河南
畜肉类及其制品-猪,081426,火腿（fat3g）,,100,76.6,99,418,15.5,3.4,1.7,0.0,39,2.8,Tr,—,Tr,0.08,0.14,5.53,—,0.48,0.32,0.16,Tr,6,301,174,1471.3,11,1.0,2.09,7.96,0.07,0.03,上海
畜肉类及其制品-猪,081427,火腿（宣威牌）,,100,22.1,565,2332,11.4,56.1,3.7,0.0,89,6.7,Tr,—,Tr,0.09,0.05,2.30,—,—,—,—,—,171,141,330,5557.5,194,41.2,4.43,4.31,1.57,0.74,云南
畜肉类及其制品-猪,081428,三明治火腿,,100,73.2,115,483,12.5,4.5,6.1,0.0,36,3.7,Tr,—,Tr,0.14,0.09,3.72,—,0.36,0.12,0.18,0.06,11,238,532,898.6,16,3.0,1.48,7.35,0.15,—,河南
畜肉类及其制品-猪,081429,午餐肉（上海梅林牌）,,100,55.2,320,1323,9.0,30.1,3.3,0.0,56,2.4,Tr,—,Tr,0.09,0.09,3.54,—,0.75,0.32,0.32,0.11,6,84,131,528.7,8,0.6,1.38,7.80,0.06,0.07,上海
畜肉类及其制品-羊,083101x,羊肉（代表值，fat7g）,"Lamb, lean and fat",100,72.5,139,581,18.5,6.5,1.6,0.0,82,1.0,8,0,8,0.07,0.16,4.41,Tr,0.48,0.48,Tr,Tr,16,161,300,89.9,23,3.9,3.52,5.95,0.13,0.06,
畜肉类及其制品-羊,083102,羊肉（冻）,"Lamb, frozen",100,58.4,285,1182,12.6,24.4,3.8,0.0,77,0.8,—,0,—,0.02,0.12,4.40,Tr,—,—,—,—,17,143,587,122.2,37,5.2,7.67,3.15,0.17,0.12,内蒙古
畜肉类及其制品-羊,083103,羊肉（后腿，带骨）,"Lamb, leg, with bone",77,75.8,110,462,19.5,3.4,0.3,0.0,83,1.0,8,0,8,0.05,0.19,6.00,Tr,0.34,0.34,Tr,Tr,6,182,143,60.0,20,2.7,2.18,4.49,0.16,0.08,
畜肉类及其制品-羊,083104,羊肉（颈）,"Lamb, neck",74,71.0,135,570,21.3,4.6,2.2,0.0,85,0.9,6,0,6,0.06,0.21,4.00,Tr,0.43,0.43,Tr,Tr,8,157,208,75.2,18,2.9,2.58,4.69,0.16,0.10,
畜肉类及其制品-羊,083105,羊肉（里脊）,"Lamb, tenderloin",100,75.4,103,435,20.5,1.6,1.6,0.0,107,0.9,5,0,5,0.06,0.20,5.80,Tr,0.52,0.52,Tr,Tr,8,184,161,74.4,22,2.8,1.98,5.53,0.15,0.05,
畜肉类及其制品-羊,083106,羊肉（前腿，fat3g）,"Lamb, Shoulder",71,75.7,110,462,18.6,3.2,1.6,0.0,86,0.9,10,0,10,0.07,0.21,5.00,Tr,0.50,0.50,Tr,Tr,7,181,108,74.4,18,2.4,2.21,5.38,0.15,0.06,
畜肉类及其制品-羊,083107,羊肉（青羊）,"Lamb, “Green” sheep breed",100,75.3,99,420,21.3,1.1,1.0,0.0,53,1.3,Tr,0,Tr,0.08,0.14,5.60,Tr,—,—,—,—,9,101,151,41.7,9,4.5,0.94,3.81,0.16,0.05,甘肃
畜肉类及其制品-羊,083108,羊肉（fat4g）,"Lamb, lean",90,74.2,118,496,20.5,3.9,0.2,0.0,60,1.2,11,0,11,0.15,0.16,5.20,Tr,0.31,—,—,—,9,196,403,69.4,22,3.9,6.06,7.18,0.12,0.03,
畜肉类及其制品-羊,083109,羊肉（胸脯）,"Lamb, breast",81,73.6,133,559,19.4,6.2,0.0,0.0,89,0.9,11,0,11,0.04,0.18,4.40,Tr,0.45,0.45,Tr,Tr,7,150,170,86.6,17,3.0,2.20,6.74,0.14,0.09,
畜肉类及其制品-羊,083110,山羊肉（生）,"Goat, meat, raw",100,56.4,293,1214,8.7,24.5,9.4,0.0,81,1.0,8,0,8,0.06,0.12,4.70,Tr,—,—,—,—,135,151,744,160.6,50,13.7,10.42,8.20,0.21,0.06,内蒙古
畜肉类及其制品-羊,083111,羊蹄筋（生）,"Lamb, Tendon, raw",100,62.8,159,672,34.3,2.4,0.0,0.0,58,0.5,—,0,—,Tr,0.10,1.20,Tr,—,—,—,—,16,39,74,149.7,5,3.1,1.64,3.56,0.10,0.12,甘肃
畜肉类及其制品-羊,083112,羊蹄筋（泡发）,"Lamb, Tendon, soaked in water",100,89.5,41,175,8.4,Tr,1.9,0.0,28,0.2,4,0,4,Tr,0.04,0.00,Tr,0.44,0.44,Tr,Tr,14,5,1,48.8,6,2.5,0.69,0.99,0.04,0.08,青海
畜肉类及其制品-羊,083113,羊肉（上脑）,,100,78.0,94,397,19.0,2.0,0.0,0.0,86,1.0,3,0,3,0.06,0.14,3.30,Tr,0.44,0.44,Tr,Tr,3,164,359,106.6,20,2.4,2.68,6.79,0.07,0.02,
畜肉类及其制品-羊,083114,羊肉（腰窝）,,100,73.5,135,566,18.9,6.6,0.0,0.0,86,1.0,6,0,6,0.02,0.14,2.17,Tr,0.46,0.46,Tr,Tr,3,158,372,109.2,26,1.8,2.88,6.25,0.08,0.01,
畜肉类及其制品-羊,083115,羊肉（前腿）,,100,77.1,97,411,19.8,2.0,0.0,0.0,86,1.1,3,0,3,0.12,0.15,3.13,Tr,0.63,0.63,Tr,Tr,3,170,338,92.8,29,3.0,2.22,5.78,0.09,0.01,
畜肉类及其制品-羊,083116,羊肉（后腿）,,100,75.1,111,469,20.6,3.2,0.0,0.0,86,1.1,5,0,5,0.06,0.14,3.68,Tr,0.58,0.58,Tr,Tr,3,169,352,93.8,19,4.0,3.07,9.06,0.10,0.02,
畜肉类及其制品-羊,083117,羊肉片,,100,74.9,118,495,18.0,4.0,2.4,0.0,86,0.7,16,0,16,—,—,—,Tr,0.53,—,—,—,12,145,108,92.0,9,2.3,2.14,6.18,0.12,0.08,
畜肉类及其制品-羊,083201,羊大肠,"Lamb, large intestine",100,83.4,75,317,13.4,2.4,0.0,0.0,150,0.8,—,0,—,—,0.14,1.80,—,—,—,—,—,25,34,117,79.0,17,1.9,2.50,14.10,1.46,0.09,甘肃
畜肉类及其制品-羊,083202,羊肚,"Lamb, tripe",100,81.7,87,364,12.2,3.4,1.8,0.0,124,0.9,23,0,23,0.03,0.17,1.80,—,0.33,0.33,Tr,Tr,38,133,101,66.0,16,1.4,2.61,9.68,0.10,0.60,
畜肉类及其制品-羊,083203,羊肺,"Lamb, lung",100,77.7,96,407,16.2,2.4,2.5,0.0,319,1.2,Tr,0,—,0.05,0.14,1.10,—,1.43,1.43,Tr,Tr,12,172,139,146.2,8,7.8,1.81,9.33,0.19,0.05,
畜肉类及其制品-羊,083204,羊肝,"Lamb, liver",100,69.7,134,563,17.9,3.6,7.4,0.0,349,1.4,20972,0,20972,0.21,1.75,22.10,—,29.93,2.34,26.75,0.84,8,299,241,123.0,14,7.5,3.45,17.68,4.51,0.26,
畜肉类及其制品-羊,083205,羊脑,"Lamb, brain",100,76.3,142,590,11.3,10.7,0.1,0.0,2004,1.6,—,0,—,0.17,0.27,3.50,—,—,—,—,—,61,356,146,151.8,15,—,1.24,38.12,—,Tr,甘肃
畜肉类及其制品-羊,083206,羊舌,"Lamb, tongue",100,60.9,225,937,19.4,14.2,4.8,0.0,148,0.7,—,0,—,—,0.23,3.00,—,—,—,—,—,—,—,—,—,—,—,—,—,—,—,甘肃
畜肉类及其制品-羊,083207,羊肾,"Lamb, kidney",95,78.2,96,403,16.6,2.8,1.0,0.0,289,1.4,126,0,126,0.35,2.01,8.40,—,0.13,0.13,Tr,Tr,8,233,115,193.3,18,5.8,2.74,58.90,0.32,0.10,
畜肉类及其制品-羊,083208,羊心,"Lamb, heart",100,77.7,113,472,13.8,5.5,2.0,0.0,104,1.0,16,0,16,0.28,0.40,5.60,—,1.75,1.03,0.72,Tr,10,172,200,100.8,17,4.0,2.09,16.70,0.26,0.04,
畜肉类及其制品-羊,083209,羊血,"Lamb, blood",100,85.0,57,240,6.8,0.2,6.9,0.0,92,1.1,—,0,—,0.04,0.09,0.20,—,—,—,—,—,22,7,6,443.4,2,18.3,0.67,15.68,0.02,0.01,
畜肉类及其制品-羊,083301,腊羊肉,"Lamb, salted and smoked",100,47.8,246,1031,26.1,10.6,11.5,0.0,100,4.0,—,—,—,0.03,0.50,3.40,Tr,7.26,—,—,—,14,210,310,8991.6,29,6.6,9.95,44.62,0.14,0.11,甘肃
畜肉类及其制品-羊,083302,羊肉（熟）,"Lamb, cooked",100,61.7,217,905,23.2,13.8,0.0,0.0,88,1.7,18,—,18,0.01,0.20,3.70,Tr,0.33,0.33,Tr,Tr,13,136,239,408.0,18,1.9,2.14,8.12,0.09,0.05,上海
畜肉类及其制品-羊,083303,羊肉串（电烤）,"Lamb, skewers, roasted in electric grill or oven",100,52.8,234,980,26.4,11.6,6.0,0.0,93,3.2,42,—,42,0.03,0.32,5.80,—,1.80,1.18,0.62,Tr,52,230,430,796.3,54,6.7,4.94,6.73,0.16,0.30,北京
畜肉类及其制品-羊,083304,羊肉串（烤）,"lamb, skewers, grilled over fire",100,58.7,206,864,26.0,10.3,2.4,0.0,110,2.6,52,—,52,0.04,0.15,6.30,—,1.44,1.10,0.34,Tr,4,254,205,484.8,45,8.5,2.28,3.37,0.13,0.34,青海
畜肉类及其制品-羊,083305,羊肉串（炸）,"Lamb, skewers, deep-fried",100,57.4,217,907,18.3,11.5,10.0,0.0,109,2.8,40,—,40,0.04,0.41,4.70,—,6.56,0.74,1.35,4.47,38,194,297,580.8,29,4.2,3.84,6.53,0.12,0.20,北京
畜肉类及其制品-羊,083306,羊肉干,"Lamb, dried",100,9.1,588,2440,28.2,46.7,13.7,0.0,166,2.3,—,—,—,0.14,0.26,10.60,Tr,—,—,—,—,77,546,520,184.0,101,10.1,6.19,10.40,0.23,0.29,内蒙古
畜肉类及其制品-羊,083307,羊肉（羊肉手抓）,"Lamb, boiled in large chunks and shredded with hands",70,62.9,188,790,27.3,8.8,0.0,0.0,95,1.0,10,0,10,0.03,0.09,3.50,—,0.52,0.52,Tr,Tr,3,124,178,226.2,20,1.8,2.72,9.27,0.09,0.08,青海
畜肉类及其制品-羊,083308,山羊肉（酱）,"Lamb, spiced, cooked with soy sauce",100,45.7,272,1138,25.4,13.7,11.8,0.0,92,3.4,—,—,—,0.07,0.06,8.30,—,1.28,0.93,0.35,Tr,43,169,134,937.8,38,4.1,3.79,3.20,0.09,0.23,北京
畜肉类及其制品-羊,083309,烧羊肉（五香）,,100,59.4,183,771,33.6,5.4,0.0,0.0,43,2.2,Tr,—,Tr,0.03,0.16,5.63,—,1.62,0.79,0.59,0.24,11,167,213,759.1,18,3.0,8.26,15.22,0.11,0.13,北京
畜肉类及其制品-羊,083310,羊肉串（生）,,100,74.5,118,494,13.0,4.8,5.6,0.0,24,2.1,146,0,146,0.07,0.17,3.32,—,0.61,0.30,0.26,0.05,17,222,278,616.2,17,2.5,2.26,2.08,0.10,0.41,青海
畜肉类及其制品-马,085101,马肉,Horse meat,100,74.1,122,514,20.1,4.6,0.1,0.0,84,1.1,28,0,28,0.06,0.25,2.20,Tr,1.42,—,—,—,5,367,526,115.8,41,5.1,12.26,3.73,0.15,0.03,甘肃
畜肉类及其制品-马,085201,马心,Horse heart,100,76.3,104,438,18.9,2.7,1.0,0.0,119,1.1,32,0,32,0.22,0.29,2.90,Tr,1.99,—,—,—,25,240,176,66.2,27,11.9,4.93,15.03,14.74,0.03,甘肃
畜肉类及其制品-马,085301,马肉（卤）,Horse meat，stewed,100,61.9,170,717,30.5,4.8,1.2,0.0,102,1.6,17,—,17,0.01,0.27,6.10,—,0.24,—,0.11,0.03,4,193,171,236.9,22,5.7,2.65,2.65,0.17,0.04,青海
畜肉类及其制品-驴,084101,驴肉（瘦）,"Donkey meat, lean",100,73.8,116,491,21.5,3.2,0.4,0.0,74,1.1,72,0,72,0.03,0.16,2.50,Tr,2.76,—,—,—,2,178,325,46.9,7,4.3,4.26,6.10,0.23,Tr,
畜肉类及其制品-驴,084201,驴鞭,Donkey penis,100,60.4,143,608,29.7,0.8,4.3,0.0,186,4.8,Tr,0,Tr,—,—,—,Tr,0.57,—,—,—,51,48,152,698.1,184,6.8,5.28,15.09,0.11,0.16,甘肃
畜肉类及其制品-驴,084301,驴肉（酱）,"Donkey meat, spiced, with soy sauce",100,61.4,160,677,33.7,2.8,0.0,0.0,116,2.1,Tr,—,Tr,0.02,0.11,1.40,—,—,—,—,—,8,197,185,228.6,9,4.2,4.63,3.40,0.19,0.01,北京
畜肉类及其制品-驴,084302,驴肉（卤）,"Donkey meat, stewed",100,63.1,149,631,27.2,1.9,5.8,0.0,95,1.5,70,—,70,0.01,0.27,5.30,—,1.26,0.98,0.21,0.07,6,179,219,307.0,31,5.4,2.78,1.11,0.17,0.04,青海
畜肉类及其制品-驴,084303,驴肉（煮）,"Donkey meat, cooked",100,57.7,230,959,27.0,13.5,0.0,0.0,49,1.8,25,—,25,Tr,0.10,Tr,—,0.39,—,—,—,13,170,114,207.4,30,8.3,4.40,29.00,0.29,0.07,河北
畜肉类及其制品-驴,084304,驴肉（五香）,,100,64.9,167,701,28.2,6.0,0.0,0.0,49,3.0,79,—,79,0.01,0.16,2.93,—,0.83,0.62,0.21,Tr,5,317,201,877.2,18,5.8,7.80,3.80,0.20,0.13,陕西
禽肉类及其制品-其他,099001,鸽,Pigeon，whole,42,66.6,201,835,16.5,14.2,1.7,0.0,99,1.0,53,0,53,0.06,0.20,6.90,Tr,0.99,0.70,0.25,Tr,30,136,334,63.6,27,3.8,0.82,11.08,0.24,0.05,
禽肉类及其制品-其他,099002,鹌鹑,Quail，whole,58,75.1,110,462,20.2,3.1,0.2,0.0,157,1.4,40,0,40,0.04,0.32,6.30,Tr,0.44,0.23,0.15,0.06,48,179,204,48.4,20,2.3,1.19,11.67,0.10,0.08,
禽肉类及其制品-其他,099003,乳鸽,,56,57.5,352,1454,11.3,34.1,0.0,0.0,—,1.5,46,0,46,0.08,0.36,2.48,Tr,0.84,0.48,0.36,Tr,866,573,163,653.8,21,2.0,2.40,11.97,0.09,0.04,河北
禽肉类及其制品-其他,099004,乳鸽（红烧）,,82,59.0,255,1057,16.9,20.8,0.0,0.0,—,4.0,—,—,—,0.04,0.36,3.27,—,—,—,—,—,1614,1050,385,1809.8,61,8.8,6.33,24.44,0.42,0.29,河南
禽肉类及其制品-火鸡,094101,火鸡腿肉,Turkey，leg meat,100,77.8,91,384,20.0,1.2,0.0,0.0,58,1.0,Tr,0,Tr,0.07,0.06,8.30,Tr,0.07,Tr,Tr,0.07,12,470,708,168.4,49,5.2,9.26,15.50,0.45,0.04,山东
禽肉类及其制品-火鸡,094102,火鸡胸脯肉,Turkey，breast,100,73.6,103,436,22.4,0.2,2.8,0.0,49,1.0,Tr,0,Tr,0.04,0.03,16.20,Tr,0.35,0.14,0.21,Tr,39,116,227,93.7,31,1.1,0.52,9.90,—,0.03,山东
禽肉类及其制品-火鸡,094201,火鸡肝,Turkey，liver,100,69.9,143,600,20.0,5.6,3.1,0.0,294,1.4,Tr,0,Tr,0.06,1.21,43.00,—,1.13,0.51,0.50,0.12,3,225,244,128.6,18,20.7,1.74,36.00,0.02,0.13,山东
禽肉类及其制品-火鸡,094202,火鸡肫,Turkey，gizzard,100,76.5,91,387,18.9,0.3,3.2,0.0,342,1.1,Tr,0,Tr,0.02,0.08,7.80,—,0.33,0.25,0.08,Tr,44,108,352,57.0,24,3.7,2.62,16.30,—,0.03,山东
禽肉类及其制品-火鸡,094301,火鸡腿（熟）,,85,72.5,100,422,16.7,0.7,6.6,0.0,—,3.5,Tr,—,Tr,0.02,0.14,1.29,—,Tr,Tr,Tr,Tr,17,161,253,1071.0,16,1.2,2.50,13.12,0.08,0.04,
禽肉类及其制品-鸡,091101x,鸡（代表值）,Chicken，whole,63,70.5,145,608,20.3,6.7,0.9,0.0,106,1.1,92,0,92,0.06,0.07,7.54,Tr,1.34,1.34,0.37,0.10,13,166,249,62.8,22,1.8,1.46,11.92,0.09,0.05,
禽肉类及其制品-鸡,091102,鸡（土鸡，家养）,Chicken，free range，whole,58,73.5,124,520,20.8,4.5,0.0,0.0,106,1.2,64,0,64,0.09,0.08,15.70,Tr,2.02,1.70,0.32,Tr,9,141,276,74.1,40,2.1,1.06,12.75,0.10,0.05,
禽肉类及其制品-鸡,091103,母鸡（一年内）,Chicken，young hen，whole,66,56.0,256,1065,20.3,16.8,5.8,0.0,166,1.1,139,0,139,0.05,0.04,8.80,Tr,1.34,1.34,Tr,Tr,2,120,275,62.2,16,1.2,1.46,,0.09,0.04,
禽肉类及其制品-鸡,091104,肉鸡（肥）,Chicken，broiler，whole,74,46.1,389,1609,16.7,35.4,0.9,0.0,106,0.9,226,0,226,0.07,0.07,13.10,Tr,—,—,—,—,37,102,123,47.8,7,1.7,1.10,5.40,0.08,0.01,北京
禽肉类及其制品-鸡,091105,华青鸡,"Chicken, *Huaqing*, whole",70,70.7,158,659,19.6,8.8,0.0,0.0,74,0.9,109,0,109,0.06,0.05,6.40,Tr,0.74,0.22,0.42,0.10,1,166,184,62.8,22,1.8,2.46,13.43,0.09,Tr,青海
禽肉类及其制品-鸡,091106,沙鸡,Sandgrouse，whole,41,70.5,147,615,20.0,6.7,1.6,0.0,106,1.2,1,0,1,0.36,0.04,5.40,Tr,—,—,—,—,Tr,522,249,81.9,51,24.8,10.60,36.30,Tr,0.13,甘肃
禽肉类及其制品-鸡,091107,鸡（乌骨鸡）,Black boned chicken，hole,48,73.9,111,469,22.3,2.3,0.3,0.0,106,1.2,—,0,—,0.02,0.20,7.10,Tr,1.77,1.77,—,—,17,210,323,64.0,51,2.3,1.60,7.73,0.26,0.05,江西
禽肉类及其制品-鸡,091111,鸡爪,Chicken，feet,60,56.4,254,1059,23.9,16.4,2.7,0.0,103,0.6,37,0,37,0.01,0.13,2.40,Tr,0.32,0.25,0.07,Tr,36,76,108,169.0,7,1.4,0.90,9.95,0.05,0.03,上海
禽肉类及其制品-鸡,091112,鸡胸脯肉,,100,71.7,118,499,24.6,1.9,0.6,0.0,65,1.2,3,0,3,0.07,0.06,11.96,Tr,0.41,0.41,Tr,Tr,1,170,333,44.8,28,1.0,0.26,11.75,0.01,0.01,
禽肉类及其制品-鸡,091113,鸡腿,,74,71.7,146,610,20.2,7.2,0.0,0.0,99,0.9,22,0,22,0.06,0.10,3.25,Tr,Tr,Tr,Tr,Tr,0,271,221,73.6,21,1.8,1.11,9.70,0.01,0.01,
禽肉类及其制品-鸡,091114,鸡翅,,69,63.3,202,842,19.0,11.5,5.5,0.0,81,0.7,28,0,28,Tr,0.05,4.36,Tr,0.44,0.27,0.17,Tr,8,94,205,50.8,17,0.9,0.42,8.72,Tr,0.01,
禽肉类及其制品-鸡,091115,鸡块（带浆粉）,,100,58.2,206,864,12.2,9.1,18.8,0.0,22,1.7,Tr,0,Tr,0.05,0.05,4.69,Tr,0.40,0.19,0.21,Tr,6,202,230,329.8,13,0.5,0.54,6.38,0.05,0.03,河北
禽肉类及其制品-鸡,091116,野山鸡,,63,70.3,126,533,20.4,2.0,6.6,0.0,—,0.7,75,0,75,0.03,0.14,7.54,Tr,0.27,0.27,Tr,Tr,92,173,155,37.8,8,0.9,1.19,11.09,0.07,0.03,河北
禽肉类及其制品-鸡,091201,鸡肝,Chicken，liver,100,74.4,121,507,16.6,4.8,2.8,0.0,356,1.4,10414,0,10414,0.33,1.10,11.90,—,1.88,1.88,Tr,Tr,7,263,222,92.0,16,12.0,2.40,38.55,0.32,0.24,
禽肉类及其制品-鸡,091202,鸡肝（肉鸡）,Chicken，liver，broiler,100,74.0,121,510,16.7,4.5,3.5,0.0,476,1.3,2867,0,2867,0.32,0.58,—,—,0.75,0.02,0.05,0.68,4,216,321,98.2,17,9.6,3.46,,0.35,0.07,合肥
禽肉类及其制品-鸡,091203,鸡心,Chicken，heart,100,70.8,172,717,15.9,11.8,0.6,0.0,194,0.9,910,0,910,0.46,0.26,11.50,—,—,—,—,—,54,176,220,108.4,11,4.7,1.94,4.10,0.27,0.04,
禽肉类及其制品-鸡,091204,鸡血,Chicken，blood,100,87.0,49,210,7.8,0.2,4.1,0.0,170,0.9,56,0,56,0.05,0.04,0.10,—,0.21,0.17,0.02,0.02,10,68,136,208.0,4,25.0,0.45,12.13,0.03,0.03,
禽肉类及其制品-鸡,091205,鸡肫［鸡胗］,Chicken，gizzard,100,73.1,118,498,19.2,2.8,4.0,0.0,174,0.9,36,0,36,0.04,0.09,3.40,—,0.87,Tr,0.87,Tr,7,135,272,74.8,15,4.4,2.76,10.54,2.11,0.06,
禽肉类及其制品-鸡,091301,扒鸡,Chicken，braised，whole,66,56.0,217,910,29.6,11.0,0.0,0.0,211,3.4,32,—,32,0.02,0.17,9.20,—,—,—,—,—,31,157,149,1000.7,24,2.9,3.23,8.10,0.05,0.01,北京
禽肉类及其制品-鸡,091303,炸鸡块［肯德基］,Chicken，'Kentucky'，fried,70,49.4,279,1164,20.3,17.3,10.5,0.0,198,2.5,23,—,23,0.03,0.17,16.70,—,6.44,0.80,3.68,1.96,109,530,232,755.0,28,2.2,1.66,11.20,0.11,0.12,北京
禽肉类及其制品-鸡,091304,卤煮鸡,Chicken，stewed with soy sauce and sugar，whole,70,54.4,212,891,29.4,7.9,5.8,0.0,—,2.5,76,—,76,0.02,0.35,0.20,—,0.90,—,—,—,71,18,40,221.7,43,5.4,4.42,17.00,0.62,0.17,保定
禽肉类及其制品-鸡,091305,瓦罐鸡汤（肉）,Chicken soup，meat，cooked in clay pot,100,63.3,190,795,20.9,9.5,5.2,0.0,116,1.1,63,—,63,0.01,0.21,0.50,—,1.08,1.08,Tr,Tr,16,62,23,201.2,8,1.9,2.20,—,0.16,—,武汉
禽肉类及其制品-鸡,091306,瓦罐鸡汤（汤）,Chicken soup，broth，cooked in clay pot,100,95.2,27,111,1.3,2.4,0.0,0.0,24,1.1,Tr,—,Tr,0.01,0.07,—,—,0.21,0.21,Tr,Tr,2,20,39,251.4,5,0.3,Tr,—,0.01,—,武汉
禽肉类及其制品-鸡,091307,鸡肉松,Chicken，floss，with salt，soy sauce and sugar,100,4.9,440,1848,7.2,16.4,65.8,0.0,81,5.7,90,—,90,0.03,0.11,1.00,—,14.58,3.00,9.93,1.65,76,83,109,1687.8,29,7.1,0.58,3.07,0.07,0.68,北京
禽肉类及其制品-鸡,091308,扒鸡（五香脱骨）,,77,59.7,206,862,23.4,10.8,3.8,0.0,36,2.3,138,—,138,0.03,0.11,4.70,—,0.84,0.50,0.34,Tr,222,307,131,633.2,13,1.7,1.43,10.90,0.05,0.09,山东
禽肉类及其制品-鸡,091309,烤鸡,,72,55.4,265,1103,28.1,16.9,0.0,0.0,26,4.6,165,—,165,0.03,0.16,—,—,0.35,0.23,0.12,Tr,36,135,207,560.0,11,2.0,1.58,19.28,0.05,0.11,北京
禽肉类及其制品-鸡,091310,童子鸡（熟）,,57,66.8,226,938,15.8,18.1,0.0,0.0,22,1.7,21,—,21,0.04,0.10,5.55,—,0.32,0.16,0.16,Tr,111,221,145,910.1,7,0.5,1.21,8.27,0.03,0.36,河北
禽肉类及其制品-鸭,092101x,鸭（代表值）,Duck，whole,68,63.9,240,996,15.5,19.7,0.2,0.0,94,0.7,52,0,52,0.08,0.22,4.20,Tr,0.27,0.17,0.10,Tr,6,122,191,69.0,14,2.2,1.33,12.25,0.21,0.06,
禽肉类及其制品-鸭,092102,公麻鸭,Duck，drake，whole,63,47.9,360,1490,14.3,30.9,6.1,0.0,143,0.8,238,0,238,0.05,0.11,—,Tr,0.13,Tr,Tr,0.13,4,122,109,61.6,16,3.0,1.90,—,0.29,0.09,合肥
禽肉类及其制品-鸭,092103,母麻鸭,Duck，hen，whole,75,40.2,461,1902,13.0,44.8,1.4,0.0,132,0.6,476,0,476,0.06,0.09,—,Tr,0.60,Tr,Tr,0.60,9,64,155,48.8,20,2.9,1.38,—,0.21,0.09,合肥
禽肉类及其制品-鸭,092104,鸭胸脯肉,Duck，breast,100,78.6,90,379,15.0,1.5,4.0,0.0,121,0.9,—,0,—,0.01,0.07,4.20,Tr,1.98,1.26,0.70,0.02,6,86,126,60.2,24,4.1,1.17,12.62,0.27,0.01,山东
禽肉类及其制品-鸭,092105,鸭皮,Duck，skin,100,28.1,538,2225,6.5,50.2,15.1,0.0,46,0.1,21,0,21,0.01,0.04,1.00,Tr,—,—,—,—,6,42,38,26.2,Tr,3.1,0.64,4.70,Tr,Tr,北京
禽肉类及其制品-鸭,092106,鸭翅,Duck，wing,67,70.6,146,613,16.5,6.1,6.3,0.0,49,0.5,14,0,14,0.02,0.16,2.40,Tr,—,—,—,—,20,84,100,53.6,5,2.1,0.74,10.00,Tr,Tr,北京
禽肉类及其制品-鸭,092107,鸭掌,Duck，feet,59,64.7,150,633,26.9,1.9,6.2,0.0,36,0.3,11,0,11,Tr,0.17,1.10,Tr,—,—,—,—,24,91,28,61.1,3,1.3,0.54,5.42,Tr,Tr,北京
禽肉类及其制品-鸭,092201,鸭肠,Duck，intestine,53,77.0,129,537,14.2,7.8,0.4,0.0,187,0.6,16,0,16,0.02,0.22,3.10,—,—,—,—,—,31,166,136,32.0,13,2.3,1.19,24.90,0.18,Tr,北京
禽肉类及其制品-鸭,092202,鸭肝,Duck，liver,100,76.3,128,533,14.5,7.5,0.5,0.0,341,1.2,1040,0,1040,0.26,1.05,6.90,18.0,1.41,0.27,1.08,0.06,18,283,230,87.2,18,23.1,3.08,57.27,1.31,0.28,
禽肉类及其制品-鸭,092203,鸭肝（公麻鸭）,Duck，liver，drake,100,69.8,136,573,14.7,4.1,10.1,0.0,313,1.3,2850,0,2850,0.15,0.34,—,—,0.25,0.03,0.12,0.10,1,102,236,99.3,12,35.1,3.92,—,3.51,0.25,合肥
禽肉类及其制品-鸭,092204,鸭肝（母麻鸭）,Duck，liver，hen,100,73.5,113,478,16.8,2.5,5.9,0.0,255,1.3,4675,0,4675,0.35,0.65,—,—,1.11,0.05,0.69,0.37,1,252,289,107.5,13,50.1,6.91,—,6.27,0.28,合肥
禽肉类及其制品-鸭,092205,鸭舌［鸭条］,Duck，tongue,61,62.6,245,1018,16.6,19.7,0.4,0.0,118,0.7,35,0,35,0.01,0.21,1.60,Tr,0.23,Tr,0.23,Tr,13,94,44,81.5,6,2.2,0.65,12.50,Tr,Tr,北京
禽肉类及其制品-鸭,092206,鸭心,Duck，heart,100,74.5,143,596,12.8,8.9,2.9,0.0,120,0.9,24,0,24,0.14,0.87,8.00,—,0.81,0.53,0.28,Tr,20,188,233,86.2,18,5.0,1.38,15.30,0.37,Tr,北京
禽肉类及其制品-鸭,092207,鸭血（白鸭）,Beijing white duck，blood,100,72.6,108,457,13.6,0.4,12.4,0.0,95,1.0,—,0,—,0.06,0.06,—,—,0.34,0.34,Tr,Tr,5,87,166,173.6,8,30.5,0.50,—,0.06,0.04,合肥
禽肉类及其制品-鸭,092208,鸭血（公麻鸭）,Duck，blood，drake,100,85.1,56,239,13.2,0.4,0.0,0.0,95,1.3,57,0,57,0.05,0.03,—,—,0.10,0.10,Tr,Tr,3,127,186,198.6,11,31.8,0.90,—,0.08,0.12,合肥
禽肉类及其制品-鸭,092209,鸭血（母麻鸭）,Duck，blood，hen,100,85.6,55,234,13.1,0.3,0.0,0.0,95,1.0,110,0,110,0.05,0.07,—,—,0.10,0.05,Tr,0.05,2,127,185,175.2,9,39.6,0.94,—,0.08,0.09,合肥
禽肉类及其制品-鸭,092210,鸭胰,Duck，pancreas,97,72.6,117,493,21.7,2.9,1.0,0.0,230,1.8,6,0,6,0.02,0.78,3.20,9.0,—,—,—,—,20,554,84,55.7,41,1.9,4.16,26.20,0.08,0.05,北京
禽肉类及其制品-鸭,092211,鸭肫,Duck，gizzard,93,77.8,92,388,17.9,1.3,2.1,0.0,153,0.9,6,0,6,0.04,0.15,4.40,—,0.21,0.11,Tr,0.10,12,134,284,69.2,18,4.3,2.77,15.95,0.18,0.08,
禽肉类及其制品-鸭,092212,鸭肫（公麻鸭）,Duck，gizzard，drake,100,72.6,112,473,19.8,1.2,5.4,0.0,295,1.0,48,0,48,0.05,0.08,—,—,0.12,0.08,Tr,0.04,2,116,351,70.1,19,3.9,3.73,—,0.14,0.12,合肥
禽肉类及其制品-鸭,092213,鸭肫（母麻鸭）,Duck，gizzard，hen,100,72.9,126,529,20.4,4.2,1.6,0.0,291,0.9,102,0,102,0.04,0.09,—,—,0.12,Tr,Tr,0.12,1,144,349,69.0,1,4.0,4.03,—,0.14,0.19,合肥
禽肉类及其制品-鸭,092214,鸭豉片,,100,11.3,603,2491,18.3,56.1,6.1,0.0,—,8.2,Tr,0,Tr,0.26,0.11,3.27,—,Tr,Tr,Tr,Tr,—,—,—,—,—,0.1,0.38,15.41,0.01,0.01,广东
禽肉类及其制品-鸭,092301,北京烤鸭,Beijing white duck，roasted，whole,80,38.2,436,1805,16.6,38.4,6.0,0.0,—,0.8,36,—,36,0.04,0.32,4.50,—,0.97,0.09,0.82,0.06,35,175,247,83.0,13,2.4,1.25,10.32,0.12,Tr,
禽肉类及其制品-鸭,092302,北京填鸭,Beijing white duck，fatty，force-fed，whole,75,45.0,425,1753,9.3,41.3,3.9,0.0,96,0.5,30,—,30,Tr,—,4.20,—,0.53,0.26,0.27,Tr,15,149,139,45.5,6,1.6,1.31,5.80,Tr,Tr,北京
禽肉类及其制品-鸭,092303,红烧鸭（罐头）,Duck，stewed in soy sauce，canned,100,51.4,338,1399,15.3,30.5,0.6,0.0,—,2.2,26,—,26,0.13,0.18,3.80,—,0.10,Tr,0.10,Tr,29,467,115,628.3,17,2.5,1.55,11.50,0.12,Tr,北京
禽肉类及其制品-鸭,092304,酱鸭,Duck，cooked with soy sauce and spices，whole,80,53.6,266,1109,18.9,18.4,6.3,0.0,107,2.8,11,—,11,0.06,0.22,3.70,—,—,—,—,—,14,140,236,981.3,13,4.1,2.69,15.74,0.26,0.02,上海
禽肉类及其制品-鸭,092305,酱鸭（加梅菜，罐头）,Duck，braised，with fermented cabbage，canned,93,61.9,253,1046,11.8,21.7,2.5,0.0,35,2.1,26,—,26,0.11,0.13,6.10,—,0.10,Tr,0.10,Tr,29,208,130,474.5,24,2.8,3.03,10.40,0.14,0.14,
禽肉类及其制品-鸭,092306,盐水鸭（熟）,Duck，boiled in salted water，whole,81,51.7,313,1296,16.6,26.1,2.8,0.0,81,2.8,35,—,35,0.07,0.21,2.50,—,0.42,0.22,0.14,0.06,10,112,218,1557.5,14,0.7,2.04,15.37,0.32,0.05,上海
禽肉类及其制品-鸭,092307,烤鸭（老唐牌）,,60,57.0,309,1281,20.3,25.3,0.0,0.0,78,2.4,170,—,170,0.06,0.19,3.00,—,1.06,0.55,0.51,Tr,7,102,187,776.4,6,1.3,2.76,16.30,0.20,0.10,北京
禽肉类及其制品-鸭,092308,烤鸭（全聚德牌）,,65,33.4,530,2187,18.1,50.8,0.0,0.0,—,0.7,107,—,107,0.13,0.25,2.70,—,—,—,—,—,11,147,103,29.9,8,1.6,1.69,24.83,—,—,北京
禽肉类及其制品-鹅,093101,鹅,"Goose, whole",63,61.4,251,1041,17.9,19.9,0.0,0.0,74,0.8,42,0,42,0.07,0.23,4.90,Tr,0.22,0.22,Tr,Tr,4,144,232,58.8,18,3.8,1.36,17.68,0.43,0.04,
禽肉类及其制品-鹅,093201,鹅肝,"Goose, liver",100,70.7,129,542,15.2,3.4,9.3,0.0,285,1.4,6100,0,6100,0.27,0.25,—,—,0.29,0.20,0.06,0.03,2,216,336,70.2,11,7.8,3.56,—,7.78,0.32,合肥
禽肉类及其制品-鹅,093202,鹅肫,"Goose, gizzard",100,76.3,100,422,19.6,1.9,1.1,0.0,153,1.1,51,0,51,0.05,0.06,—,—,—,—,—,—,2,112,410,58.2,9,4.7,4.04,—,0.14,0.05,合肥
禽肉类及其制品-鹅,093203,鹅血,,100,81.8,74,316,18.6,0.0,0.0,0.0,141,1.0,2,0,2,—,—,—,—,0.13,0.11,0.02,0.00,4,89,163,80.5,6,37.7,0.47,—,Tr,Tr,江苏
禽肉类及其制品-鹅,093301,烧鹅,"Goose, stewed in soy sauce, whole",73,52.8,289,1202,19.7,21.5,4.2,0.0,116,1.8,9,0,9,0.09,0.11,3.60,—,0.07,—,—,—,91,202,22,240.0,7,3.8,2.00,7.68,0.26,0.06,广东
禽肉类及其制品-鹅,093302,腊鹅,,54,15.8,410,1717,24.6,21.5,29.6,0.0,—,8.5,Tr,0,Tr,0.13,0.54,5.63,Tr,Tr,Tr,Tr,Tr,36,317,388,2880.0,27,7.8,3.25,14.32,1.02,0.16,江西
菌藻类-菌类,051001,草菇［大黑头细花草，稻菇］,Straw mushroom,100,92.3,27,112,2.7,0.2,4.3,1.6,0,0.5,—,—,0,0.08,0.34,8.00,—,0.40,0.40,Tr,Tr,17,33,179,73.0,21,1.3,0.60,0.02,0.40,0.09,广东
菌藻类-菌类,051002,大红菇（干）［草质红菇］,Red mushroom，large，dried,100,15.5,263,1099,24.4,2.8,50.9,31.6,0,6.4,7,80,0,0.26,6.90,19.50,2.0,—,—,—,—,1,523,228,1.7,30,7.5,3.50,10.64,2.30,0.91,福建
菌藻类-菌类,051003,地衣（水浸）,Lichens，soaked in water,100,96.4,10,40,1.5,Tr,1.8,1.8,0,1.0,18,220,0,0.02,0.28,0.50,Tr,2.24,—,—,—,14,53,102,10.7,275,21.1,5.00,9.54,1.13,7.74,甘肃
菌藻类-菌类,051004,冬菇（干）［毛柄金线菌］,Winter mushroom，dried (Flammulina velutipes (Fr.) Sing.2014),86,13.4,277,1158,17.8,1.3,64.6,32.3,0,2.9,3,30,0,0.17,1.40,24.40,5.0,3.47,3.47,Tr,Tr,55,469,1155,20.4,104,10.5,4.20,7.45,0.45,5.02,
菌藻类-菌类,051005,猴头菇（罐装）,*Monkey head* mushroom，canned,100,92.3,21,87,2.0,0.2,4.9,4.2,0,0.6,—,—,0,0.01,0.04,0.20,4.0,0.46,Tr,0.46,Tr,19,37,8,175.2,5,2.8,0.40,1.28,0.06,0.03,
菌藻类-菌类,051006,黄蘑（干）,Yellow mushroom，dried,89,39.3,203,851,16.4,1.5,40.1,18.3,0,2.7,6,70,0,0.15,1.00,5.80,Tr,1.26,—,—,—,11,194,1953,6.1,91,22.5,5.26,1.09,0.46,3.09,哈尔滨
菌藻类-菌类,051007,黄蘑（水发）,Yellow mushroom，soaked in water,89,90.1,30,126,4.3,0.4,4.8,4.8,0,0.7,—,—,0,0.04,0.26,1.50,,0.33,Tr,0.33,Tr,3,51,512,1.6,24,5.9,1.38,0.29,0.21,0.81,哈尔滨
菌藻类-菌类,051008,金针菇（鲜）［智力菇］,*Gold needle* mushroom，thin,100,90.2,32,133,2.4,0.4,6.0,2.7,0,1.0,3,30,0,0.15,0.19,4.10,2.0,1.14,0.70,0.44,Tr,—,97,195,4.3,17,1.4,0.39,0.28,0.14,0.10,
菌藻类-菌类,051009,金针菇（罐装）,"*Gold needle* mushroom, thin, canned",100,91.6,26,108,1.0,Tr,6.7,2.5,0,0.7,—,—,0,0.01,0.01,0.60,Tr,0.98,0.55,0.43,Tr,14,23,17,238.2,7,1.1,0.34,0.48,0.01,Tr,浙江
菌藻类-菌类,051010,口蘑（白蘑）,"Mongolian mushroom, white dried",100,9.2,277,1162,38.7,3.3,31.6,17.2,0,17.2,—,—,0,0.07,0.08,44.30,Tr,8.57,3.20,4.71,0.66,169,1655,3106,5.2,167,19.4,9.04,—,5.88,5.96,北京
菌藻类-菌类,051011,蘑菇（鲜蘑）,Button mushroom,99,92.4,24,100,2.7,0.1,4.1,2.1,0,0.7,1,10,0,0.08,0.35,4.00,2.0,0.56,0.27,0.29,Tr,6,94,312,8.3,11,1.2,0.92,0.55,0.49,0.11,
菌藻类-菌类,051013,木耳（干）［黑木耳，云耳］,"Wood ear fungus, dried",100,15.5,265,1107,12.1,1.5,65.6,29.9,0,5.3,8,100,0,0.17,0.44,2.50,—,11.34,3.65,5.46,2.23,247,292,757,48.5,152,97.4,3.18,3.72,0.32,8.86,
菌藻类-菌类,051014,木耳（水发）［黑木耳，云耳］,"Wood ear fungus, soaked in water",100,91.8,27,112,1.5,0.2,6.0,2.6,0,0.5,2,20,0,0.01,0.05,0.20,1.0,—,—,—,—,34,12,52,8.5,57,5.5,0.53,0.46,0.04,0.97,
菌藻类-菌类,051015,平菇［糙皮侧耳，青蘑］,Oyster mushroom,93,92.5,24,101,1.9,0.3,4.6,2.3,0,0.7,1,10,0,0.06,0.16,3.10,4.0,0.79,0.58,0.11,0.10,5,86,258,3.8,14,1.0,0.61,1.07,0.08,0.07,
菌藻类-菌类,051016,普中红蘑（干）,"Red mushroom, medium sized, dried",100,12.3,263,1105,18.4,0.7,58.1,24.6,0,10.5,—,—,0,Tr,1.16,—,—,—,—,—,—,14,35,169,4.3,—,235.1,3.14,91.70,0.51,3.75,河北
菌藻类-菌类,051017,双孢蘑菇［洋蘑菇］,*Foreign* double button mushroom,97,92.4,26,108,4.2,0.1,2.7,1.5,0,0.6,—,—,0,Tr,0.27,3.20,Tr,—,—,—,—,2,43,307,2.0,9,0.9,6.60,6.99,0.45,0.10,福建
菌藻类-菌类,051018,松蘑（干）［松口蘑，松茸］,"*Pine* mushroom, dried",100,16.1,207,853,20.3,3.2,48.2,47.8,0,12.2,—,—,0,0.01,1.48,—,—,3.09,—,—,—,14,50,93,4.3,—,86.0,6.22,98.44,10.30,1.63,河北
菌藻类-菌类,051019,香菇（鲜）［香蕈，冬菇］,Shitake mushroom,100,91.7,26,107,2.2,0.3,5.2,3.3,0,0.6,—,—,0,Tr,0.08,2.00,1.0,—,—,—,—,2,53,20,1.4,11,0.3,0.66,2.58,0.12,0.25,上海
菌藻类-菌类,051020,香菇（干）［香蕈，冬菇］,Shitake mushroom dried,95,12.3,274,1149,20.0,1.2,61.7,31.6,0,4.8,2,20,0,0.19,1.26,20.50,5.0,0.66,Tr,0.66,Tr,83,258,464,11.2,147,10.5,8.57,6.42,1.03,5.47,
菌藻类-菌类,051021,香杏丁蘑（干，大）,"*Apricot* mushroom, large sized, dried",100,14.1,257,1080,22.4,0.2,53.9,24.9,0,9.4,—,—,0,Tr,3.11,—,—,—,—,—,—,17,73,238,43.4,—,113.2,7.78,15.30,5.11,2.84,河北
菌藻类-菌类,051022,香杏片口蘑（干）,"*Apricot* Mongolian mushroom, sliced, dried",100,15.1,252,1059,33.4,1.5,37.6,22.6,0,12.4,—,—,0,Tr,1.90,—,—,—,—,—,—,15,77,227,21.0,—,137.5,7.83,,2.61,3.26,河北
菌藻类-菌类,051023,羊肚菌（干）［干狼肚］,Morel mushroom,100,14.3,321,1347,26.9,7.1,43.7,12.9,0,8.0,89,1070,0,0.10,2.25,8.80,3.0,3.58,—,—,—,87,1193,1726,33.6,117,30.7,12.11,4.82,2.34,2.49,甘肃
菌藻类-菌类,051024,银耳（干）［白木耳］,"Silver ear fungus, white, dried",96,14.6,261,1092,10.0,1.4,67.3,30.4,0,6.7,4,50,0,0.05,0.25,5.30,—,1.26,Tr,0.96,0.30,36,369,1588,82.1,54,4.1,3.03,2.95,0.08,0.17,
菌藻类-菌类,051025,珍珠白蘑（干）,"*Pearl* mushroom, white, dried",100,12.1,258,1084,18.3,0.7,56.3,23.3,0,12.6,—,—,0,Tr,0.02,—,—,—,—,—,—,24,28,284,4.4,—,189.8,3.55,78.52,1.03,4.79,河北
菌藻类-菌类,051026,榛蘑（半干）［假蜜环菌］,"Bolete mushroom, dried",77,51.1,178,747,9.5,3.7,31.9,10.4,0,3.8,3,40,0,0.01,0.69,7.50,Tr,3.34,—,—,—,11,286,2493,51.3,109,25.1,6.79,2.65,1.45,4.13,哈尔滨
菌藻类-菌类,051027,榛蘑（水发）,"Bolete mushroom, soaked in water",77,85.6,53,220,2.8,1.1,9.4,3.1,0,1.1,—,—,0,Tr,0.20,2.20,—,0.98,Tr,0.98,Tr,3,84,732,15.1,32,7.4,1.99,0.78,0.43,1.21,哈尔滨
菌藻类-菌类,051028,白蘑菇［双孢蘑菇、洋蘑菇］,Button mushroom,100,91.4,29,123,3.5,0.4,3.8,—,0,0.9,—,—,0,0.02,0.30,3.50,0.1,—,—,—,—,6,93,350,57.0,11,1.0,0.60,—,—,—,台湾
菌藻类-菌类,051029,北风菌［荷叶离褶伞、一窝羊］,Friedchicken mushroom,77,94.6,17,71,1.7,0.1,2.9,1.2,0,0.7,Tr,Tr,0,0.05,0.38,0.70,—,7.28,7.28,Tr,Tr,3,36,254,1.4,5,1.5,0.47,0.17,0.26,0.09,云南
菌藻类-菌类,051030,草菇［大黑头细花草、稻菇］,"Straw mushroom, soaked in salted water, canned",100,94.6,18,74,1.1,0.4,3.1,—,0,0.9,—,—,0,0.02,0.03,1.39,—,0.70,Tr,0.60,0.10,5,24,53,332.1,5,1.1,0.33,0.90,0.10,0.09,北京
菌藻类-菌类,051031,茶树菇（干）［柱状田头菇、油茶菇］,Columnar agroc,100,12.2,309,1304,23.1,2.6,56.1,—,0,6.0,Tr,Tr,0,0.32,1.48,39.39,—,—,—,—,—,4,908,2165,6.0,124,9.3,8.38,7.24,2.76,0.73,江西
菌藻类-菌类,051032,干巴菌,Ganba fungus,91,86.5,38,159,3.8,0.4,8.0,6.3,0,1.3,Tr,Tr,0,0.06,1.84,1.20,—,45.14,—,—,—,10,104,328,2.1,11,21.0,0.78,—,0.30,0.67,云南
菌藻类-菌类,051033,红奶浆菌［多汁乳菇、谷熟菌］,Weeping milk cap,94,94.0,18,75,1.5,0.4,3.3,2.4,0,0.8,Tr,Tr,0,0.03,0.27,1.20,—,—,—,—,—,4,27,245,1.2,5,5.9,0.42,0.13,0.26,0.11,云南
菌藻类-菌类,051034,黄蘑（干）,"Yellow mushroom, dried",100,11.0,284,1185,24.6,6.4,46.9,—,0,11.1,10,114,0,0.48,1.46,12.43,—,4.05,0.89,3.16,Tr,33,857,4647,31.9,122,51.3,7.04,6.78,0.47,2.51,吉林
菌藻类-菌类,051035,黄伞菇（干）［多脂鳞伞、黄丝菌］,"Golden pholiota, dried",100,10.8,294,1231,22.8,3.2,57.5,—,0,5.7,Tr,Tr,0,0.17,1.93,41.38,—,—,—,—,—,4,566,3128,6.4,96,7.6,5.58,13.56,5.39,0.67,北京
菌藻类-菌类,051036,鸡腿菇（干）［毛头鬼伞］,"Shaggy mane, dried",100,10.8,294,1239,26.7,2.0,51.8,—,0,8.7,—,—,0,0.14,1.79,24.99,—,5.01,Tr,4.53,0.48,9,764,4053,68.2,119,6.5,3.95,15.39,1.40,0.72,广东
菌藻类-菌类,051037,鸡油菌［黄丝菌、杏菌］,Chanterelle,92,91.4,26,108,2.0,0.3,5.1,2.6,0,1.2,124,1490,0,0.03,0.39,1.90,—,4.84,4.76,Tr,0.08,12,44,339,2.8,10,2.2,0.54,0.32,0.31,0.15,云南
菌藻类-菌类,051038,鸡枞［蚁枞、伞把菇、鸡枞菌］,Termite mushroom,96,94.5,19,81,2.5,0.2,2.5,1.3,0,0.4,Tr,Tr,0,0.02,0.25,5.50,—,—,—,—,—,4,38,102,3.1,8,1.8,0.46,0.14,0.58,0.12,云南
菌藻类-菌类,051039,鸡枞（干）,"Termite mushroom, dried",100,13.6,297,1246,32.8,3.7,44.8,—,0,5.1,6,70,0,0.26,1.22,34.21,—,4.17,0.38,3.79,Tr,8,1005,1312,23.9,116,31.8,7.16,33.44,2.39,2.13,四川
菌藻类-菌类,051040,鸡枞（油炸）［油鸡枞］,"Termite mushroom, steamed, fried, salted, in oil",100,16.5,646,2660,4.8,66.3,10.2,5.4,0,2.2,Tr,Tr,0,0.03,0.24,9.20,—,—,—,—,—,28,232,367,1265.7,33,31.1,3.26,2.73,1.28,1.16,云南
菌藻类-菌类,051041,鸡枞花,Termite mushroom flowers,86,95.0,18,74,2.3,0.3,1.8,0.8,0,0.6,Tr,Tr,0,0.20,0.14,1.60,—,11.46,Tr,10.41,1.05,8,73,173,2.7,9,4.7,0.44,0.15,0.36,0.12,云南
菌藻类-菌类,051042,牛肝菌（白）［美味牛肝菌］,King bolete,93,90.2,35,146,4.0,0.4,4.5,1.5,0,0.9,Tr,Tr,0,0.14,1.11,2.10,—,8.93,Tr,7.71,1.22,5,68,301,2.1,10,2.1,0.98,0.25,0.32,0.19,云南
菌藻类-菌类,051043,牛肝菌（白、干）［美味牛肝菌］,"King bolete, dried",100,11.6,296,1244,27.8,1.6,53.3,—,0,5.7,9,108,0,0.32,1.72,43.08,—,4.42,0.27,4.02,0.13,2,528,1571,9.1,47,9.2,5.80,758.80,1.19,3.88,四川
菌藻类-菌类,051044,牛肝菌（黑）［铜色牛肝菌］,Queen bolete,95,90.6,32,136,3.6,0.2,4.8,1.6,0,0.8,Tr,Tr,0,0.07,0.31,6.60,—,—,—,—,—,2,60,291,1.3,8,2.1,1.19,0.34,0.37,0.17,云南
菌藻类-菌类,051045,牛肝菌（鲜）［黄皮牛肝菌、黄皮疣柄牛肝菌、黄癞头］,-,97,89.7,32,132,4.3,0.1,5.3,3.9,0,0.6,Tr,Tr,0,0.03,0.57,3.20,—,Tr,Tr,Tr,Tr,2,49,224,1.6,8,1.4,1.07,0.37,0.35,0.28,云南
菌藻类-菌类,051046,乳牛肝菌（干）［粘盖牛肝菌、松树菌］,"Cow spunk, dried",100,10.5,264,1099,15.3,2.8,66.0,—,0,5.4,30,357,0,0.86,1.72,67.66,—,6.85,2.27,4.58,Tr,12,391,1481,11.2,55,20.3,5.43,42.45,0.35,1.85,四川
菌藻类-菌类,051047,牛眼睛菌（鲜）［马勃菌］,Puffball,93,86.6,41,170,5.1,0.3,6.6,4.4,0,1.4,Tr,Tr,0,—,0.25,1.60,—,—,—,—,—,8,141,532,1.8,21,4.1,1.81,0.29,0.14,0.32,云南
菌藻类-菌类,051048,平菇［糙皮侧耳、青蘑］,Oyster mushroom,100,94.4,17,73,1.7,0.1,3.2,—,0,0.6,1,10,0,0.03,0.08,—,—,0.37,Tr,0.37,Tr,4,54,208,13.2,13,0.7,0.57,0.25,0.08,0.05,
菌藻类-菌类,051049,青头菌［变绿红菇、绿菇］,Virescent russule,95,93.3,20,83,2.7,0.1,3.1,2.2,0,0.8,Tr,Tr,0,0.01,0.46,4.00,—,Tr,Tr,Tr,Tr,4,52,269,1.1,8,1.4,0.67,0.22,0.34,0.10,云南
菌藻类-菌类,051050,松蘑（干）［松茸、松口蘑］,Matsutake，dried,100,10.6,273,1138,12.5,3.0,66.5,—,0,7.4,8,97,0,0.08,1.48,23.42,—,5.48,Tr,4.08,1.40,7,390,2402,31.6,50,156.5,5.49,102.60,1.76,1.13,四川
菌藻类-菌类,051051,杏鲍菇,King oyster mushroom,100,89.6,35,148,1.3,0.1,8.3,2.1,0,0.7,Tr,Tr,0,0.03,0.14,3.68,—,0.60,—,—,—,13,66,242,3.5,9,0.5,0.39,1.80,0.06,0.04,河南
菌藻类-菌类,051052,血红菇（干）,Red mushroom，dried,100,7.8,313,1306,22.4,6.7,56.0,—,0,7.1,Tr,Tr,0,0.13,4.30,26.85,—,—,—,—,—,9,327,3520,2.9,61,25.2,6.03,11.82,2.84,1.09,北京
菌藻类-菌类,051053,元蘑（干）［亚侧耳、冬蘑、黄蘑］,Late fall oyster，dried,100,7.8,245,1013,12.3,1.5,70.3,—,0,8.1,17,202,0,0.16,10.75,33.02,—,3.63,0.65,2.98,Tr,6,369,3877,13.4,131,7.8,1.89,1.45,0.30,3.39,吉林
菌藻类-菌类,051054,竹荪（干）［竹笙、竹参］,Long net stinkhorn,100,13.9,248,1025,17.8,3.1,60.3,46.4,0,4.9,Tr,Tr,0,0.03,1.75,9.10,—,—,—,—,—,18,289,11882,50.0,114,17.8,2.20,4.17,2.51,8.47,云南
菌藻类-菌类,051055,榛蘑（干）［小蜜环菌］,Honey mushroom，wild，dried,100,8.0,329,1370,17.7,10.8,54.6,—,0,8.9,40,483,0,0.14,0.71,26.91,—,3.35,1.46,1.89,Tr,9,893,4629,18.7,100,22.4,6.00,2.38,1.36,1.55,吉林
菌藻类-菌类,051056,蛹虫草（干）,Cordyceps militaris,100,10.8,302,1274,23.7,Tr,60.9,16.30,0,4.6,Tr,Tr,0,0.20,0.40,—,20.0,0.00,Tr,Tr,Tr,15,1261,337,29.6,134,3.7,7.85,—,0.79,1.46,广东
菌藻类-藻类,052001,发菜（干）［仙菜］,"Black-moss, dried",100,11.1,259,1081,20.2,0.5,60.8,35.0,0,7.4,—,—,0,0.15,0.54,0.90,6.0,0.07,0.06,0.01,Tr,1048,76,217,100.7,129,85.2,1.68,5.23,0.93,3.29,
菌藻类-藻类,052002,海带（鲜）［江白菜］,Kelp,100,94.4,13,55,1.2,0.1,2.1,0.5,0,2.2,—,—,0,0.02,0.15,1.30,Tr,1.85,0.92,0.93,Tr,46,22,246,8.6,25,0.9,0.16,9.54,—,0.07,青岛
菌藻类-藻类,052003,海带［江白菜，昆布］,Kelp,98,70.5,90,377,1.8,0.1,23.4,6.1,0,4.2,20,240,0,0.01,0.10,0.80,Tr,0.85,0.44,Tr,0.41,348,52,761,327.4,129,4.7,0.65,5.84,0.14,1.14,
菌藻类-藻类,052004,海带（浸）［江白菜，昆布］,"Kelp, soaked in water",100,94.1,16,65,1.1,0.1,3.0,0.9,0,1.7,26,310,0,0.02,0.10,0.90,—,0.08,0.08,Tr,Tr,241,29,222,107.6,61,3.3,0.66,4.90,0.03,1.47,
菌藻类-藻类,052005,海冻菜（干）［石花菜，冻菜］,"Agar agar, dried",100,15.6,un,1335,5.4,0.1,72.9,—,0,6.0,—,—,0,0.06,0.20,3.30,Tr,14.84,2.22,12.74,0.15,167,209,141,380.8,15,2.0,1.94,15.19,0.12,0.04,山东
菌藻类-藻类,052006,琼脂［紫菜胶洋粉］,Agar agar powder,100,21.1,311,1322,1.1,0.2,76.3,0.1,0,1.3,—,—,0,Tr,Tr,Tr,Tr,—,—,—,—,100,7,11,3.3,70,7.0,6.25,2.10,0.30,1.40,福建
菌藻类-藻类,052007,苔菜（干）［苔条，条浒苔］,"Sea grass, dried",100,23.7,167,703,19.0,0.4,26.3,9.1,0,30.6,—,—,0,0.35,0.40,4.00,—,—,—,—,—,185,302,410,4955.0,1257,283.7,3.56,5.59,1.11,Tr,浙江
菌藻类-藻类,052008,紫菜（干）,"Laver, dried",100,12.7,250,1050,26.7,1.1,44.1,21.6,0,15.4,114,1370,0,0.27,1.02,7.30,2.0,1.82,1.61,0.21,Tr,264,350,1796,710.5,105,54.9,2.47,7.22,1.68,4.32,
菌藻类-藻类,052009,螺旋藻（干）,"Spirulina, dried",100,6.5,358,1515,64.7,3.1,18.2,1.0,0,7.5,3234,38810,0,0.28,1.41,10.00,Tr,27.11,Tr,Tr,27.11,137,1317,1506,1624.0,402,88.0,2.62,5.24,0.54,1.24,云南
菌藻类-藻类,052010,裙带菜（干）［海芥菜，海木耳］,"Sea water fungus, dried",100,9.2,219,914,25.0,1.7,41.5,31.1,0,22.6,186,2230,0,0.02,0.07,Tr,—,Tr,Tr,Tr,Tr,947,305,335,4411.6,1022,16.4,2.62,15.88,0.12,0.95,辽宁
菌藻类-藻类,052011,海带菜（鲜，姑香牌）,"Kelp sliver, with sugar, sesame and salt",100,68.3,112,460,1.4,7.5,15.3,—,0,7.5,34,402,0,0.04,0.03,Tr,—,2.37,0.45,1.28,0.64,201,27,44,2511.7,46,2.3,4.93,0.50,0.07,0.33,山东
蔬菜类及其制品-嫩茎叶花菜类,045101x,大白菜（代表值）,"*Bok choi*, white",89,94.4,20,82,1.6,0.2,3.4,0.9,0,0.7,7,80,0,0.05,0.04,0.65,37.5,0.36,0.36,Tr,Tr,57,33,134,68.9,12,0.8,0.46,0.57,0.06,0.19,
蔬菜类及其制品-嫩茎叶花菜类,045102,大白菜（白梗）［黄芽白］,"*Bok choi*, white",92,93.6,22,93,1.7,0.2,3.7,0.6,0,0.8,21,250,0,0.06,0.07,0.80,47.0,0.92,0.52,0.20,0.20,69,30,130,89.3,12,0.5,0.21,0.33,0.03,0.21,
蔬菜类及其制品-嫩茎叶花菜类,045103,大白菜（青白口）,"*Bok choi*, green",83,95.1,17,70,1.4,0.1,3.0,0.9,0,0.4,7,80,0,0.03,0.04,0.40,28.0,0.36,0.36,Tr,Tr,35,28,90,48.4,9,0.6,0.61,0.39,0.04,0.16,
蔬菜类及其制品-嫩茎叶花菜类,045104,大白菜（小白口）,"*Bok choi*, white",85,95.2,16,65,1.3,0.1,2.8,0.9,0,0.6,3,30,0,0.02,0.03,0.50,19.0,0.21,0.21,Tr,Tr,45,35,137,34.8,11,0.9,0.31,0.75,0.07,0.17,
蔬菜类及其制品-嫩茎叶花菜类,045105,白菜（脱水）,"Cabbage, dehydrated",100,10.0,305,1275,6.2,0.8,72.9,9.4,0,10.1,—,—,0,0.24,—,4.80,187.0,—,—,—,—,908,485,2269,492.5,219,13.8,4.68,6.33,0.87,2.65,兰州
蔬菜类及其制品-嫩茎叶花菜类,045108,白菜薹［菜薹，菜心］,Cabbage flowering stalk,84,91.3,28,118,2.8,0.5,4.0,1.7,0,1.4,80,960,0,0.05,0.08,1.20,44.0,0.52,0.21,0.22,0.09,96,54,236,26.0,19,2.8,0.87,6.68,0.18,0.41,
蔬菜类及其制品-嫩茎叶花菜类,045109,红菜薹［紫菜薹］,"Rape flowering stalk, red",52,91.1,43,180,2.9,2.5,2.7,0.9,0,0.8,7,80,0,0.05,0.04,0.90,57.0,0.51,0.01,0.03,0.47,26,60,221,1.5,15,2.5,0.90,8.43,0.12,—,武汉
蔬菜类及其制品-嫩茎叶花菜类,045110,瓢儿白［瓢儿菜］,"Mustard, broad beaked",79,94.1,18,76,1.7,0.2,3.2,1.6,0,0.8,100,1200,0,—,0.03,0.50,10.0,—,—,—,—,59,36,245,56.9,91,1.8,0.54,3.40,0.06,0.19,重庆
蔬菜类及其制品-嫩茎叶花菜类,045111,乌菜［乌塌菜，塌棵菜］,Broad beaked cabbage,89,91.8,28,117,2.6,0.4,4.2,1.4,0,1.0,84,1010,0,0.06,0.11,1.10,45.0,1.16,Tr,0.16,1.00,186,53,154,115.5,24,3.0,0.70,0.50,0.13,0.36,
蔬菜类及其制品-嫩茎叶花菜类,045113,油菜（黑）,"Chinese cabbage, pakchoi",96,94.1,19,79,1.8,0.2,2.9,0.9,0,1.0,122,1460,0,0.01,0.10,Tr,24.0,0.94,0.94,Tr,Tr,191,34,143,98.8,34,5.9,1.27,Tr,Tr,1.09,青海
蔬菜类及其制品-嫩茎叶花菜类,045114,油菜（脱水）,"Chinese cabbage, dehydrated",100,9.0,316,1321,7.6,0.6,74.3,8.6,0,8.5,288,3460,0,0.33,0.19,10.50,124.0,7.73,—,—,—,596,182,635,405.3,105,19.3,4.78,13.14,3.06,1.28,兰州
蔬菜类及其制品-嫩茎叶花菜类,045115,油菜（小）,"Chinese cabbage, small",95,96.0,12,50,1.3,0.2,1.6,0.7,0,0.9,122,1460,0,0.01,0.08,Tr,7.0,0.76,0.60,0.13,0.03,153,41,157,53.0,27,3.9,0.87,Tr,Tr,0.13,青海
蔬菜类及其制品-嫩茎叶花菜类,045116,油菜薹［菜薹］,"Cabbage Rape, Broccoli Raab",82,92.4,24,102,3.2,0.4,3.0,2.0,0,1.0,45,540,0,0.08,0.07,0.80,65.0,0.89,0.07,0.14,0.68,156,51,192,83.2,27,2.8,0.72,0.82,0.18,0.45,
蔬菜类及其制品-嫩茎叶花菜类,045117,大白菜（白口）,"Chinese cabbage, *Bok choi*, white leaves and stems, raw",85,95.6,14,61,1.0,0.1,2.9,—,0,0.4,1,10,0,0.02,0.01,0.32,8.0,0.06,0.06,Tr,Tr,29,21,109,39.9,12,0.3,0.15,0.04,0.01,0.08,
蔬菜类及其制品-嫩茎叶花菜类,045118,大白菜（青口）,"Chinese cabbage, *Bok choi*, green leaves and stems, raw",83,95.6,12,50,1.1,0.1,2.6,—,0,0.6,3,31,0,0.02,0.02,—,11.0,Tr,Tr,Tr,Tr,66,12,156,38.2,14,0.2,0.23,0.29,0.01,0.07,
蔬菜类及其制品-嫩茎叶花菜类,045119,酸白菜［酸菜］,"Chinese cabbage, pickled",100,94.9,10,40,0.7,0.2,2.6,—,0,1.6,—,—,0,0.01,0.01,Tr,—,—,—,—,—,48,38,104,43.1,21,0.3,0.03,0.16,Tr,0.01,
蔬菜类及其制品-嫩茎叶花菜类,045120,小白菜［青菜］,"*Bok choy*, petiole, raw",94,94.8,14,59,1.4,0.3,2.4,—,0,1.1,154,1853,0,0.01,0.05,—,64.0,0.40,0.40,Tr,Tr,117,26,116,132.2,30,1.3,0.23,0.39,0.02,0.15,
蔬菜类及其制品-嫩茎叶花菜类,045121,奶白菜,"Pak choi, petiole, raw",100,92.6,21,89,2.7,0.2,3.3,1.5,0,1.2,95,1141,0,0.02,0.10,0.59,37.4,0.16,0.16,Tr,Tr,66,55,126,170.2,41,1.0,0.28,0.43,0.05,0.24,北京
蔬菜类及其制品-嫩茎叶花菜类,045122,鸡毛菜,"Mini pak choi, leaf and stem, raw",100,93.5,19,79,2.7,0.2,2.6,—,0,1.0,69,826,0,0.04,0.09,0.61,24.0,0.30,0.30,Tr,Tr,78,25,230,62.7,35,2.1,0.31,0.24,0.03,0.26,
蔬菜类及其制品-嫩茎叶花菜类,045123,娃娃菜,"Mini Chinese cabbage, raw",97,95.0,13,52,1.9,0.2,2.4,—,0,0.7,4,48,0,0.04,0.03,0.61,12.0,Tr,Tr,Tr,Tr,78,58,278,19.3,17,0.4,0.35,0.16,0.03,0.13,北京
蔬菜类及其制品-嫩茎叶花菜类,045124,乌塌菜［塌菜、塌棵菜］,Flat cabbage,96,94.5,13,55,1.8,0.1,2.6,1.8,0,1.0,131,1568,0,0.01,0.08,0.21,33.9,0.28,0.28,Tr,Tr,43,35,213,59.5,29,1.6,0.25,0.77,0.02,0.15,北京
蔬菜类及其制品-嫩茎叶花菜类,045125,油菜,"Chinese cabbage, baby choi",96,95.6,14,57,1.3,0.5,2.0,—,0,0.9,90,1083,0,0.02,0.05,0.55,—,Tr,Tr,Tr,Tr,148,23,175,73.7,25,0.9,0.31,0.73,0.03,0.23,
蔬菜类及其制品-嫩茎叶花菜类,045126,油菜心,baby cabbage,100,95.1,15,63,1.3,0.4,2.7,—,0,0.5,—,—,0,0.02,0.06,0.41,Tr,0.16,0.16,Tr,Tr,74,26,166,33.4,25,0.6,0.19,0.26,0.04,0.07,
蔬菜类及其制品-嫩茎叶花菜类,045201,圆白菜，卷心菜,Cabbage,86,93.2,24,101,1.5,0.2,4.6,1.0,0,0.5,6,70,0,0.03,0.03,0.40,40.0,0.50,0.21,0.21,0.08,49,26,124,27.2,12,0.6,0.25,0.96,0.04,0.18,
蔬菜类及其制品-嫩茎叶花菜类,045203,菜花（脱水）［脱水花椰菜］,"Cauliflower, dehydrated",100,9.8,312,1306,6.5,0.6,76.8,13.2,0,6.3,—,—,0,0.21,0.18,7.40,82.0,—,—,—,—,185,182,554,264.3,99,6.4,2.15,5.59,0.79,1.08,兰州
蔬菜类及其制品-嫩茎叶花菜类,045205,芥菜（鲜）［雪里红，雪菜］,Crispifolia mustard greens,94,91.5,27,114,2.0,0.4,4.7,1.6,0,1.4,26,310,0,0.03,0.11,0.50,31.0,0.74,0.63,0.11,Tr,230,47,281,30.5,24,3.2,0.70,0.70,0.08,0.42,
蔬菜类及其制品-嫩茎叶花菜类,045206,芥菜（大叶，鲜）［盖菜］,"Mustard greens, broad leaf",71,94.6,16,69,1.8,0.4,2.0,1.2,0,1.2,142,1700,0,0.02,0.11,0.50,72.0,0.64,0.64,Tr,Tr,28,36,224,29.0,18,1.0,0.41,0.53,0.10,0.70,
蔬菜类及其制品-嫩茎叶花菜类,045207,芥菜（茎用，鲜）［青头菜］,Mustard stem,92,95.0,13,53,1.3,0.2,2.8,2.8,0,0.7,23,280,0,—,0.02,0.30,7.0,1.29,—,—,—,23,35,316,41.1,5,0.7,0.25,0.95,0.05,0.10,重庆
蔬菜类及其制品-嫩茎叶花菜类,045208,芥菜（小叶，鲜）［小芥菜］,"Mustard greens, small leaf",88,92.6,26,109,2.5,0.4,3.6,1.0,0,0.9,121,1450,0,0.05,0.10,0.70,51.0,2.06,0.94,0.14,0.98,80,40,210,38.9,23,1.5,0.50,0.28,0.06,0.33,
蔬菜类及其制品-嫩茎叶花菜类,045210,结球甘蓝（绿）［圆白菜］,"Cabbage, green, raw",86,94.5,17,70,0.9,0.2,4.0,—,0,0.4,1,12,0,0.02,0.02,0.24,16.0,Tr,Tr,Tr,Tr,28,18,46,42.1,14,0.2,0.12,0.27,0.01,0.09,
蔬菜类及其制品-嫩茎叶花菜类,045211,结球甘蓝（紫）［圆白菜］,"Cabbage, purple, raw",86,91.8,25,106,1.2,0.2,6.2,—,0,0.6,—,—,0,0.04,0.03,0.15,26.0,Tr,Tr,Tr,Tr,65,22,177,27.0,15,0.4,0.16,0.24,0.02,0.15,
蔬菜类及其制品-嫩茎叶花菜类,045212,抱子甘蓝［小圆白菜］,"Brussels sprouts, raw",87,86.7,36,150,3.5,0.2,8.8,—,0,1.0,3,31,0,0.06,0.05,0.54,38.0,Tr,Tr,Tr,Tr,59,60,350,35.5,24,0.6,0.35,0.65,0.05,0.19,北京
蔬菜类及其制品-嫩茎叶花菜类,045213,羽衣甘蓝,"Brassica, oleracea",100,87.2,69,289,5.0,0.4,5.7,3.2,0,1.7,364,4368,0,0.07,0.18,1.09,63.0,1.12,0.82,0.30,Tr,66,82,395,66.8,53,1.6,0.56,—,0.06,0.40,北京
蔬菜类及其制品-嫩茎叶花菜类,045214,盖菜,"Mustard greens, broad leaf, raw",94,94.8,13,55,1.5,0.2,2.8,—,0,0.9,41,487,0,0.02,0.07,0.21,14.0,0.75,0.67,0.08,Tr,76,33,150,73.5,28,0.5,0.47,0.56,0.04,0.15,
蔬菜类及其制品-嫩茎叶花菜类,045215,芥蓝［甘蓝菜、盖蓝菜］,"Kale, raw",98,91.0,24,98,3.1,0.3,4.1,—,0,1.5,—,—,0,0.03,0.12,0.68,37.0,Tr,Tr,Tr,Tr,121,52,345,40.2,40,1.0,0.40,0.39,0.03,0.31,
蔬菜类及其制品-嫩茎叶花菜类,045216,菜花（白色）［花椰菜］,"Cauliflower, white, raw",82,93.2,20,83,1.7,0.2,4.2,2.1,0,0.7,1,11,0,0.04,0.04,0.32,32.0,Tr,Tr,Tr,Tr,31,32,206,39.2,18,0.4,0.17,2.86,0.02,0.09,
蔬菜类及其制品-嫩茎叶花菜类,045217,西兰花［绿菜花］,"Broccoli, raw",83,91.6,27,111,3.5,0.6,3.7,—,0,0.6,13,151,0,0.06,0.08,0.73,56.0,0.76,0.59,0.17,Tr,50,61,179,46.7,22,0.9,0.46,0.43,0.03,0.16,
蔬菜类及其制品-嫩茎叶花菜类,045301,菠菜（鲜）［赤根菜］,Spinach,89,91.2,28,116,2.6,0.3,4.5,1.7,0,1.4,243,2920,0,0.04,0.11,0.60,32.0,1.74,1.46,0.28,Tr,66,47,311,85.2,58,2.9,0.85,0.97,0.10,0.66,
蔬菜类及其制品-嫩茎叶花菜类,045302,菠菜（脱水）,"Spinach, dehydrated",100,9.2,308,1290,6.4,0.6,75.7,12.7,0,8.1,199,3590,0,0.20,0.18,3.90,82.0,7.73,—,—,—,411,222,919,242.0,183,25.9,3.91,7.02,2.08,1.61,兰州
蔬菜类及其制品-嫩茎叶花菜类,045303,冬寒菜（鲜）［冬苋菜，冬葵］,Mallow,58,89.6,34,144,3.9,0.4,4.9,2.2,0,1.2,599,6950,0,0.15,0.05,0.60,20.0,—,—,—,—,82,56,280,14.0,30,2.4,1.37,2.41,0.13,2.50,
蔬菜类及其制品-嫩茎叶花菜类,045305,胡萝卜缨（红，鲜）,Carrot leaf,100,82.2,48,199,1.7,0.4,11.3,4.0,0,4.4,81,970,0,0.04,—,—,41.0,—,—,—,—,350,39,493,74.6,33,8.1,0.67,0.89,0.12,0.36,甘肃
蔬菜类及其制品-嫩茎叶花菜类,045306,苦菜［节节花，拒马菜］,Common sowthistle,100,85.3,46,192,2.8,0.6,10.0,5.4,0,1.3,45,540,0,0.09,0.11,0.60,19.0,2.93,1.99,Tr,0.94,66,41,180,8.7,37,9.4,0.86,0.50,0.17,1.53,青岛
蔬菜类及其制品-嫩茎叶花菜类,045307,萝卜缨（白）,"Radish leaf, white root",100,90.7,17,72,2.6,0.3,1.7,1.4,0,4.7,—,—,0,0.02,—,—,77.0,—,—,—,—,—,—,—,—,—,—,—,—,—,—,甘肃
蔬菜类及其制品-嫩茎叶花菜类,045308,萝卜缨（青）,"Radish leaf, green root",100,87.2,38,159,3.1,0.1,7.6,2.9,0,2.0,17,200,0,0.07,0.08,0.20,41.0,0.48,0.48,Tr,Tr,110,27,424,91.4,27,1.4,0.30,0.46,0.03,0.86,山东
蔬菜类及其制品-嫩茎叶花菜类,045309,萝卜缨（小萝卜）,"Radish leaf, red root, small",93,92.8,23,95,1.6,0.3,4.1,1.4,0,1.2,59,710,0,0.03,0.13,0.40,51.0,0.87,0.59,0.01,0.27,238,32,101,43.1,13,0.2,0.29,0.82,0.04,0.45,
蔬菜类及其制品-嫩茎叶花菜类,045310,落葵［木耳菜，软浆菜］,"Vinespinach, red",76,92.8,23,97,1.6,0.3,4.3,1.5,0,1.0,168,2020,0,0.06,0.06,0.60,34.0,1.66,1.39,0.27,Tr,166,42,140,47.2,62,3.2,0.32,2.60,0.07,0.43,
蔬菜类及其制品-嫩茎叶花菜类,045312,芹菜茎,Celery stem,67,93.1,22,93,1.2,0.2,4.5,1.2,0,1.0,28,340,0,0.02,0.06,0.40,8.0,1.32,0.47,0.34,0.51,80,38,206,159.0,18,1.2,0.24,0.57,0.09,0.16,
蔬菜类及其制品-嫩茎叶花菜类,045313,芹菜叶（鲜）,Celery leaf,100,89.4,35,146,2.6,0.6,5.9,2.2,0,1.5,244,2930,0,0.08,0.15,0.90,22.0,2.50,0.57,1.93,Tr,40,64,137,83.0,58,0.6,1.14,2.00,0.99,0.54,
蔬菜类及其制品-嫩茎叶花菜类,045316,甜菜叶（鲜）,Beta vulgaris,100,92.2,22,90,1.8,0.1,4.0,1.3,0,2.0,305,3660,0,0.10,0.22,0.40,30.0,—,—,—,—,117,40,547,201.0,72,3.3,0.38,—,0.19,—,USA
蔬菜类及其制品-嫩茎叶花菜类,045317,香菜（鲜）［芫荽］,Coriander leaf,81,90.5,33,139,1.8,0.4,6.2,1.2,0,1.1,97,1160,0,0.04,0.14,2.20,48.0,0.80,0.68,0.12,Tr,101,49,272,48.5,33,2.9,0.45,0.53,0.21,0.28,
蔬菜类及其制品-嫩茎叶花菜类,045318,香菜（脱水）,"Coriander leaf, dehydrated",100,9.3,310,1296,7.4,1.3,71.2,8.2,0,10.8,236,2830,0,0.17,0.28,6.00,75.0,22.15,—,—,—,1723,151,1031,1217.5,269,22.3,1.71,14.15,1.65,2.46,兰州
蔬菜类及其制品-嫩茎叶花菜类,045319,苋菜（绿，鲜）,"Amaranth, pale green",74,90.2,30,123,2.8,0.3,5.0,2.2,0,1.7,176,2110,0,0.03,0.12,0.80,47.0,0.36,0.15,0.14,0.07,187,59,207,32.4,119,5.4,0.80,0.52,0.13,0.78,
蔬菜类及其制品-嫩茎叶花菜类,045320,苋菜（紫，鲜）［红苋］,"Amaranth, purple",73,88.8,35,146,2.8,0.4,5.9,1.8,0,2.1,124,1490,0,0.03,0.10,0.60,30.0,1.54,0.88,0.66,Tr,178,63,340,42.3,38,2.9,0.70,0.09,0.07,0.35,
蔬菜类及其制品-嫩茎叶花菜类,045321,茼蒿（鲜）［蓬蒿菜，艾菜］,"Chrysanthemum crown daisy, greens",82,93.0,24,98,1.9,0.3,3.9,1.2,0,0.9,126,1510,0,0.04,0.09,0.60,18.0,0.92,0.46,0.33,0.13,73,36,220,161.3,20,2.5,0.35,0.60,0.06,0.28,
蔬菜类及其制品-嫩茎叶花菜类,045322,茴香（鲜）［小茴香］,Fennel,86,91.2,27,114,2.5,0.4,4.2,1.6,0,1.7,201,2410,0,0.06,0.09,0.80,26.0,0.94,0.31,Tr,0.63,154,23,149,186.3,46,1.2,0.73,0.77,0.04,0.31,
蔬菜类及其制品-嫩茎叶花菜类,045323,荠菜（鲜）［蓟菜，菱角菜］,Shepherd's purse,88,90.6,31,128,2.9,0.4,4.7,1.7,0,1.4,216,2590,0,0.04,0.15,0.60,43.0,1.01,0.36,0.49,0.16,294,81,280,31.6,37,5.4,0.68,0.51,0.29,0.65,
蔬菜类及其制品-嫩茎叶花菜类,045324,莴笋（鲜）［莴苣］,Lettuce stem,62,95.5,15,62,1.0,0.1,2.8,0.6,0,0.6,13,150,0,0.02,0.02,0.50,4.0,0.19,0.08,0.08,0.03,23,48,212,36.5,19,0.9,0.33,0.54,0.07,0.19,
蔬菜类及其制品-嫩茎叶花菜类,045327,番杏［新西兰菠菜、夏菠菜］,"Common tetragonia, raw",100,94.0,15,64,1.8,0.1,3.1,—,0,1.2,52,628,0,0.03,0.09,0.23,Tr,0.23,0.23,Tr,Tr,136,25,107,445.2,38,0.8,0.36,0.32,0.04,0.76,
蔬菜类及其制品-嫩茎叶花菜类,045328,樱桃萝卜缨,"Cherry radish leaf and stem, raw",100,94.0,14,59,2.0,0.1,2.7,2.3,0,1.2,120,1440,0,0.04,0.09,0.26,14.0,1.40,1.40,Tr,Tr,56,50,126,111.3,45,3.9,0.40,0.58,0.03,0.51,北京
蔬菜类及其制品-嫩茎叶花菜类,045329,白凤菜,"Green Gynura, raw",100,93.4,16,66,1.6,0.2,4.0,—,0,1.0,89,1066,0,0.03,0.06,0.77,6.0,0.12,0.12,Tr,Tr,41,29,192,152.0,63,1.8,0.23,0.77,0.09,0.70,北京
蔬菜类及其制品-嫩茎叶花菜类,045330,紫背天葵［红风菜、血皮菜］,"Gynura, raw",100,93.1,18,73,1.9,—,3.8,—,0,1.2,154,1847,0,0.05,0.08,0.27,3.0,0.20,0.10,0.10,Tr,69,31,367,19.3,72,0.8,0.37,0.92,0.09,0.80,北京
蔬菜类及其制品-嫩茎叶花菜类,045331,芹菜（茎）［旱芹，药芹］,"Chinese celery stem, raw",100,95.4,13,55,0.4,0.2,3.1,1.0,0,0.9,2,18,0,0.01,0.02,0.22,2.0,Tr,Tr,Tr,Tr,15,13,128,166.4,16,0.2,0.14,0.07,0.03,0.04,
蔬菜类及其制品-嫩茎叶花菜类,045332,西芹［西洋芹菜，美芹］,"Celery stem, raw",85,93.6,17,72,0.6,0.1,4.8,2.2,0,0.9,2,29,0,0.01,0.03,0.22,4.0,Tr,Tr,Tr,Tr,36,35,15,313.3,15,0.2,0.10,0.10,0.02,0.06,
蔬菜类及其制品-嫩茎叶花菜类,045333,生菜［叶用莴苣］,"Endive lettuce, curl leafed, raw",94,96.7,12,51,1.6,0.4,1.1,—,0,0.2,2,26,0,0.02,0.01,—,Tr,Tr,Tr,Tr,Tr,14,12,91,16.1,7,0.2,0.12,0.04,0.01,0.06,
蔬菜类及其制品-嫩茎叶花菜类,045334,油麦菜,"Romaine lettuce, raw",81,95.9,12,50,1.1,0.4,2.1,—,0,0.5,63,751,0,0.03,0.07,0.56,2.0,0.45,0.45,Tr,Tr,60,26,164,32.0,23,0.5,0.24,0.16,0.02,0.06,
蔬菜类及其制品-嫩茎叶花菜类,045335,叶甜菜（白梗）,"Beta cicla, raw",100,94.2,13,53,1.6,0.1,2.8,2.2,0,1.3,—,—,0,0.01,0.08,0.23,7.4,0.34,0.34,Tr,Tr,48,26,24,356.5,48,0.6,0.22,0.30,0.06,0.15,北京
蔬菜类及其制品-嫩茎叶花菜类,045336,莴笋叶［莴苣菜］,"Lettuce, leaf, raw",100,95.0,15,62,1.0,0.2,2.9,—,0,0.9,2,24,0,0.03,Tr,—,Tr,Tr,Tr,Tr,Tr,9,37,305,35.6,19,0.2,0.19,0.21,0.05,0.03,
蔬菜类及其制品-嫩茎叶花菜类,045337,蕹菜［空心菜、藤藤菜］,"Water spinach, raw",100,92.3,19,77,2.2,0.2,4.0,—,0,1.3,143,1714,0,0.03,0.05,0.22,5.0,0.10,0.10,Tr,Tr,115,37,304,107.6,46,1.0,0.27,—,0.05,0.52,
蔬菜类及其制品-嫩茎叶花菜类,045338,观达菜［根达菜、牛皮菜］,"Swiss chard, leaf and stem, raw",100,91.8,23,95,1.9,0.3,4.5,2.8,0,1.5,39,470,0,0.01,0.24,—,6.4,0.50,—,—,—,76,17,290,220.0,64,1.3,0.18,1.40,0.02,0.48,北京
蔬菜类及其制品-嫩茎叶花菜类,045339,球茎茴香［甜茴香、意大利茴香］,"Anise, raw",70,93.2,17,71,1.2,Tr,4.7,2.2,0,0.9,1,6,0,0.03,0.06,0.22,3.3,Tr,Tr,Tr,Tr,76,35,24,90.5,23,0.4,0.18,Tr,0.09,0.12,北京
蔬菜类及其制品-嫩茎叶花菜类,045401,竹笋（鲜）,"Bamboo shoot, whole",63,92.8,23,96,2.6,0.2,3.6,1.8,0,0.8,—,—,0,0.08,0.08,0.60,5.0,0.05,0.03,0.02,Tr,9,64,389,0.4,1,0.5,0.33,0.04,0.09,1.14,上海
蔬菜类及其制品-嫩茎叶花菜类,045402,白笋（干）,"bamboo shoot , dried",64,10.0,282,1180,26.0,4.0,57.1,43.2,0,2.9,1,10,0,—,0.32,0.20,Tr,—,—,—,—,31,222,1754,0.7,22,4.2,3.30,2.34,1.94,2.20,福建
蔬菜类及其制品-嫩茎叶花菜类,045403,鞭笋（鲜）［马鞭笋］,Summer bamboo shoot,45,90.1,24,100,2.6,Tr,6.7,6.6,0,0.6,—,—,0,0.05,0.09,0.50,7.0,—,—,—,—,17,49,379,4.6,13,2.5,0.64,0.44,0.08,0.69,杭州
蔬菜类及其制品-嫩茎叶花菜类,045404,春笋（鲜）,Spring bamboo shoot,66,91.4,25,106,2.4,0.1,5.1,2.8,0,1.0,3,30,0,0.05,0.04,0.40,5.0,—,—,—,—,8,36,300,6.0,8,2.4,0.43,0.66,0.15,0.78,
蔬菜类及其制品-嫩茎叶花菜类,045405,冬笋（鲜）,Winter bamboo shoot,39,88.1,42,174,4.1,0.1,6.5,0.8,0,1.2,7,80,0,0.08,0.08,0.60,1.0,—,—,—,—,22,56,—,—,—,0.1,—,—,—,—,北京
蔬菜类及其制品-嫩茎叶花菜类,045406,黑笋（干）,"bamboo shoot, dried",76,14.4,268,1120,17.6,2.4,57.5,27.2,0,8.1,—,—,0,—,0.41,1.90,Tr,—,—,—,—,30,426,115,6.2,82,18.9,7.60,4.20,1.30,5.43,福建
蔬菜类及其制品-嫩茎叶花菜类,045407,毛笋（鲜）［毛竹笋］,baby bamboo shoot,67,93.1,23,97,2.2,0.2,3.8,1.3,0,0.7,—,—,0,0.04,0.05,0.30,9.0,0.15,0.15,Tr,Tr,16,34,318,5.2,8,0.9,0.47,0.38,0.07,0.35,
蔬菜类及其制品-嫩茎叶花菜类,045408,玉兰片,"Bamboo shoot, sliced, soaked in water",100,78.0,66,275,2.6,0.4,18.6,11.3,0,0.4,—,—,0,0.04,0.07,0.10,1.0,2.24,1.23,1.01,0,42,29,66,1.9,5,3.6,0.23,—,0.04,0.54,北京
蔬菜类及其制品-嫩茎叶花菜类,045409,百合（鲜）,Lily,82,56.7,166,692,3.2,0.1,38.8,1.7,0,1.2,—,—,0,0.02,0.04,0.70,18.0,—,—,—,—,11,61,510,6.7,43,1.0,0.50,0.20,0.24,0.35,兰州
蔬菜类及其制品-嫩茎叶花菜类,045411,百合（脱水）,"Lily, dehydrated",100,9.9,346,1449,8.1,0.1,79.1,1.7,0,2.8,—,—,0,0.05,0.02,1.10,7.0,—,—,—,—,29,72,492,69.8,43,5.0,1.25,3.08,1.70,0.55,兰州
蔬菜类及其制品-嫩茎叶花菜类,045412,金针菜（鲜）［黄花菜］,Daylily flower,98,40.3,214,897,19.4,1.4,34.9,7.7,0,4.0,153,1840,0,0.05,0.21,3.10,10.0,4.92,3.56,1.36,Tr,301,216,610,59.2,85,8.1,3.99,4.22,0.37,1.21,
蔬菜类及其制品-嫩茎叶花菜类,045413,菊苣,"Endive, Chicory",100,93.8,19,79,1.3,0.2,3.4,0.9,0,1.4,103,1230,0,0.08,0.08,0.40,7.0,—,—,—,—,52,28,314,22.0,15,0.8,0.79,—,0.10,0.42,USA
蔬菜类及其制品-嫩茎叶花菜类,045415,芦笋（绿）［石刁柏、龙须菜］,Asparagus stem，raw,90,93.3,19,79,2.6,0.1,3.3,—,0,0.7,2,20,0,0.07,0.08,1.12,7.0,0.19,0.10,0.09,Tr,9,51,304,12.4,18,1.4,0.55,0.62,0.10,0.12,
蔬菜类及其制品-嫩茎叶花菜类,045416,芦笋（紫）,Asparagus stem，purple，raw,93,93.1,22,92,2.7,0.2,3.4,1.3,0,0.6,23,273,0,0.10,0.13,0.95,8.3,0.54,0.32,0.22,Tr,13,49,26,9.2,14,0.4,0.42,0.07,0.12,0.12,北京
蔬菜类及其制品-嫩茎叶花菜类,045417,结球菊苣（红）,Radicchio Chicory，red，raw,89,93.8,17,72,1.8,0.2,3.4,—,0,0.8,9,104,0,0.04,0.04,0.23,2.0,0.20,Tr,0.20,Tr,78,53,365,24.9,20,0.8,0.39,0.33,0.10,0.25,北京
蔬菜类及其制品-嫩茎叶花菜类,045418,软化白菊苣,Chicory witloof，raw,97,94.7,17,70,1.5,0.2,3.1,—,0,0.5,1,14,0,0.04,0.02,0.07,1.0,0.14,Tr,0.14,Tr,11,53,216,33.6,20,0.2,0.24,0.21,0.06,0.14,北京
蔬菜类及其制品-嫩茎叶花菜类,045419,穿心莲,Andrographis paniculata，leaf,100,95.1,17,71,1.7,—,2.5,—,0,0.7,—,—,0,—,—,—,3.4,0.00,Tr,—,Tr,11,—,188,3.6,9,0.2,0.04,0.01,0.03,0.16,北京
蔬菜类及其制品-嫩茎叶花菜类,045420,红薯叶,Sweet potato leaves,100,90.8,27,112,3.1,Tr,5.1,2.80,0,1.0,113,1351,0,0.20,0.36,—,Tr,1.37,1.37,Tr,Tr,180,38,115,44.0,58,1.2,0.21,—,0.11,0.93,广东
蔬菜类及其制品-嫩茎叶花菜类,045421,南瓜藤,Pumpkin Tender leaves,100,93.3,17,73,1.7,0.0,3.2,—,0,1.8,35,425,0,Tr,0.04,—,13.5,0.59,0.39,—,0.01,14,53,303,1.8,16,1.1,0.35,—,0.08,0.15,浙江
蔬菜类及其制品-嫩茎叶花菜类,045422,三七尖,Sanqi Tender leaves,100,92.6,21,86,2.3,0.2,4.0,—,0,0.9,14,169,0,Tr,0.08,—,0.0,0.15,0.07,0.06,0.02,57,21,631,12.4,169,0.1,2.26,5.99,1.19,6.66,湖北
蔬菜类及其制品-嫩茎叶花菜类,045423,棠梨花,Tangli flower,100,85.6,58,244,3.5,0.8,9.1,—,0,1.0,—,—,0,Tr,0.32,—,Tr,—,—,—,—,65,49,42,300.0,—,2.2,0.55,—,—,—,云南
蔬菜类及其制品-嫩茎叶花菜类,045424,洋丝瓜苗,Towel gourd green shoots,81,92.2,29,123,4.4,0.3,2.2,—,0,0.9,—,—,0,0.04,0.23,—,4.6,—,—,—,—,77,72,224,25.0,—,3.1,0.44,—,—,—,云南
蔬菜类及其制品-根菜类,041101,白萝卜（鲜）［莱菔］,Radish，white skin and flesh，raw,95,94.6,16,67,0.7,0.1,4.0,—,0,0.6,Tr,Tr,0,0.02,0.01,0.14,19.0,Tr,Tr,Tr,Tr,47,16,167,54.3,12,0.2,0.14,0.12,0.01,0.05,
蔬菜类及其制品-根菜类,041102,卞萝卜［红皮萝卜］,Radish，red skin and white flesh，round，raw,96,94.2,18,74,0.8,0.1,4.2,1.1,0,0.7,Tr,Tr,0,0.01,0.02,0.22,5.6,Tr,Tr,Tr,Tr,39,27,16,111.2,24,0.3,0.23,0.27,0.02,0.04,
蔬菜类及其制品-根菜类,041103,红旦旦萝卜［樱桃萝卜，小水萝卜］,Radish，red skin,95,94.4,19,79,0.8,Tr,4.3,0.8,0,0.5,Tr,Tr,0,0.01,—,Tr,4.0,1.11,0.90,0.10,0.11,9,43,63,20.1,11,2.9,0.32,1.45,Tr,0.05,山东
蔬菜类及其制品-根菜类,041104,红萝卜［卞萝卜］,Red radish,97,93.8,22,91,1.0,0.1,4.6,0.8,0,0.5,Tr,Tr,0,0.05,0.02,0.10,3.0,1.20,1.10,Tr,0.10,11,26,110,62.7,16,2.8,0.69,Tr,Tr,0.06,青海
蔬菜类及其制品-根菜类,041105,红心萝卜［心里美］,Radish，red flesh,94,88.0,41,172,1.2,Tr,9.8,1.4,0,1.0,7,80,0,0.02,0.02,0.10,20.0,—,—,—,—,86,30,385,49.1,23,0.9,0.74,0.73,0.05,0.08,
蔬菜类及其制品-根菜类,041106,花叶萝卜,radish，Petal leaf,85,86.7,48,199,1.2,0.1,11.5,2.1,0,0.5,Tr,Tr,0,0.01,0.02,Tr,3.0,0.40,0.40,Tr,Tr,16,25,104,47.2,20,3.1,0.74,0.07,Tr,0.08,
蔬菜类及其制品-根菜类,041108,水萝卜［脆萝卜］,Radish，Chinese,93,92.9,22,94,0.8,Tr,5.5,1.4,0,0.8,21,250,0,0.03,0.05,—,45.0,—,—,—,—,—,—,—,9.7,—,—,0.49,—,0.01,0.05,
蔬菜类及其制品-根菜类,041109,小水萝卜［算盘子，红皮萝卜］,Radish，small，red skin,66,93.9,21,88,1.1,0.2,4.2,1.0,0,0.6,2,20,0,0.02,0.04,0.40,22.0,0.78,0.55,0.23,Tr,32,21,286,33.5,17,0.4,0.21,0.65,0.03,0.09,
蔬菜类及其制品-根菜类,041110,红心萝卜［心里美］,*Beautiful heart *radish，red flesh and green skin,88,93.5,23,96,0.8,0.2,4.9,0.8,0,0.6,1,10,0,0.02,0.04,0.40,23.0,—,—,—,—,68,24,116,85.4,34,0.5,0.17,1.02,0.06,0.08,
蔬菜类及其制品-根菜类,041112,白萝卜（圆）,Radish，white skin and flesh，round，raw,94,94.8,16,66,0.7,0.2,3.6,1.0,0,0.7,Tr,Tr,0,0.02,0.01,0.31,16.0,Tr,Tr,Tr,Tr,25,31,14,117.5,9,0.3,0.12,0.22,0.01,0.04,
蔬菜类及其制品-根菜类,041113,青萝卜,Radish，green skin and flesh，raw,95,91.0,29,121,1.2,0.2,6.9,—,0,0.7,7,88,0,0.01,0.02,0.62,7.0,Tr,Tr,Tr,Tr,47,31,248,56.0,15,0.3,0.16,0.10,0.02,0.06,
蔬菜类及其制品-根菜类,041115,樱桃萝卜,Cherry radish，raw,46,95.4,12,52,0.9,0.1,3.0,—,0,0.6,2,18,0,0.01,0.03,0.22,14.0,Tr,Tr,Tr,Tr,18,23,202,82.6,15,0.4,0.18,0.28,0.01,0.06,北京
蔬菜类及其制品-根菜类,041201,胡萝卜（红）［金笋，丁香萝卜］,Carrot，red,96,89.2,39,162,1.0,0.2,8.8,1.1,0,0.8,344,4130,0,0.04,0.03,0.60,13.0,0.41,0.36,0.05,Tr,32,27,190,71.4,14,1.0,0.23,0.63,0.08,0.24,
蔬菜类及其制品-根菜类,041202,胡萝卜（黄）,Carrot，yellow,97,87.4,46,191,1.4,0.2,10.2,1.3,0,0.8,344,4010,0,0.04,0.04,0.20,16.0,—,—,—,—,32,16,193,25.1,7,0.5,0.14,2.80,0.03,0.07,
蔬菜类及其制品-根菜类,041203,胡萝卜（脱水）,Carrot，dehydrated,100,10.9,333,1392,4.2,1.9,77.9,6.4,0,5.1,1438,17250,0,0.12,0.15,2.60,32.0,—,—,—,—,458,118,1117,300.7,82,8.5,1.85,4.06,0.81,0.75,兰州
蔬菜类及其制品-根菜类,041204,胡萝卜,Carrot，yellow，raw,97,90.0,32,133,1.0,0.2,8.1,—,0,0.7,342,4107,0,—,0.02,—,9.0,0.31,0.31,Tr,Tr,27,38,119,120.7,18,0.3,0.22,0.60,0.07,0.08,
蔬菜类及其制品-根菜类,041301,芥菜头［大头菜，水芥］,Horseradish,83,89.6,36,151,1.9,0.2,7.4,1.4,0,0.9,—,—,0,0.06,0.02,0.60,34.0,0.20,0.20,Tr,Tr,65,36,243,65.6,19,0.8,0.39,0.95,0.09,0.15,
蔬菜类及其制品-根菜类,041302,苤蓝［玉蔓菁，球茎甘蓝，大头菜］,Kohlrabi,78,90.8,32,136,1.3,0.2,7.0,1.3,0,0.7,2,20,0,0.04,0.02,0.50,41.0,0.13,0.10,0.03,Tr,25,46,190,29.8,24,0.3,0.17,0.16,0.02,0.11,
蔬菜类及其制品-根菜类,041401,甜菜根（鲜）［甜菜头，糖萝卜］,Beetroot,90,74.8,87,364,1.0,0.1,23.5,5.9,0,0.6,—,—,0,0.05,0.04,0.20,8.0,1.85,1.85,Tr,Tr,56,18,254,20.8,38,0.9,0.31,0.29,0.15,0.86,
蔬菜类及其制品-根菜类,041402,根芹［根洋芹、球根塘蒿］,Celeriac，raw,67,86.2,38,160,2.2,0.1,10.0,4.6,0,1.5,2,19,0,0.04,0.07,1.26,1.0,Tr,Tr,Tr,Tr,79,166,441,75.9,33,0.5,0.58,1.03,0.23,0.33,北京
蔬菜类及其制品-根菜类,041403,紫菜头,Garden beet，purple skin and flesh，raw,89,86.4,42,178,1.8,0.2,10.6,4.2,0,1.0,Tr,Tr,0,0.02,0.03,0.24,1.0,Tr,Tr,Tr,Tr,16,32,26,306.0,27,0.5,0.31,0.06,0.08,0.31,
蔬菜类及其制品-水生蔬菜类,046001,慈姑（鲜）［乌芋，白地果］,Arrowhead,89,73.6,97,406,4.6,0.2,19.9,1.4,0,1.7,—,—,0,0.14,0.07,1.60,4.0,2.16,2.16,Tr,Tr,14,157,707,39.1,24,2.2,0.99,0.92,0.22,0.39,
蔬菜类及其制品-水生蔬菜类,046002,豆瓣菜（鲜）［西洋菜，水田芥］,Watercress,73,94.5,20,82,2.9,0.5,1.5,1.2,0,0.6,796,9550,0,0.01,0.11,0.30,52.0,0.59,0.59,Tr,Tr,30,26,179,61.2,9,1.0,0.69,0.70,0.06,0.25,广东
蔬菜类及其制品-水生蔬菜类,046003,菱角（老，鲜）［龙角］,Water caltrop,57,73.0,101,423,4.5,0.1,21.4,1.7,0,1.0,1,10,0,0.19,0.06,1.50,13.0,—,—,—,—,7,93,437,5.8,49,0.6,0.62,—,0.18,0.38,江苏
蔬菜类及其制品-水生蔬菜类,046005,蒲菜（鲜）［香蒲，甘蒲，野茭白］,Cattail,12,95.0,14,56,1.2,0.1,2.4,0.9,0,1.3,1,10,0,0.03,0.04,0.50,6.0,—,—,—,—,53,24,—,—,—,0.2,—,—,—,—,北京
蔬菜类及其制品-水生蔬菜类,046006,水芹菜,Water celery,60,96.2,13,54,1.4,0.2,1.8,0.9,0,0.4,63,380,0,0.01,0.19,1.00,5.0,0.32,0.10,0.22,Tr,38,32,212,40.9,16,6.9,0.38,0.81,0.10,0.79,上海
蔬菜类及其制品-水生蔬菜类,046007,茭白（鲜）［茭笋，茭粑］,Water bamboo,74,92.2,26,110,1.2,0.2,5.9,1.9,0,0.5,5,30,0,0.02,0.03,0.50,5.0,0.99,0.99,Tr,Tr,4,36,209,5.8,8,0.4,0.33,0.45,0.06,0.49,
蔬菜类及其制品-水生蔬菜类,046008,荸荠（鲜）［马蹄，地栗］,Water chestnut,78,83.6,61,256,1.2,0.2,14.2,1.1,0,0.8,3,20,0,0.02,0.02,0.70,7.0,0.65,0.15,0.28,0.22,4,44,306,15.7,12,0.6,0.34,0.70,0.07,0.11,
蔬菜类及其制品-水生蔬菜类,046009,莼菜（瓶装）［花案菜］,"Walershie, bottled",100,94.5,21,87,1.4,0.1,3.8,0.5,0,0.2,55,330,0,—,0.01,0.10,Tr,0.90,0.84,0.06,Tr,42,17,2,7.9,3,2.4,0.67,0.67,0.04,0.26,杭州
蔬菜类及其制品-水生蔬菜类,046010,藕［莲藕］,"Lotus root, raw",88,86.4,47,200,1.2,0.2,11.5,2.2,0,0.7,Tr,Tr,0,0.04,0.01,0.12,19.0,0.32,0.32,Tr,Tr,18,45,293,34.3,14,0.3,0.24,0.17,0.09,0.89,
蔬菜类及其制品-水生蔬菜类,046011,红菱,,54,51.8,165,695,5.7,0.3,40.9,—,0,1.3,—,—,0,—,—,—,—,—,—,—,—,51,79,323,18.0,—,1.3,1.25,—,—,—,江苏
蔬菜类及其制品-茄果瓜菜类,043101x,茄子（代表值）,Eggplant,93,93.4,23,97,1.1,0.2,4.9,1.3,0,0.4,4,50,0,0.02,0.04,0.60,5.0,1.13,1.13,Tr,Tr,24,23,142,5.4,13,0.5,0.23,0.48,0.10,0.13,
蔬菜类及其制品-茄果瓜菜类,043102,茄子（绿皮）,"Eggplant, long, pale green skin",90,92.8,28,116,1.0,0.6,5.2,1.2,0,0.4,10,120,0,0.02,0.20,0.60,7.0,0.55,0.23,0.12,0.20,12,26,162,6.8,13,0.1,0.24,0.64,0.05,0.07,
蔬菜类及其制品-茄果瓜菜类,043103,茄子（圆）,"Eggplant, round",95,91.2,32,132,1.6,0.2,6.7,1.7,0,0.3,Tr,Tr,0,0.03,0.03,Tr,1.0,0.88,0.80,0.05,0.03,5,19,112,3.2,17,1.8,0.29,0.48,0.11,0.10,青海
蔬菜类及其制品-茄果瓜菜类,043106,番茄（整个，罐头）,"Tomato, whole, canned",100,93.5,22,93,2.0,0.6,2.6,0.8,0,1.3,96,1149,0,0.03,0.02,0.80,5.0,1.66,1.29,0.37,Tr,31,22,197,246.9,12,0.4,0.24,0.50,0.05,0.06,北京
蔬菜类及其制品-茄果瓜菜类,043107,奶柿子［西红柿］,"Tomato, oval",100,95.6,14,61,0.6,0.1,3.2,0.8,0,0.5,44,530,0,0.05,0.02,1.00,8.0,1.31,0.58,0.64,0.09,15,21,163,8.3,9,0.4,0.14,0.12,0.45,0.06,哈尔滨
蔬菜类及其制品-茄果瓜菜类,043108,辣椒（红，尖，干）,"Hot pepper, red, sharp top, dried",88,14.6,295,1236,15.0,12.0,52.7,41.7,0,5.7,—,—,0,0.53,0.16,1.20,—,8.76,6.45,1.20,0.11,12,298,1085,4.0,131,6.0,8.21,—,0.61,11.70,山东
蔬菜类及其制品-茄果瓜菜类,043109,辣椒（红，小）,"Hot pepper, red, small",80,88.8,38,159,1.3,0.4,8.9,3.2,0,0.6,116,1390,0,0.03,0.06,0.80,144.0,0.44,0.37,0.07,Tr,37,95,222,2.6,16,1.4,0.30,1.90,0.11,0.18,
蔬菜类及其制品-茄果瓜菜类,043112,甜椒（脱水）,"Sweet pepper, dehydrated",100,10.5,324,1355,7.6,0.4,76.6,8.3,0,4.9,1409,16910,0,0.23,0.18,4.00,846.0,6.05,6.05,Tr,Tr,130,106,1443,26.0,145,7.4,1.65,3.01,1.17,0.84,兰州
蔬菜类及其制品-茄果瓜菜类,043113,葫子,Hispid bottle gourd,85,92.2,29,122,0.7,0.1,6.8,0.9,0,0.2,82,980,0,0.01,0.06,0.70,29.0,1.14,—,—,—,49,27,73,1.2,10,Tr,0.56,4.40,0.87,Tr,甘肃
蔬菜类及其制品-茄果瓜菜类,043115,茄子（白皮、长）,"Eggplant, long, white skin, raw",97,92.5,21,88,1.3,0.1,5.5,—,0,0.6,1,15,0,0.05,0.03,0.44,—,Tr,Tr,Tr,Tr,10,30,238,1.9,16,0.5,0.20,0.16,0.05,0.12,
蔬菜类及其制品-茄果瓜菜类,043116,茄子（紫皮、长）,"Eggplant, long, dark purple skin, raw",95,93.4,18,77,1.1,0.1,4.8,—,0,0.6,—,—,0,0.03,0.03,—,—,Tr,Tr,Tr,Tr,50,21,147,5.0,11,0.5,0.20,0.09,0.04,0.09,
蔬菜类及其制品-茄果瓜菜类,043117,茄子（紫皮、圆）,"Eggplant, round, dark purple skin, raw",98,93.3,23,95,0.8,0.2,5.3,—,0,0.4,2,23,0,0.03,0.02,0.50,—,Tr,Tr,Tr,Tr,7,15,153,4.6,10,0.3,0.12,0.16,0.04,0.10,
蔬菜类及其制品-茄果瓜菜类,043118,香瓜茄,"Pepino, raw",96,93.6,21,88,0.6,Tr,5.5,0.6,0,0.3,2,19,0,0.03,0.02,0.28,60.0,Tr,Tr,Tr,Tr,10,12,17,3.8,9,0.2,0.08,0.10,0.03,0.03,北京
蔬菜类及其制品-茄果瓜菜类,043119,番茄［西红柿］,"Tomato, raw",97,95.2,15,62,0.9,0.2,3.3,—,0,0.4,31,375,0,0.02,0.01,0.49,14.0,0.42,0.26,0.16,Tr,4,24,179,9.7,12,0.2,0.12,Tr,0.04,0.06,
蔬菜类及其制品-茄果瓜菜类,043120,樱桃番茄［小西红柿］,"Cherry tomato, raw",98,92.5,25,107,1.0,0.2,5.8,—,0,0.5,28,332,0,0.03,0.02,0.92,33.0,0.98,0.72,0.26,Tr,6,26,262,10.0,12,0.3,0.20,0.20,0.04,0.06,
蔬菜类及其制品-茄果瓜菜类,043121,辣椒（小红尖辣椒）,"Chilli or hot pepper, red, small, raw",89,76.4,62,254,4.1,0.4,17.7,11.8,0,1.4,—,—,0,0.16,0.16,2.51,86.0,8.11,5.05,1.57,1.02,29,115,18,11.5,59,0.6,0.33,0.96,0.20,0.30,
蔬菜类及其制品-茄果瓜菜类,043122,辣椒（小红尖辣椒、干）,"Chilli or hot pepper, red, small, raw, dried",88,10.2,298,1227,15.4,12.0,57.4,—,0,5.0,281,3376,0,0.48,0.71,9.53,—,27.51,13.74,7.76,6.01,152,300,991,55.7,170,6.9,1.01,1.70,0.55,1.07,
蔬菜类及其制品-茄果瓜菜类,043123,辣椒（青、尖）,"Chilli or hot pepper, green, pointed tip, raw",91,93.4,22,91,0.8,0.3,5.2,—,0,0.3,8,98,0,0.02,0.02,0.62,59.0,0.38,0.38,Tr,Tr,11,20,154,7.0,15,0.3,0.21,0.02,0.05,0.05,
蔬菜类及其制品-茄果瓜菜类,043124,甜椒［灯笼椒、柿子椒］,"Pepper or capsicum, sweet, green, raw",82,94.6,18,77,1.0,0.2,3.8,—,0,0.4,6,76,0,0.02,0.02,0.39,130.0,0.41,0.41,Tr,Tr,—,—,—,—,—,—,—,0.38,—,—,
蔬菜类及其制品-茄果瓜菜类,043125,彩椒,"Pepper or capsicum, sweet, red, yellow or purple etc., raw",83,91.5,26,109,1.3,0.2,6.4,—,0,0.6,66,794,0,0.05,0.05,1.09,104.0,1.60,1.40,0.11,0.09,9,26,278,6.8,18,0.5,0.18,0.12,0.06,0.09,北京
蔬菜类及其制品-茄果瓜菜类,043126,秋葵［黄秋葵、羊角豆］,"Okra, raw",98,91.2,25,104,1.8,0.2,6.2,1.8,0,0.6,20,238,0,0.06,0.05,0.42,7.2,Tr,Tr,Tr,Tr,101,41,19,8.7,38,0.2,0.24,0.54,0.03,0.13,北京
蔬菜类及其制品-茄果瓜菜类,043201,白瓜,"Conomon, white skin",83,96.2,12,51,0.9,—,2.6,0.9,0,0.3,—,—,0,0.02,0.04,0.10,16.0,0.20,0.04,0.16,Tr,6,11,70,1.0,8,0.1,0.04,1.10,0.01,0.11,广东
蔬菜类及其制品-茄果瓜菜类,043202,菜瓜［生瓜，白瓜］,"Conomon, white skin",88,95.0,19,79,0.6,0.2,3.9,0.4,0,0.3,2,20,0,0.02,0.01,0.20,12.0,0.03,Tr,0.03,Tr,20,14,136,1.6,15,0.5,0.10,0.63,0.03,0.03,
蔬菜类及其制品-茄果瓜菜类,043204,方瓜,Pumpkin,82,95.8,14,60,0.8,Tr,3.1,0.6,0,0.3,12,140,0,0.01,0.01,0.60,2.0,0.37,0.25,0.12,Tr,40,13,4,4.4,9,0.2,0.97,0.31,0.02,0.03,山东
蔬菜类及其制品-茄果瓜菜类,043205,佛手瓜［棒瓜，菜肴梨］,Chayote,100,94.3,18,77,1.2,0.1,3.8,1.2,0,0.6,2,20,0,0.01,0.10,0.10,8.0,—,—,—,—,17,18,76,1.0,10,0.1,0.08,1.45,0.02,0.03,山东
蔬菜类及其制品-茄果瓜菜类,043206,葫芦［长瓜，蒲瓜，瓠瓜］,Calabash,87,95.3,16,67,0.7,0.1,3.5,0.8,0,0.4,3,40,0,0.02,0.01,0.40,11.0,—,—,—,—,16,15,87,0.6,7,0.4,0.14,0.49,0.04,0.08,
蔬菜类及其制品-茄果瓜菜类,043207,葫芦条（干）,"Calabash strip, dried",100,25.4,256,1069,4.3,1.8,64.6,18.1,0,3.9,—,—,0,0.05,0.03,1.40,—,—,—,—,—,114,187,480,36.3,80,8.0,2.80,1.70,0.56,1.64,山东
蔬菜类及其制品-茄果瓜菜类,043208,黄瓜（鲜）［胡瓜］,Cucumber,92,95.8,16,65,0.8,0.2,2.9,0.5,0,0.3,8,90,0,0.02,0.03,0.20,9.0,0.49,0.08,0.24,0.17,24,24,102,4.9,15,0.5,0.18,0.38,0.05,0.06,
蔬菜类及其制品-茄果瓜菜类,043209,节瓜［毛瓜］,Wax gourd,92,95.6,14,61,0.6,0.1,3.4,1.2,0,0.3,—,—,0,0.02,0.05,0.40,39.0,0.27,0.16,0.11,Tr,4,13,40,0.2,7,0.1,0.08,0.26,0.02,0.10,广东
蔬菜类及其制品-茄果瓜菜类,043210,金瓜,Spaghetti squash,82,95.6,15,63,0.5,0.1,3.4,0.7,0,0.4,5,60,0,0.02,0.02,0.60,2.0,0.43,0.43,Tr,Tr,17,10,152,0.9,8,0.9,0.17,0.28,0.04,Tr,上海
蔬菜类及其制品-茄果瓜菜类,043211,金丝瓜［裸瓣瓜］,Cochinchina gymnopetalum,80,91.7,38,161,3.3,2.0,2.2,0.8,0,0.8,1,10,0,0.02,0.03,0.70,1.0,0.01,Tr,0.01,Tr,25,28,90,2.0,13,0.3,1.77,0.76,0.13,0.11,哈尔滨
蔬菜类及其制品-茄果瓜菜类,043212,苦瓜（鲜）［凉瓜，癞瓜］,"Balsampear, bitter melon",81,93.4,22,91,1.0,0.1,4.9,1.4,0,0.6,8,100,0,0.03,0.03,0.40,56.0,0.85,0.61,0.24,Tr,14,35,256,2.5,18,0.7,0.36,0.36,0.06,0.16,
蔬菜类及其制品-茄果瓜菜类,043213,南瓜（鲜）［倭瓜，番瓜］,Pumpkin,85,93.5,23,97,0.7,0.1,5.3,0.8,0,0.4,74,890,0,0.03,0.04,0.40,8.0,0.36,0.29,0.07,Tr,16,24,145,0.8,8,0.4,0.14,0.46,0.03,0.08,
蔬菜类及其制品-茄果瓜菜类,043214,南瓜粉,Pumpkin meal,100,6.2,343,1434,7.1,2.1,79.6,11.5,0,5.0,5,60,0,0.04,0.70,12.50,7.0,26.61,—,—,—,171,307,411,83.6,18,27.8,1.40,2.30,0.90,0.69,浙江
蔬菜类及其制品-茄果瓜菜类,043215,蛇瓜［蛇豆，大豆角］,Serpent gourd,89,94.1,18,77,1.5,0.1,3.9,2.0,0,0.4,2,20,0,0.10,0.03,0.10,4.0,—,—,—,—,191,14,763,2.2,47,1.2,0.42,0.30,0.04,0.16,山东
蔬菜类及其制品-茄果瓜菜类,043217,笋瓜［生瓜］,Winter squash,91,96.1,13,54,0.5,—,3.1,0.7,0,0.3,8,100,0,0.04,0.02,—,5.0,0.29,0.04,0.17,0.08,14,27,96,—,7,0.6,0.09,—,0.03,0.05,合肥
蔬菜类及其制品-茄果瓜菜类,043218,西葫芦,"Zucchini, green, summer squash",73,94.9,19,79,0.8,0.2,3.8,0.6,0,0.3,3,30,0,0.01,0.03,0.20,6.0,0.34,0.34,Tr,Tr,15,17,92,5.0,9,0.3,0.12,0.28,0.03,0.04,
蔬菜类及其制品-茄果瓜菜类,043219,面西胡瓜,"Summer squash, yellow",88,97.0,10,44,0.8,Tr,1.8,—,0,0.4,48,580,0,0.01,0.02,0.10,—,—,—,—,—,14,3,70,0.6,12,0.8,0.25,0.10,0.08,0.06,河北
蔬菜类及其制品-茄果瓜菜类,043220,小西胡瓜,"Summer squash, green",79,94.4,22,92,0.7,0.1,4.8,—,0,0.1,—,—,0,—,0.01,Tr,—,—,—,—,—,5,6,18,1.7,Tr,0.2,0.10,1.00,0.04,0.05,保定
蔬菜类及其制品-茄果瓜菜类,043221,冬瓜,"Chinese wax gourd or winter melon, raw",80,96.9,10,43,0.3,0.2,2.4,—,0,0.2,Tr,Tr,0,Tr,Tr,0.22,16.0,0.04,0.04,Tr,Tr,12,11,57,2.8,10,0.1,0.10,0.02,0.01,0.02,
蔬菜类及其制品-茄果瓜菜类,043222,飞碟瓜,"Scallop squash, raw",91,94.1,18,73,1.0,0.1,4.4,1.6,0,0.4,4,47,0,0.02,0.02,0.25,3.0,0.12,Tr,0.12,Tr,32,29,119,4.3,16,0.4,0.20,0.15,0.04,0.04,北京
蔬菜类及其制品-茄果瓜菜类,043223,黄金西葫芦,"Zucchini, Golden, raw",91,93.7,17,70,1.8,0.1,3.6,—,0,0.8,14,164,0,0.01,0.03,—,13.3,0.13,Tr,0.13,Tr,33,47,20,3.0,18,0.4,0.22,0.10,0.04,0.08,北京
蔬菜类及其制品-茄果瓜菜类,043224,黄茎瓜［小南瓜］,"Calabaza, raw",100,95.4,19,81,1.2,0.9,2.0,0.7,0,0.5,57,680,0,0.03,0.02,—,Tr,0.20,—,—,—,—,17,—,—,—,—,0.29,0.20,—,—,四川
蔬菜类及其制品-茄果瓜菜类,043225,迷你黄瓜［荷兰乳黄瓜］,"Mini cucumber, raw",92,95.8,14,59,1.0,0.2,2.5,—,0,0.5,3,38,0,0.02,0.02,—,—,Tr,Tr,Tr,Tr,20,21,173,2.2,12,0.3,0.17,0.92,0.03,0.06,
蔬菜类及其制品-茄果瓜菜类,043226,秋黄瓜［旱黄瓜］,"Cucumber, *Autumn*, raw",92,96.0,14,57,0.9,0.2,2.5,—,0,0.4,3,40,0,0.02,0.01,—,—,Tr,Tr,Tr,Tr,9,23,141,2.2,9,0.2,0.17,0.10,0.03,0.07,
蔬菜类及其制品-茄果瓜菜类,043227,南瓜（栗面）,"Pumpkin, raw",74,88.8,36,153,1.4,0.1,8.8,2.6,0,0.9,127,1518,0,0.03,0.04,0.52,5.0,1.92,1.92,Tr,Tr,16,56,445,11.0,9,0.4,0.22,0.49,0.04,0.03,北京
蔬菜类及其制品-茄果瓜菜类,043228,丝瓜,"Sponge gourd, raw",83,94.1,20,82,1.3,0.2,4.0,—,0,0.4,13,155,0,0.02,0.04,0.32,4.0,0.08,0.08,Tr,Tr,37,33,121,3.7,19,0.3,0.22,0.20,0.05,0.07,
蔬菜类及其制品-葱蒜类,044101,大蒜（白皮，鲜）［蒜头］,Garlic bulb,85,66.6,128,536,4.5,0.2,27.6,1.1,0,1.1,3,30,0,0.04,0.06,0.60,7.0,1.07,1.07,Tr,Tr,39,117,302,19.6,21,1.2,0.88,3.09,0.22,0.29,
蔬菜类及其制品-葱蒜类,044102,大蒜（脱水）,Garlic bulb，dehydrated,100,7.3,348,1456,13.2,0.3,75.4,4.5,0,3.8,—,—,0,0.29,—,—,79.0,—,—,—,—,65,297,798,36.8,61,6.6,1.98,19.30,0.99,0.63,兰州
蔬菜类及其制品-葱蒜类,044103,大蒜（紫皮，鲜）［蒜头］,Garlic bulb，purple skin,89,63.8,139,580,5.2,0.2,29.6,1.2,0,1.2,2,20,0,0.29,0.06,0.80,7.0,0.68,0.46,0.17,0.05,10,129,437,8.3,28,1.3,0.64,5.54,0.11,0.24,
蔬菜类及其制品-葱蒜类,044104,青蒜（青葱）,Leeks，young leaf,84,90.4,34,141,2.4,0.3,6.2,1.7,0,0.7,49,590,0,0.06,0.04,0.60,16.0,0.80,0.78,0.02,Tr,24,25,168,9.3,17,0.8,0.23,1.27,0.05,0.15,
蔬菜类及其制品-葱蒜类,044105,蒜黄（黄色）,Garlic greens，yellow leaf,97,93.0,24,101,2.5,0.2,3.8,1.4,0,0.5,23,280,0,0.05,0.07,0.60,18.0,0.52,0.41,0.10,0.01,24,58,168,7.8,16,1.3,0.33,0.79,0.09,0.25,
蔬菜类及其制品-葱蒜类,044106,蒜苗（绿色，青蒜）,Garlic stalk,82,88.9,40,169,2.1,0.4,8.0,1.8,0,0.6,23,280,0,0.11,0.08,0.50,35.0,0.81,0.41,0.28,0.12,29,44,226,5.1,18,1.4,0.46,1.24,0.05,0.17,
蔬菜类及其制品-葱蒜类,044107,蒜薹（圆）,Garlic scapes,90,81.8,66,274,2.0,0.1,15.4,2.5,0,0.7,40,480,0,0.04,0.07,0.20,1.0,1.04,0.70,0.20,0.14,19,52,161,3.8,28,4.2,1.04,2.17,0.03,0.32,青海
蔬菜类及其制品-葱蒜类,044202,大葱（红皮）,Scallion，red skin,68,86.2,49,204,2.4,0.1,10.2,1.3,0,1.1,4,50,0,0.01,0.12,0.50,8.0,—,—,—,—,24,53,329,3.4,18,Tr,0.13,6.86,0.34,0.10,甘肃
蔬菜类及其制品-葱蒜类,044203,分葱［四季葱，菜葱］,Fistular onion，chire,100,91.7,34,143,2.2,0.7,5.1,0.7,0,—,—,—,0,—,0.18,0.60,24.0,—,—,—,—,85,32,226,7.7,21,0.9,—,—,—,—,BJV
蔬菜类及其制品-葱蒜类,044205,葱（小葱，鲜）,Scallion，spring onion,73,92.7,27,112,1.6,0.4,4.9,1.4,0,0.4,70,840,0,0.05,0.06,0.40,21.0,0.49,0.24,0.05,0.20,72,26,143,10.4,18,1.3,0.35,1.06,0.06,0.16,
蔬菜类及其制品-葱蒜类,044206,大葱,Scallion，raw，Green chinese onion,82,91.8,28,115,1.6,0.3,5.8,2.2,0,0.5,5,64,0,0.06,0.03,0.50,3.0,Tr,Tr,Tr,Tr,63,25,110,8.9,16,0.6,0.29,0.21,0.03,0.34,
蔬菜类及其制品-葱蒜类,044207,细香葱［香葱、四季葱］,Chive，raw,89,91.1,28,116,1.4,0.3,6.6,—,0,0.6,10,123,0,0.03,0.05,0.49,9.0,0.18,0.18,Tr,Tr,72,29,123,13.6,19,1.3,0.22,0.74,0.01,0.11,
蔬菜类及其制品-葱蒜类,044301,洋葱（鲜）［葱头］,Onion bulb,90,89.2,40,169,1.1,0.2,9.0,0.9,0,0.5,2,20,0,0.03,0.03,0.30,8.0,0.14,—,—,—,24,39,147,4.4,15,0.6,0.23,0.92,0.05,0.14,
蔬菜类及其制品-葱蒜类,044302,洋葱（白皮，脱水）,Onion bulb，white skin，dehydrated,100,9.1,342,1430,5.5,0.4,81.9,5.7,0,3.1,3,30,0,0.16,0.16,1.00,22.0,—,—,—,—,186,78,740,31.7,49,0.9,1.02,3.91,0.45,0.62,甘肃
蔬菜类及其制品-葱蒜类,044303,洋葱（紫皮，脱水）,Onion bulb，purple skin，dehydrated,100,9.1,339,1417,6.9,0.4,80.6,7.5,0,3.0,2,20,0,0.20,0.14,1.00,5.0,—,—,—,—,351,162,912,77.4,132,6.2,1.13,1.83,0.55,0.78,
蔬菜类及其制品-葱蒜类,044402,韭黄（韭芽，黄色）,Chives，yellow,88,93.2,24,101,2.3,0.2,3.9,1.2,0,0.4,22,260,0,0.03,0.05,0.70,15.0,0.34,0.34,Tr,Tr,25,48,192,6.9,12,1.7,0.33,0.76,0.10,0.17,
蔬菜类及其制品-葱蒜类,044403,韭薹,Chives flowering stalk,85,89.4,37,155,2.2,0.1,7.8,1.9,0,0.5,40,480,0,0.04,0.07,0.20,1.0,0.96,0.70,0.20,0.06,11,29,121,1.0,22,4.2,1.34,2.28,0.05,0.18,青海
蔬菜类及其制品-葱蒜类,044404,韭菜,Chinese chive，raw,90,92.0,25,102,2.4,0.4,4.5,—,0,0.7,133,1596,0,0.04,0.05,0.86,2.0,0.57,0.41,0.16,Tr,44,45,241,5.8,24,0.7,0.25,1.33,0.05,0.21,
蔬菜类及其制品-葱蒜类,044501,薤［皎头］,Longstamen onion bulb,—,81.4,1,3,—,—,—,0.3,0,—,280,3360,0,—,—,—,27.0,0.11,—,—,—,160,58,120,0,39,3.6,0.58,—,0.28,0.34,
蔬菜类及其制品-葱蒜类,044502,薤白（鲜）［小根蒜，山蒜，团蒜］,Longstamen onion bulb,100,68.0,124,518,3.4,0.4,27.1,0.9,0,1.1,8,90,0,0.08,0.14,1.00,36.0,—,—,—,—,100,53,—,—,—,4.6,—,—,—,—,
蔬菜类及其制品-薯芋类,047101,大薯（鲜）［参薯］,Winged yam,74,72.1,108,450,2.1,0.2,24.9,1.1,0,0.7,—,—,0,0.05,—,0.50,—,0.25,0.25,Tr,Tr,10,45,Tr,—,16,0.8,0.38,0.74,0.17,—,广东
蔬菜类及其制品-薯芋类,047102,豆薯（鲜）［凉薯，地瓜，沙葛］,Yambean,91,85.2,56,236,0.9,0.1,13.4,0.8,0,0.4,—,—,0,0.03,0.03,0.30,13.0,0.86,0.32,0.45,0.09,21,24,111,5.5,14,0.6,0.23,0.16,0.07,0.11,
蔬菜类及其制品-薯芋类,047103,葛（鲜）［葛薯，粉葛］,Kudzu,90,60.1,150,628,2.2,0.2,36.1,2.4,0,1.4,—,—,0,0.09,0.05,—,24.0,—,—,—,—,—,48,Tr,—,—,1.3,—,1.22,—,0.20,广东
蔬菜类及其制品-薯芋类,047104,山药（鲜）［薯蓣，大薯］,Yam,83,84.8,57,240,1.9,0.2,12.4,0.8,0,0.7,3,20,0,0.05,0.02,0.30,5.0,0.24,0.24,Tr,Tr,16,34,213,18.6,20,0.3,0.27,0.55,0.24,0.12,
蔬菜类及其制品-薯芋类,047105,山药（干）,Yam，dried,100,15.0,327,1368,9.4,1.0,70.8,1.4,0,3.8,Tr,Tr,0,0.25,0.28,—,—,0.44,—,—,—,62,17,269,104.2,Tr,0.4,0.95,3.08,0.63,0.23,河北
蔬菜类及其制品-薯芋类,047202,槟榔芋（鲜）,Taro，*Binglang*,87,76.4,90,374,3.0,0.1,19.7,1.1,0,0.8,—,—,0,0.03,0.04,0.30,6.0,—,—,—,—,45,33,—,—,25,1.4,—,1.92,0.02,—,福建
蔬菜类及其制品-薯芋类,047203,芋头［芋艿、毛芋］,Taro，raw,88,85.0,56,236,1.3,0.2,12.7,1.0,0,0.8,1,14,0,0.05,0.02,0.28,1.5,Tr,Tr,Tr,Tr,11,50,25,5.5,19,0.3,0.19,0.91,0.06,0.30,
蔬菜类及其制品-薯芋类,047204,芋头（煮）,Taro，boiled,100,83.0,60,251,2.9,0.1,13.0,0.3,0,1.0,0,0,0,0.06,0.03,0.50,Tr,—,—,—,—,16,58,317,1.0,—,0.5,—,—,—,—,
蔬菜类及其制品-薯芋类,047301,姜（鲜）［黄姜］,Ginger,95,87.0,46,194,1.3,0.6,10.3,2.7,0,0.8,14,170,0,0.02,0.03,0.80,4.0,—,—,—,—,27,25,295,14.9,44,1.4,0.34,0.56,0.14,3.20,
蔬菜类及其制品-薯芋类,047302,姜（干）,Ginger，dried,95,14.9,308,1290,9.1,5.7,64.0,17.7,0,6.3,—,—,0,—,0.10,—,—,—,—,—,—,62,22,41,9.9,—,85.0,2.30,3.10,0.96,10.65,河北
蔬菜类及其制品-薯芋类,047303,姜（子姜，鲜）［嫩姜］,Ginger，young,82,94.5,21,89,0.7,0.6,3.7,0.9,0,0.5,—,—,0,—,0.01,0.30,2.0,—,—,—,—,9,11,160,1.9,24,0.8,0.17,0.10,0.03,3.38,重庆
蔬菜类及其制品-薯芋类,047304,洋姜（鲜）［菊芋，鬼子姜］,Jerusalem artichoke,100,80.8,64,269,2.4,Tr,15.8,4.3,0,1.0,—,—,0,0.01,0.10,1.40,5.0,0.88,—,—,—,23,27,458,11.5,24,7.2,0.34,1.31,0.19,0.21,甘肃
蔬菜类及其制品-野生蔬菜类,048001,艾蒿,Moxa,100,86.4,—,—,—,—,3.6,3.6,0,—,27,160,0,—,—,—,7.0,0.00,—,—,—,137,60,677,0.0,54,7.7,0.78,—,0.28,0.84,BJV
蔬菜类及其制品-野生蔬菜类,048002,白花菜,Common spiderflower,100,93.7,—,—,—,—,0.0,0.0,0,—,0,0,0,—,—,—,12.0,0.00,—,—,—,26,6,152,215.7,33,0.6,0.18,—,0.05,6.00,BJV
蔬菜类及其制品-野生蔬菜类,048003,白花桔梗,Balloonflower,100,80.9,—,—,—,—,—,2.9,0,—,0,0,0,—,—,—,36.0,3.67,—,—,—,44,106,146,12.2,41,3.1,0.21,—,0.05,0.02,BJV
蔬菜类及其制品-野生蔬菜类,048004,白沙蒿（鲜）［沙蒿］,Ciliatescale wormwood,100,84.0,56,232,4.3,0.9,8.5,1.9,0,2.3,733,4400,0,0.31,,0.80,8.0,—,—,—,—,305,82,—,—,—,16.4,—,—,—,—,
蔬菜类及其制品-野生蔬菜类,048005,白沙蒿子（干）［沙蒿子］,Ciliatescale wormwood seeds,100,11.0,412,1722,27.9,15.1,41.0,—,0,5.0,—,—,0,0.13,0.11,1.30,—,—,—,—,—,505,757,—,—,—,40.4,—,—,—,—,
蔬菜类及其制品-野生蔬菜类,048006,白薯叶（鲜）［甘薯叶］,Hispid yam leaf,100,84.0,60,249,4.8,0.7,9.0,1.0,0,1.5,995,5968,0,0.13,0.28,1.40,56.0,—,—,—,—,174,40,495,41.6,66,3.4,0.32,—,0.64,1.41,
蔬菜类及其制品-野生蔬菜类,048007,百里香（鲜）,Thyme,100,82.8,—,—,—,—,—,0.2,0,—,585,3510,0,—,—,—,0,0.11,—,—,—,218,42,470,36.4,104,27.9,0.72,—,1.08,0.94,BJV
蔬菜类及其制品-野生蔬菜类,048008,败酱（鲜）［胭脂麻］,Whiteflower patrinia,100,79.0,69,290,1.5,1.0,17.3,7.5,0,1.2,1003,6020,0,—,0.16,—,52.0,—,—,—,—,235,113,456,1.3,80,3.6,1.02,—,0.50,16.41,
蔬菜类及其制品-野生蔬菜类,048009,扁蓄菜（鲜）［竹节草］,Common knotgrass,100,79.0,75,313,6.0,0.6,12.4,2.1,0,2.0,1592,9550,0,—,0.58,—,158.0,—,—,—,—,50,47,—,—,—,—,—,—,—,—,
蔬菜类及其制品-野生蔬菜类,048010,朝鲜蓟（鲜）,Artichokes,100,85.4,54,226,2.7,0.2,10.9,1.1,0,0.8,13,80,0,0.08,0.06,0.80,11.0,—,—,—,—,255,88,220,164.5,47,1.6,0.44,—,0.07,0.66,
蔬菜类及其制品-野生蔬菜类,048011,刺儿菜（鲜）［小蓟，蓟蓟菜］,Common cephalanoplos,100,87.0,42,174,4.5,0.4,5.9,1.8,0,2.2,998,5990,0,0.04,0.33,2.20,44.0,0.01,—,—,—,252,40,253,0.2,36,2.3,0.24,—,0.37,0.20,
蔬菜类及其制品-野生蔬菜类,048012,刺楸（鲜）,Septemlobate kalopanax,100,53.9,—,—,—,—,—,8.1,0,—,0,0,0,—,—,—,4.0,0.00,—,—,—,495,125,1641,0.0,109,6.5,1.36,—,0.65,6.13,BJV
蔬菜类及其制品-野生蔬菜类,048013,达乌里胡枝子（鲜）［牛枝子，豆豆苗］,Dahurian bushclover,100,67.0,117,491,7.0,1.0,23.1,6.0,0,1.9,—,—,0,—,—,—,—,—,—,—,—,300,61,—,—,—,—,—,—,—,—,
蔬菜类及其制品-野生蔬菜类,048014,达乌里胡枝子子（鲜）［牛枝子子，豆豆苗子］,Dahurian bushclover seeds,100,10.0,367,1535,36.8,8.3,41.7,10.9,0,3.2,—,—,0,0.83,0.34,3.00,—,—,—,—,—,392,486,—,—,—,4.9,—,—,—,—,
蔬菜类及其制品-野生蔬菜类,048015,大玻璃草叶（鲜）［大车前］,Rippleseed plantain,100,83.0,49,206,4.4,0.3,8.8,3.1,0,3.5,760,4560,0,0.04,0.22,1.40,6.0,—,—,—,—,443,64,—,—,—,21.9,—,—,—,—,
蔬菜类及其制品-野生蔬菜类,048016,大巢菜（鲜）［野苕子，野豌豆］,Giant vetch,100,80.0,63,264,3.8,0.5,13.6,5.5,0,2.1,—,—,0,—,—,—,—,—,—,—,—,270,70,—,—,—,—,—,—,—,—,
蔬菜类及其制品-野生蔬菜类,048017,大蓟叶（鲜）［飞廉叶］,Japanese thistle leaf,100,91.0,38,158,1.5,1.4,5.5,1.4,0,0.6,508,3050,0,—,0.32,—,31.0,—,—,—,—,—,—,—,—,—,—,—,—,—,—,
蔬菜类及其制品-野生蔬菜类,048018,地肤（鲜）［益明，扫帚苗］,Belvedere,100,79.0,65,273,5.2,0.8,10.4,2.2,0,4.6,953,5720,0,0.15,0.31,1.60,39.0,—,—,—,—,281,66,702,62.4,118,6.5,0.52,—,0.25,0.42,
蔬菜类及其制品-野生蔬菜类,048019,地笋（鲜）［地古牛，地瓜儿苗叶］,Bugleweed,100,79.0,69,288,4.3,0.7,13.7,4.7,0,2.3,1055,6330,0,0.04,0.25,1.40,7.0,—,—,—,—,297,62,416,—,25,4.4,0.93,—,0.43,0.26,
蔬菜类及其制品-野生蔬菜类,048020,豆腐柴（鲜）,Japanese premna,100,82.1,—,—,—,—,—,7.8,0,—,0,0,0,—,—,—,2.0,0.00,—,—,—,126,97,444,0,38,6.2,1.36,—,0.22,12.68,BJV
蔬菜类及其制品-野生蔬菜类,048021,独行菜（鲜）,Peppergrass,100,86.0,19,75,2.0,—,—,1.6,0,—,655,3930,0,—,—,—,55.0,0.23,—,—,—,188,124,335,120.8,42,4.7,0.90,—,0.06,0.36,BJV
蔬菜类及其制品-野生蔬菜类,048022,独行菜（宽，鲜）,Peppergrass,100,86.4,—,—,—,—,—,1.7,0,—,595,3570,0,—,—,—,45.0,0.27,—,—,—,183,119,416,142.5,38,5.6,1.21,—,0.09,0.42,BJV
蔬菜类及其制品-野生蔬菜类,048024,胡枝子（鲜）［山豆子］,Shrub lespedeza,100,61.0,138,579,5.3,2.2,29.6,10.5,0,1.9,—,—,0,—,—,—,—,—,—,—,—,—,—,—,—,—,—,—,—,—,—,
蔬菜类及其制品-野生蔬菜类,048025,槐花（鲜）［洋槐花，豆槐花］,Japanese pagoda tree,100,78.0,82,344,3.1,0.7,17.0,2.2,0,1.2,67,400,0,0.04,0.18,6.60,30.0,—,—,—,—,83,69,—,—,—,3.6,—,—,—,—,
蔬菜类及其制品-野生蔬菜类,048026,黄麻叶（鲜）,"Jute, potherb",100,87.7,42,177,4.7,0.3,5.8,1.2,0,1.6,556,—,0,0.13,0.55,1.30,37.0,—,—,—,—,208,83,559,8.0,64,4.8,—,—,—,—,USA
蔬菜类及其制品-野生蔬菜类,048027,碱蓬（鲜）［棉蓬，猪毛菜］,Common russian thistle,100,89.0,33,138,2.8,0.3,5.2,0.9,0,2.7,667,4000,0,0.26,0.28,0.70,86.0,—,—,—,—,480,34,—,—,—,8.3,—,—,—,—,
蔬菜类及其制品-野生蔬菜类,048028,苦苦菜（鲜）,Wild lettuce,100,88.2,42,174,2.5,0.9,6.8,1.8,0,1.6,357,2140,0,—,—,—,62.0,—,—,—,—,—,—,—,—,—,—,—,—,—,—,甘肃
蔬菜类及其制品-野生蔬菜类,048029,轮叶党参,Lance asiabell,100,85.7,—,—,—,—,—,4.0,0,—,92,550,0,—,—,—,29.0,0.23,—,—,—,68,87,89,0.0,54,2.8,0.50,—,0.27,0.25,BJV
蔬菜类及其制品-野生蔬菜类,048030,罗勒［兰香］,Basil,100,88.4,26,108,3.8,,4.6,3.9,0,—,410,2460,0,—,—,—,5.0,0.00,—,—,—,285,65,576,5.7,106,4.4,0.52,—,0.91,0.68,BJV
蔬菜类及其制品-野生蔬菜类,048031,马齿苋（鲜）［长寿菜，瓜子菜］,Purslane,100,92.0,28,117,2.3,0.5,3.9,0.7,0,1.3,372,2230,0,0.03,0.11,0.70,23.0,—,—,—,—,85,56,—,—,—,1.5,—,—,—,—,
蔬菜类及其制品-野生蔬菜类,048032,马兰头（鲜）［马兰，鸡儿肠，路边菊］,"Kalimeris, Indica",100,91.4,28,119,2.4,0.4,4.6,1.6,0,1.2,340,2040,0,0.06,0.13,0.80,26.0,0.72,0.72,Tr,Tr,67,38,285,15.2,14,2.4,0.87,0.75,0.13,0.44,
蔬菜类及其制品-野生蔬菜类,048033,麦瓶草（鲜）［米瓦罐］,Silene,100,88.0,38,159,4.5,0.5,4.4,1.0,0,2.6,693,4160,0,0.02,0.27,1.60,49.0,—,—,—,—,153,55,—,—,—,4.5,—,—,—,—,
蔬菜类及其制品-野生蔬菜类,048034,牛至,Common origanum,100,82.4,,,,,—,0.4,0,—,685,4110,0,—,—,—,43.0,0.09,—,—,—,218,51,442,16.2,66,10.7,0.89,—,0.90,0.60,BJV
蔬菜类及其制品-野生蔬菜类,048035,牛蒡叶（鲜）,Great burdock,100,87.0,42,174,4.7,0.8,5.1,2.4,0,2.4,650,3900,0,0.02,0.29,1.10,25.0,—,—,—,—,242,61,—,—,—,7.6,—,—,—,—,
蔬菜类及其制品-野生蔬菜类,048036,爬景天（鲜）［石头菜］,Gypsophila,100,94.0,21,87,0.6,0.7,3.5,0.9,0,1.2,105,630,0,0.08,0.14,0.30,18.0,—,—,—,—,260,23,—,—,—,3.5,—,—,—,—,
蔬菜类及其制品-野生蔬菜类,048037,喷瓜,Squirting cucumber,100,92.0,—,—,—,—,—,0.3,0,—,30,180,0,—,—,—,17.0,1.23,—,—,—,74,35,203,2.9,22,2.3,0.28,—,0.33,0.12,BJV
蔬菜类及其制品-野生蔬菜类,048038,婆罗门参（白，鲜）,"Oyster plant, white",100,76.8,—,—,—,—,—,0.3,0,—,0,0,0,—,—,—,2.0,1.16,—,—,—,61,72,443,7.5,37,5.1,0.48,—,0.37,0.54,BJV
蔬菜类及其制品-野生蔬菜类,048039,婆罗门参（黑，鲜）［鸦葱］,"Oyster plant, black",100,84.6,—,—,—,0.1,—,0.3,0,—,0,0,0,—,—,—,2.0,0.03,—,—,—,50,83,67,73.1,51,2.3,0.47,—,0.24,0.40,BJV
蔬菜类及其制品-野生蔬菜类,048040,蒲公英叶（鲜）［黄花苗叶，孛孛丁叶］,Dandelion greens,100,84.0,53,221,4.8,1.1,7.0,2.1,0,3.1,1225,7350,0,0.03,0.39,1.90,47.0,0.02,—,—,—,216,93,327,76.0,54,4.0,0.35,—,0.44,0.58,
蔬菜类及其制品-野生蔬菜类,048041,掐不齐（鲜）［鸡眼草，牛黄草］,Japan clover,100,67.0,110,462,6.1,1.4,23.6,10.5,0,1.9,2100,12600,0,—,0.80,—,270.0,—,—,—,—,—,—,—,—,—,—,—,—,—,—,
蔬菜类及其制品-野生蔬菜类,048042,清明菜（鲜）［鼠曲菜］,Cudweed,100,85.0,49,206,3.1,0.6,8.9,2.1,0,2.4,365,2190,0,0.03,0.24,1.40,28.0,—,—,—,—,218,66,—,—,—,7.4,—,—,—,—,
蔬菜类及其制品-野生蔬菜类,048044,沙参叶（鲜）［白参］,Upright ladybell,100,74.0,93,390,0.8,1.6,21.6,5.4,0,2.0,978,5870,0,—,—,2.70,104.0,—,—,—,—,585,180,—,—,—,—,—,—,—,—,
蔬菜类及其制品-野生蔬菜类,048045,沙蓬子（鲜）［沙米］,Squarrose agriophyllum,100,13.0,349,1459,21.5,8.1,50.6,6.3,0,6.8,—,—,0,0.21,0.10,0.50,—,—,—,—,—,686,542,—,—,—,57.1,—,—,—,—,
蔬菜类及其制品-野生蔬菜类,048046,山苦荬叶（鲜）［启明菜叶］,Ixeris,100,90.0,33,139,2.2,0.4,5.6,0.8,0,1.8,663,3980,0,0.10,0.27,1.00,28.0,—,—,—,—,150,59,—,—,—,5.2,—,—,—,—,
蔬菜类及其制品-野生蔬菜类,048047,食用大黄（鲜）,rhubarb root,100,93.1,9,39,1.6,,1.5,1.5,0,—,2,10,0,—,—,—,5.0,0.00,—,—,—,107,31,502,5.0,38,0.9,0.16,—,0.53,0.05,BJV
蔬菜类及其制品-野生蔬菜类,048048,食用黄麻,Jute,100,80.8,22,94,0.9,0.1,—,0.3,0,—,872,5230,0,—,—,—,73.0,0.03,—,—,—,398,103,562,0.0,55,4.1,0.69,—,0.38,1.00,BJV
蔬菜类及其制品-野生蔬菜类,048049,酸模（鲜）,Garden sorrel,100,95.6,17,72,1.7,0.2,—,1.0,0,—,3,20,0,—,—,—,25.0,0.05,—,—,—,28,21,228,0.0,26,0.6,0.15,—,0.04,0.12,BJV
蔬菜类及其制品-野生蔬菜类,048050,汤菜（鲜）,"*Tangcai*, used for flavoring soups",100,93.2,24,99,1.8,0.5,3.4,0.8,0,1.1,68,410,0,—,0.68,0.60,57.0,1.55,0.19,0.48,0.88,131,27,239,28.0,36,5.8,0.12,—,0.13,—,武汉
蔬菜类及其制品-野生蔬菜类,048051,土三七（鲜）［景天三七］,Aizoon stonecrop,100,87.0,48,200,2.1,0.7,9.0,1.5,0,1.2,423,2540,0,0.05,0.07,0.90,90.0,—,—,—,—,315,39,—,—,—,3.2,—,—,—,—,
蔬菜类及其制品-野生蔬菜类,048052,歪头菜（鲜）［草豆，二叶萩］,Pair vetch,100,78.0,74,308,2.5,0.3,17.9,5.4,0,1.3,905,5430,0,—,—,—,118.0,—,—,—,—,298,43,—,—,—,—,—,—,—,—,
蔬菜类及其制品-野生蔬菜类,048053,梧桐子（鲜）［瓢儿果］,Phoenix tree,100,3.0,560,2341,23.6,38.8,30.1,2.2,0,4.5,—,—,0,—,—,—,—,—,—,—,—,27,212,—,—,—,4.8,—,—,—,—,
蔬菜类及其制品-野生蔬菜类,048054,夏枯草（鲜）［铁色草］,Asian selfheal,100,81.0,63,265,2.5,0.7,12.7,1.9,0,3.1,627,3760,0,—,0.21,1.20,28.0,—,—,—,—,—,—,—,—,—,—,—,—,—,—,
蔬菜类及其制品-野生蔬菜类,048055,香椿（鲜）［香椿芽］,"Toona leaf, young",76,85.2,50,211,1.7,0.4,10.9,1.8,0,1.8,117,700,0,0.07,0.12,0.90,40.0,0.99,0.57,0.33,0.09,96,147,172,4.6,36,3.9,2.25,0.42,0.09,0.35,
蔬菜类及其制品-野生蔬菜类,048056,香茅,Citronella,100,80.5,17,72,1.7,0.2,—,0.4,0,—,500,3000,0,—,—,—,46.0,0.00,—,—,—,120,62,599,0.0,46,6.0,0.89,—,1.01,1.22,BJV
蔬菜类及其制品-野生蔬菜类,048057,小旋花（鲜）［狗儿蔓］,Ivy glorybind,100,81.0,60,251,,0.5,15.4,3.1,0,3.1,880,5280,0,0.02,0.59,2.00,54.0,—,—,—,—,422,40,—,—,—,10.1,—,—,—,—,
蔬菜类及其制品-野生蔬菜类,048058,鸭跖草（鲜）［竹叶菜，淡竹叶］,Common dayflower,100,89.0,34,144,2.8,0.3,5.7,1.2,0,2.2,698,4190,0,0.03,0.29,0.90,87.0,—,—,—,—,206,39,—,—,—,5.4,—,—,—,—,
蔬菜类及其制品-野生蔬菜类,048059,野葱（鲜）［沙葱，麦葱］,Yellowflower onion,100,89.0,36,152,2.7,0.2,6.7,1.5,0,1.4,500,3000,0,0.31,—,0.70,64.0,—,—,—,—,279,43,—,—,—,4.1,—,—,—,—,
蔬菜类及其制品-野生蔬菜类,048060,野韭菜（鲜）［山韭］,Aging onion,100,86.0,44,182,3.7,0.9,7.2,4.1,0,2.2,235,1410,0,0.03,0.11,0.70,21.0,—,—,—,—,129,47,—,—,—,5.4,—,—,—,—,
蔬菜类及其制品-野生蔬菜类,048061,野菊（鲜）,Indian dendranthema,100,85.0,46,195,3.2,0.5,9.0,3.4,0,2.3,—,—,0,—,—,—,—,—,—,—,—,178,41,—,—,—,—,—,—,—,—,
蔬菜类及其制品-野生蔬菜类,048062,野蒜（鲜）［小蒜，野葱］,"Wild onion, young leaf and bulb",82,90.4,34,144,1.0,0.4,7.7,2.0,0,0.5,113,680,0,0.03,0.12,0.50,28.0,0.24,0.24,Tr,Tr,89,38,231,17.2,13,1.2,0.50,1.23,0.03,0.26,广东
蔬菜类及其制品-野生蔬菜类,048063,野苋菜（鲜）［假苋菜］,Wrinkledfruit amaranth,100,80.0,62,260,5.5,0.6,9.5,1.6,0,4.4,1192,7150,0,0.05,0.36,2.10,153.0,—,—,—,—,610,93,—,—,—,—,—,—,—,—,
蔬菜类及其制品-野生蔬菜类,048064,茵陈蒿（鲜）［茵陈］,Capillary wormwood,100,79.0,65,273,5.6,0.4,12.0,4.4,0,3.0,837,5020,0,0.05,0.35,0.20,2.0,—,—,—,—,257,97,—,—,—,21.0,—,—,—,—,
蔬菜类及其制品-野生蔬菜类,048065,榆钱（鲜）,"Elm, young green fruit",100,85.2,45,187,4.8,0.4,7.6,4.3,0,2.0,122,730,0,0.04,0.12,0.90,11.0,0.54,0.02,0.08,0.44,62,104,134,0.7,47,7.9,3.27,0.36,0.24,0.78,山东
蔬菜类及其制品-野生蔬菜类,048067,珍珠花菜,Clethra loosestrife,100,84.9,17,72,1.7,0.2,—,0.0,0,—,0,0,0,—,—,—,19.0,0.00,—,—,—,155,35,495,0.7,63,5.5,0.74,—,0.21,0.85,BJV
蔬菜类及其制品-野生蔬菜类,048068,紫花桔梗,Balloonflower,100,81.4,22,94,0.9,0.1,—,2.9,0,—,0,0,0,—,—,—,32.0,0.00,—,—,—,46,53,24,16.7,27,3.6,0.40,—,0.10,0.21,BJV
蔬菜类及其制品-野生蔬菜类,048069,紫萼香茶菜,Purplehair rabdosia,100,77.0,17,72,1.7,0.2,—,6.9,0,—,712,4270,0,—,—,—,2.0,0.00,—,—,—,356,106,670,8.4,229,10.9,1.27,—,1.39,0.85,BJV
蔬菜类及其制品-野生蔬菜类,048070,苣荬菜（尖叶）［取荬菜，苦麻子］,Curly Endire bitter,100,88.4,19,75,2.0,0.0,—,0.2,0,—,907,5440,0,—,—,—,33.0,0.05,—,—,—,218,30,237,7.5,52,9.7,0.49,—,1.07,0.55,BJV
蔬菜类及其制品-野生蔬菜类,048072,苜蓿子（干）［紫苜蓿子］,Medic,100,11.0,359,1501,36.4,8.7,39.9,12.4,0,4.0,,,0,0.41,0.21,0.70,—,—,—,—,—,595,520,—,—,—,59.5,—,—,—,—,
蔬菜类及其制品-野生蔬菜类,048073,茴芹（鲜）,Diversifolious pimpinella,100,83.0,22,94,0.9,0.1,17.0,—,0,—,955,5730,0,—,—,—,76.0,—,—,—,—,—,—,—,—,—,—,—,—,—,—,
蔬菜类及其制品-野生蔬菜类,048074,荠菜（鲜）［野荠］,Knotweed,65,95.6,13,54,0.7,0.2,2.7,1.2,0,0.8,48,290,0,0.02,0.02,1.80,5.0,0.27,0.03,0.24,Tr,89,26,262,109.4,9,1.1,0.42,1.50,0.05,0.19,广东
蔬菜类及其制品-野生蔬菜类,048075,蒌蒿（鲜）,Seleng wormwood,100,87.4,57,239,3.7,0.7,9.0,0.0,0,—,0,0,0,—,—,—,1.0,0.00,—,—,—,17,8,40,1.0,2,0.5,0.20,—,0.05,0.02,BJV
蔬菜类及其制品-野生蔬菜类,048076,蕨菜（鲜）［龙头菜，如意菜］,Wild brake,100,88.6,42,177,1.6,0.4,9.0,1.8,0,0.4,183,1100,0,—,—,—,23.0,0.78,—,—,—,17,50,292,—,30,4.2,0.60,—,0.16,0.32,
蔬菜类及其制品-野生蔬菜类,048077,蕨菜（脱水）,"Bracken, dehydrated",100,7.2,302,1265,6.6,0.9,79.7,25.5,0,5.6,—,—,0,—,0.16,2.70,3.0,0.53,—,—,—,851,253,59,20.4,82,23.7,18.11,6.34,2.79,2.31,兰州
蔬菜类及其制品-野生蔬菜类,048078,蕨麻（干）［鹅绒委陵菜］,Silverweed cinquefoil,100,8.0,357,1492,12.6,1.4,75.0,3.2,0,3.0,107,640,0,0.06,—,3.30,—,—,—,—,—,123,334,—,—,—,24.4,—,—,—,—,
蔬菜类及其制品-野生蔬菜类,048079,枸杞菜（鲜）［枸杞，地骨］,Wolfberry leaf,49,87.8,47,197,5.6,1.1,4.5,1.6,0,1.0,592,3550,0,0.08,0.32,1.30,58.0,2.99,2.58,0.41,Tr,36,32,170,29.8,74,2.4,0.21,0.35,0.21,0.37,广东
蔬菜类及其制品-野生蔬菜类,048080,酢浆草（鲜）［酸酸草，酸溜溜］,Garden sorrel,100,84.0,66,278,3.1,0.5,12.4,,0,—,873,5240,0,0.25,0.31,—,127.0,—,—,—,—,27,125,—,—,—,5.6,—,—,—,—,
蔬菜类及其制品-野生蔬菜类,048081,苦苣菜［苦菜，天精菜］,"Common sow thistle, raw",100,90.3,32,136,3.1,0.6,4.5,1.7,0,1.5,9055,54330,0,0.11,0.16,0.70,3.0,2.73,—,—,—,230,53,350,17.3,58,6.5,0.61,—,0.09,—,
蔬菜类及其制品-野生蔬菜类,048082,苜蓿［草头，金花菜］,"Alfalfa, raw",95,90.2,35,148,5.0,0.7,2.9,1.4,0,1.2,915,5490,0,0.02,0.17,1.00,102.0,2.82,2.63,0.19,Tr,112,22,32,26.2,11,2.8,0.25,0.11,0.04,0.13,上海
蔬菜类及其制品-野生蔬菜类,048083,鱼腥草（叶）［蕺菜，臭菜］,"Heartleaf houttuynia, leaf, raw",100,84.9,32,131,2.1,0.1,10.7,—,0,2.3,Tr,Tr,0,0.03,0.12,1.04,16.0,1.28,0.50,0.78,Tr,57,31,494,21.6,145,2.3,0.40,1.25,0.09,1.00,北京
蔬菜类及其制品-野生蔬菜类,048084,鱼腥草（根）,"Heartleaf houttuynia, root, raw",86,77.4,63,261,2.1,0.1,19.5,—,0,1.0,7,41,0,0.09,0.06,0.78,3.0,0.26,0.26,Tr,Tr,74,55,469,42.4,27,2.3,0.69,0.43,0.11,1.28,北京
蔬菜类及其制品-野生蔬菜类,048085,刺五加尖,"Acanthopanax senticosus, tender leaf",74,82.3,69,292,4.8,1.0,10.2,—,0,1.7,—,—,0,0.09,0.29,—,11.5,—,—,—,—,176,85,458,23.0,—,5.6,0.97,—,—,—,云南
蔬菜类及其制品-野生蔬菜类,048086,枸杞叶,"leaf, Chinese wolf berry",100,90.3,34,142,3.0,1.3,5.3,—,0,1.2,—,—,0,0.02,0.15,—,24.0,—,—,—,—,146,31,412,23.5,—,2.2,0.44,—,0.13,0.56,广西
蔬菜类及其制品-野生蔬菜类,048087,灰灰菜（干，藜）,"Chenopodium album Linn, wild vegetables",100,10.2,312,1322,18.3,1.5,56.2,—,0,13.8,—,—,0,0.08,0.30,—,Tr,1.15,1.14,—,Tr,1489,227,2198,1271.9,468,10.3,2.30,—,0.49,8.54,陕西
蔬菜类及其制品-野生蔬菜类,048088,荆芥,Herba schizonepetae,52,91.9,26,111,2.6,—,4.3,—,0,1.2,14,164,0,0.10,0.29,—,7.7,6.49,6.49,0.00,0.00,210,36,282,16.0,67,9.8,0.35,—,0.15,0.85,河南
蔬菜类及其制品-鲜豆类,042101,扁豆［月亮菜］,Hyacinth bean，green，with husk，raw,91,88.3,41,172,2.7,0.2,8.2,2.1,0,0.6,13,150,0,0.04,0.07,0.90,13.0,0.24,Tr,0.24,Tr,38,54,178,3.8,34,1.9,0.72,0.94,0.12,0.34,
蔬菜类及其制品-鲜豆类,042102,蚕豆（鲜）,Broad bean，with double seed coats,31,70.2,111,463,8.8,0.4,19.5,3.1,0,1.1,26,310,0,0.37,0.10,1.50,16.0,0.83,0.03,0.75,0.05,16,200,391,4.0,46,3.5,1.37,2.02,0.39,0.55,
蔬菜类及其制品-鲜豆类,042103,刀豆（鲜）,Jackbean,92,89.0,40,165,3.1,0.3,7.0,1.8,0,0.6,18,220,0,0.05,0.07,1.00,15.0,0.40,0.12,0.08,0.20,49,57,209,8.5,29,4.6,0.84,0.88,0.09,0.45,
蔬菜类及其制品-鲜豆类,042104,豆角,Kidney bean，green,96,90.0,34,144,2.5,0.2,6.7,2.1,0,0.6,17,200,0,0.05,0.07,0.90,18.0,2.24,0.23,1.74,0.27,29,55,207,3.4,35,1.5,0.54,2.16,0.15,0.41,
蔬菜类及其制品-鲜豆类,042105,豆角（鲜，白）,Kidney bean，white,97,89.7,35,146,2.2,0.2,7.4,2.6,0,0.5,48,580,0,0.06,0.04,0.90,39.0,2.38,0.23,1.06,1.09,26,40,192,9.5,28,0.8,0.60,1.60,0.10,0.78,广东
蔬菜类及其制品-鲜豆类,042106,荷兰豆,Snow pea，edible pod,88,91.9,30,123,2.5,0.3,4.9,1.4,0,0.4,40,480,0,0.09,0.04,0.70,16.0,0.30,0.21,0.09,Tr,51,19,116,8.8,16,0.9,0.50,0.42,0.06,0.48,广东
蔬菜类及其制品-鲜豆类,042107,龙豆（鲜）,Kidney bean,98,90.0,36,149,3.7,0.5,5.0,1.9,0,0.8,43,520,0,0.04,0.06,1.00,11.0,0.77,—,—,—,147,54,142,4.1,46,1.3,0.46,4.06,0.35,0.19,兰州
蔬菜类及其制品-鲜豆类,042108,龙牙豆（鲜）［玉豆］,Kidney bean,93,94.4,19,80,2.6,0.2,2.4,1.3,0,0.4,43,520,0,0.01,0.54,0.80,12.0,—,—,—,—,30,38,200,1.8,20,0.8,0.47,5.60,0.07,0.60,广东
蔬菜类及其制品-鲜豆类,042109,毛豆（鲜）［青豆，菜用大豆］,*Pale green* soybean，with seed coat,53,69.6,131,550,13.1,5.0,10.5,4.0,0,1.8,11,130,0,0.15,0.07,1.40,27.0,2.44,Tr,1.09,1.35,135,188,478,3.9,70,3.5,1.73,2.48,0.54,1.20,
蔬菜类及其制品-鲜豆类,042110,四季豆（菜豆）,Beans，snap all season,96,91.3,31,131,2.0,0.4,5.7,1.5,0,0.6,35,210,0,0.04,0.07,0.4,6.0,1.24,0.42,0.64,0.18,42,51,123,8.6,27,1.5,0.23,0.43,0.11,0.18,
蔬菜类及其制品-鲜豆类,042111,豌豆（带荚，鲜）［回回豆］,Pea，with pod,42,70.2,111,465,7.4,0.3,21.2,3.0,0,0.9,18,220,0,0.43,0.09,2.30,14.0,1.21,0.64,0.51,0.06,21,127,332,1.2,43,1.7,1.29,1.74,0.22,0.65,
蔬菜类及其制品-鲜豆类,042112,豌豆尖,Pea shoots，tender greens,100,42.1,225,943,3.1,Tr,53.9,1.3,0,0.9,226,2710,0,0.07,0.23,Tr,11.0,0.22,0.10,0.12,Tr,17,65,160,3.2,24,5.1,0.93,1.94,0.06,0.98,青海
蔬菜类及其制品-鲜豆类,042113,油豆角（鲜）［多花菜豆］,Scarlet runner bean,99,92.2,25,103,2.4,0.3,3.9,1.6,0,1.2,13,160,0,0.07,0.08,1.40,11.0,2.39,—,—,—,69,56,240,3.3,35,1.9,0.38,1.10,0.61,0.12,哈尔滨
蔬菜类及其制品-鲜豆类,042114,垅船豆（鲜）,Ridge bean，green,82,90.3,36,151,2.0,0.4,6.8,1.3,0,0.5,7,80,0,0.04,0.02,0.30,13.0,—,—,—,—,37,—,192,0.9,22,1.3,0.22,—,0.06,—,武汉
蔬菜类及其制品-鲜豆类,042115,芸豆（鲜）,Kidney bean，green,96,91.1,30,123,0.8,0.1,7.4,2.1,0,0.6,20,240,0,0.33,0.06,0.80,9.0,0.07,Tr,Tr,0.07,88,37,112,4.0,16,1.0,1.04,0.23,0.24,0.44,山东
蔬菜类及其制品-鲜豆类,042117,豇豆（长）,Yardlong cowpea,98,90.8,32,135,2.7,0.2,5.8,1.8,0,0.5,10,120,0,0.07,0.07,0.80,18.0,0.65,Tr,0.13,0.52,42,50,145,4.6,43,1.0,0.94,1.40,0.11,0.39,
蔬菜类及其制品-鲜豆类,042118,扁豆,Hyacinth bean，green，with husk，raw,96,89.5,32,133,2.3,0.2,7.4,3.9,0,0.6,5,65,0,0.05,0.06,0.24,2.0,Tr,Tr,Tr,Tr,57,49,163,3.9,31,0.5,0.26,Tr,0.05,0.13,
蔬菜类及其制品-鲜豆类,042119,豇豆,Cowpea，common，with husk，raw,97,90.1,32,134,2.2,0.3,7.3,—,0,0.7,44,526,0,0.06,0.05,—,13.0,0.39,Tr,0.28,0.11,62,55,171,9.5,55,0.8,0.38,0.66,0.12,0.27,
蔬菜类及其制品-鲜豆类,042120,四季豆［菜豆、芸豆］,Kidney bean，green，with husk，raw,96,91.2,24,101,2.0,0.2,6.0,—,0,0.6,8,96,0,0.02,0.05,0.26,Tr,Tr,Tr,Tr,Tr,43,47,196,4.4,27,0.6,0.33,0.04,0.05,0.26,
蔬菜类及其制品-鲜豆类,042121,四棱豆［杨桃豆、翅豆］,Winged bean，with husk，raw,96,93.0,19,79,2.0,0.2,4.2,—,0,0.6,34,407,0,0.05,0.04,0.68,3.0,0.39,Tr,0.39,Tr,61,29,160,5.7,25,0.5,0.31,0.29,0.08,0.51,
蔬菜类及其制品-鲜豆类,042122,甜脆荷兰豆［甜豆］,Sugar pea，with husk，raw,100,88.0,32,131,3.0,0.3,8.1,6.8,0,0.6,21,253,0,0.08,0.06,0.58,24.0,0.22,0.10,0.12,Tr,65,59,18,4.4,25,0.7,0.39,0.16,0.07,0.62,
蔬菜类及其制品-鲜豆类,042201,发芽豆,Broad bean，sprouted，with seed coat,83,66.1,131,548,12.4,0.7,19.4,1.3,0,1.4,—,—,0,0.30,0.17,2.30,4.0,2.80,1.43,1.31,0.06,41,134,179,3.9,1,5.0,0.72,0.73,0.32,0.37,上海
蔬菜类及其制品-鲜豆类,042202,黄豆芽,Soybean sprouts,100,88.8,47,198,4.5,1.6,4.5,1.5,0,0.6,3,30,0,0.04,0.07,0.60,8.0,0.80,Tr,0.40,0.40,21,74,160,7.2,21,0.9,0.54,0.96,0.14,0.34,
蔬菜类及其制品-鲜豆类,042205,黄豆芽,Sprout，soybean，raw,100,89.8,39,163,4.4,1.6,3.6,—,0,0.6,1,9,0,0.05,0.07,0.32,4.0,0.64,0.18,0.46,Tr,30,60,175,28.3,36,0.6,0.37,0.34,0.09,0.22,
蔬菜类及其制品-鲜豆类,042206,绿豆芽,Sprout，mung bean，raw,100,95.3,16,65,1.7,0.1,2.6,1.2,0,0.3,1,11,0,0.02,0.02,0.35,4.0,Tr,Tr,Tr,Tr,14,19,32,25.8,18,0.3,0.20,0.27,0.05,0.05,
蔬菜类及其制品-鲜豆类,042207,黑豆苗,Seedling，black bean，raw,100,91.7,30,125,4.4,0.8,2.6,1.6,0,0.5,10,122,0,0.05,0.07,0.41,9.0,0.77,0.24,0.32,0.21,58,55,119,14.9,23,1.0,0.36,0.71,0.12,0.22,
蔬菜类及其制品-鲜豆类,042208,豌豆苗,Seedling，pea，raw,100,91.2,32,132,4.8,0.8,2.6,—,0,0.6,28,333,0,0.11,0.16,0.49,8.0,0.10,0.10,Tr,Tr,15,60,145,20.9,14,0.5,0.42,0.56,0.07,0.08,
薯类淀粉及其制品-淀粉类,022101,蚕豆淀粉,Broad bean starch,100,14.1,342,1432,0.5,Tr,85.3,0.5,0,0.1,—,—,0,0.04,Tr,—,—,—,—,—,—,36,29,10,18.2,8,2.3,0.05,0.54,0.04,0.07,甘肃
薯类淀粉及其制品-淀粉类,022102,豌豆淀粉,Pea starch,100,13.6,342,1430,0.6,Tr,85.0,0.3,0,0.8,—,—,0,0.01,Tr,0.10,—,—,—,—,—,4,10,93,3.4,4,1.7,0.22,Tr,0.03,0.29,青海
薯类淀粉及其制品-淀粉类,022103,玉米淀粉,Corn starch,100,13.5,346,1446,1.2,0.1,85.0,0.1,0,0.2,—,—,0,0.03,0.04,1.10,—,—,—,—,—,18,25,8,6.3,6,4.0,0.09,0.70,0.07,0.05,
薯类淀粉及其制品-淀粉类,022104,团粉［芡粉］,Mixed starch,100,12.6,348,1454,1.5,Tr,85.8,0.8,0,0.1,—,—,0,0.01,Tr,0.20,—,—,—,—,—,34,25,16,13.3,14,3.6,0.18,0.37,0.06,0.08,
薯类淀粉及其制品-淀粉类,022105,藕粉,Lotus root starch,100,6.4,373,1559,0.2,Tr,93.0,0.1,0,0.4,—,—,0,Tr,0.01,0.40,—,—,—,—,—,8,9,35,10.8,2,17.9,0.15,2.10,0.22,0.28,杭州
薯类淀粉及其制品-淀粉类,022106,桂花藕粉,Lotus root starch，with osmanthus flower,100,13.6,344,1438,0.4,0.1,85.3,Tr,0,0.6,—,—,0,Tr,0.01,0.20,—,—,—,—,—,36,13,14,6.5,5,20.8,0.23,0.39,0.05,0.34,上海
薯类淀粉及其制品-淀粉类,022107,魔芋精粉［鬼芋粉，南星粉］,Giant arum flour,100,12.2,186,777,4.6,0.1,78.8,74.4,0,4.3,—,—,0,Tr,0.10,0.40,—,—,—,—,—,45,272,299,49.9,66,1.6,2.05,350.15,0.17,0.88,
薯类淀粉及其制品-淀粉类,022108,淀粉（小麦）,Starch，wheat,100,13.1,351,1469,0.2,0.5,86.0,0,0,0.2,0,0,0,0,0,0,0,—,—,—,—,14,33,8,3,5,0.6,0.1,—,0.02,—,
薯类淀粉及其制品-淀粉类,022109,淀粉（大米）,Starch，rice,100,9.7,366,1531,0.2,0.7,89.3,0,0,0.1,0,0,0,0,0,0,0,—,—,—,—,29,20,2,11,8,1.5,0.1,—,0.06,—,
薯类淀粉及其制品-淀粉类,022110,淀粉（马铃薯）,Starch，potato,100,17.4,332,1389,0.1,0.1,82.0,0,0,0.4,0,0,0,0,0,0,0,—,—,—,—,22,40,32,50,—,1.8,—,—,—,—,
薯类淀粉及其制品-淀粉类,022111,淀粉（甘薯）,Starch，sweet potato,100,15.1,342,1431,0.1,0.2,84.4,0,0,0.2,0,0,0,0,0,0.10,0,—,—,—,—,62,14,7,3.0,—,2.6,—,—,—,—,
薯类淀粉及其制品-淀粉类,022112,煎炸粉,Potato starch flour，for pan-frying,100,11.9,331,1385,12.1,1.4,73.6,0.7,0,1.0,0,0,0,0.23,0.07,3.20,0,—,—,—,—,11,102,299,18.0,—,2.0,—,—,—,—,
薯类淀粉及其制品-淀粉类,022201,粉丝,Corn starch noodle，thin，dried,100,15.0,338,1413,0.8,0.2,83.7,1.1,0,0.3,—,—,0,0.03,0.02,0.40,0,—,—,—,—,31,16,18,9.3,11,6.4,0.27,3.39,0.05,0.15,
薯类淀粉及其制品-淀粉类,022202,豌豆粉丝,Pea starch noodle,100,7.7,368,1539,0.4,Tr,91.7,0.3,0,0.2,—,—,0,0.02,Tr,Tr,0,—,—,—,—,10,9,6,5.0,4,3.5,0.32,Tr,0.05,0.09,青海
薯类淀粉及其制品-淀粉类,022203,粉条,Pea starch noodle，broad，dried,100,14.3,338,1416,0.5,0.1,84.2,0.6,0,0.9,—,—,0,0.01,Tr,0.10,0,—,—,—,—,35,23,18,9.6,11,5.2,0.83,2.18,0.18,0.16,
薯类淀粉及其制品-薯类,021101,马铃薯［土豆、洋芋］,Potato，white,94,78.6,81,343,2.6,0.2,17.8,1.1,0,0.8,1,6,0,0.10,0.02,1.10,14.0,0.34,0.08,0.10,0.16,7,46,347,5.9,24,0.4,0.3,0.47,0.09,0.1,
薯类淀粉及其制品-薯类,021102,马铃薯丁（脱水）,Potato，slab，dehydrated,100,11.4,344,1437,5.7,0.5,80.7,3.3,0,1.7,—,—,0,0.14,,—,20.0,—,—,—,—,39,87,267,22.6,51,2.4,0.41,2.17,1.31,0.36,兰州
薯类淀粉及其制品-薯类,021105,马铃薯（烤）,Potato，baked，peeled,100,80.8,70,293,1.8,0.1,16.4,0.4,0,0.9,0,0,0,0.08,0.01,0.80,15.0,—,—,—,—,2,60,357,6.0,—,0.7,—,—,—,—,
薯类淀粉及其制品-薯类,021106,马铃薯（蒸）,Potato，steamed，peeled,100,80.6,69,289,3,Tr,15.3,0.2,0,1.1,0,0,0,0.11,0.04,0.90,30.0,—,—,—,—,4,67,484,3.0,—,0.7,—,—,—,—,
薯类淀粉及其制品-薯类,021107,马铃薯（煮）,Potato，boiled，peeled,100,81.5,65,272,3.2,Tr,14.2,0.2,0,1.1,0,0,0,0.09,0.04,0.80,26.0,—,—,—,—,4,64,480,2.0,—,0.6,—,—,—,—,
薯类淀粉及其制品-薯类,021108,马铃薯全粉,Potato flour,100,5.6,362,1536,8.4,0.5,82.7,3.5,0,2.8,10,120,0,0.11,0.25,5.1,25.9,0.28,0.28,Tr,Tr,35,170,980,71.0,100,0.8,12.5,1.40,0.35,0.33,
薯类淀粉及其制品-薯类,021201,甘薯（白心）［红皮山芋］,Sweet potato，white flesh,86,72.6,106,444,1.4,0.2,25.2,1.0,0,0.6,18,220,0,0.07,0.04,0.60,24.0,0.43,0.43,Tr,Tr,24,46,174,58.2,17,0.8,0.22,0.63,0.16,0.21,
薯类淀粉及其制品-薯类,021203,甘薯片［白薯干］,Sweet potato slice，dried,100,12.1,344,1439,4.7,0.8,80.5,2.0,0,1.9,13,150,0,0.15,0.11,1.10,9.0,0.38,0.32,Tr,0.06,112,115,353,26.4,102,3.7,0.35,2.64,0.50,1.14,
薯类淀粉及其制品-薯类,021204,甘薯粉［地瓜粉］,Sweet potato flour,100,14.5,336,1406,2.7,0.2,80.9,0.1,0,1.7,2,20,0,0.03,0.05,0.20,Tr,—,—,—,—,33,12,66,26.4,102,10,0.29,2.62,0.05,0.33,福建
薯类淀粉及其制品-薯类,021205,甘薯（红心）［山芋、红薯］,Sweet potato，red flesh，raw,90,83.4,61,260,0.7,0.2,15.3,—,0,0.4,63,750,0,0.05,0.01,0.20,4.0,0.28,0.28,Tr,Tr,18,26,88,70.9,17,0.2,0.16,0.22,0.05,0.08,
薯类淀粉及其制品-薯类,021301,木薯,Cassava,99,69.0,119,498,2.1,0.3,27.8,1.6,0,0.8,—,—,0,0.21,0.09,1.20,35.0,—,—,—,—,88,50,764,8.0,66,2.5,—,—,—,—,
蛋类及其制品-鸡蛋,111101x,鸡蛋（代表值）,Chicken，egg,87,75.2,139,581,13.1,8.6,2.4,0.0,648,0.9,255,—,216,0.09,0.20,0.20,Tr,1.14,0.70,0.34,0.31,56,130,154,131.5,10,1.6,0.89,13.96,0.19,0.03,
蛋类及其制品-鸡蛋,111102,鸡蛋（白皮）,Chicken，egg，white shell，whole,87,75.8,138,574,12.7,9.0,1.5,0.0,585,1.0,310,—,310,0.09,0.31,0.20,Tr,1.23,0.90,0.33,Tr,48,176,98,94.7,14,2.0,1.00,16.55,0.06,0.03,
蛋类及其制品-鸡蛋,111104,鸡蛋（土鸡）,Chicken，egg，free range chicken，whole,88,72.6,138,577,14.4,6.4,5.6,0.0,1338,1.0,199,—,199,0.12,0.19,—,Tr,1.36,0.61,0.44,0.31,76,33,244,174.0,5,1.7,1.28,11.50,0.32,0.06,青海
蛋类及其制品-鸡蛋,111105,鸡蛋白,Chicken，egg white,100,84.4,60,254,11.6,0.1,3.1,0.0,—,0.8,—,—,—,0.04,0.31,0.20,Tr,0.01,0.01,Tr,Tr,9,18,132,79.4,15,1.6,0.02,6.97,0.05,0.02,
蛋类及其制品-鸡蛋,111106,鸡蛋白（乌骨鸡）,Chicken，egg white，black-boned chicken,100,88.4,44,187,9.8,0.1,1.0,0.0,—,0.7,—,—,—,—,0.31,0.10,Tr,—,—,—,—,9,17,109,165.1,10,Tr,0.01,2.99,0.01,0.01,江西
蛋类及其制品-鸡蛋,111107,鸡蛋黄,Chicken，egg yolk,100,51.5,328,1360,15.2,28.2,3.4,0.0,1510,1.7,438,—,438,0.33,0.29,0.10,Tr,5.06,2.57,2.44,0.05,112,240,95,54.9,41,6.5,3.79,27.01,0.28,0.06,
蛋类及其制品-鸡蛋,111108,鸡蛋黄（乌骨鸡）,Chicken，egg yolk，black boned chicken,100,57.8,263,1092,15.2,19.9,5.7,0.0,2057,1.4,179,—,179,0.07,0.36,0.10,Tr,7.64,—,—,—,107,216,105,57.2,16,0.5,3.10,22.62,0.70,0.04,江西
蛋类及其制品-鸡蛋,111109,鸡蛋（红皮）,,87,77.1,143,596,12.2,10.5,0.0,0.0,—,0.8,—,—,138,0.05,0.11,—,Tr,0.84,0.58,0.26,Tr,44,182,121,125.7,11,1.0,0.38,13.83,Tr,0.01,
蛋类及其制品-鸡蛋,111110,鸡蛋（藏鸡蛋）,,86,72.7,162,673,12.6,11.3,2.4,0.0,—,1.0,—,—,223,0.07,0.44,—,Tr,1.54,—,—,—,57,177,73,119.2,13,2.8,1.52,5.70,0.08,0.03,西藏
蛋类及其制品-鸡蛋,111111,鸡蛋（乌鸡蛋，绿皮）,,88,69.7,170,710,12.6,10.6,6.1,0.0,—,1.0,—,—,182,0.09,0.43,0.06,Tr,3.73,2.58,0.80,0.35,42,273,514,106.7,11,3.8,2.05,28.31,0.05,Tr,黑龙江
蛋类及其制品-鸡蛋,111201,鸡蛋粉［全蛋粉］,Chicken，egg powder，whole,100,2.5,545,2269,43.4,36.2,11.3,0.0,2251,6.6,525,—,525,0.05,0.40,—,Tr,11.56,7.96,3.32,0.28,954,780,357,393.2,46,10.5,5.95,39.10,0.28,0.22,北京
蛋类及其制品-鸡蛋,111202,鸡蛋黄粉,Chicken，egg yolk powder,100,4.6,644,2666,31.6,55.1,5.3,0.0,2850,3.4,776,—,776,—,0.25,—,Tr,14.43,10.42,4.01,Tr,266,905,103,89.8,22,10.6,6.66,27.70,0.10,0.05,北京
蛋类及其制品-鸡蛋,111203,松花蛋（鸡蛋）,*Chicken，century egg， preserved in lime,83,66.4,178,742,14.8,10.6,5.8,0.0,595,2.4,310,—,310,0.02,0.13,0.20,Tr,1.06,0.25,0.58,0.23,26,263,148,—,8,3.9,2.73,44.32,0.12,0.06,
蛋类及其制品-鸡蛋,111204,鸡蛋（煮）,,86,76.3,143,596,12.1,10.5,0.1,0.0,—,1.0,146,18,144,0.04,0.39,0.10,Tr,—,—,—,—,35,206,130,130.0,—,1.7,—,—,—,—,
蛋类及其制品-鸡蛋,111205,毛蛋,,87,72.3,176,730,14.2,13.2,0.0,0.0,—,1.2,161,—,161,0.04,0.65,0.87,Tr,1.49,—,—,—,204,155,66,75.8,—,1.8,1.64,29.00,—,—,山东
蛋类及其制品-鸡蛋,111206,荷包蛋（油煎）,,100,68.6,195,808,13.5,15.0,1.4,0.0,—,1.6,248,—,—,0.06,0.52,0.10,Tr,—,—,—,—,55,194,132,353.0,—,1.6,—,—,—,—,
蛋类及其制品-鸡蛋,111207,荷包蛋（煮）,,100,74.9,155,645,12.3,11.7,0.2,0.0,—,0.9,158,21,160,0.06,0.40,0.10,Tr,—,—,—,—,55,200,100,110.0,—,2.2,—,—,—,—,
蛋类及其制品-鸭蛋,112101,鸭蛋,Duck，egg，whole,87,70.3,180,748,12.6,13.0,3.1,0.0,565,1.0,261,—,261,0.17,0.35,0.20,Tr,4.98,4.02,0.96,Tr,62,226,135,106.0,13,2.9,1.67,15.68,0.11,0.04,河北
蛋类及其制品-鸭蛋,112102,鸭蛋白,Duck，egg white,100,87.7,47,197,9.9,—,1.8,0.0,—,0.6,23,—,23,0.01,0.07,0.10,Tr,0.16,0.16,—,—,18,—,84,71.2,21,0.1,—,4.00,0.08,—,河北
蛋类及其制品-鸭蛋,112103,鸭蛋黄,Duck，egg yolk,100,44.9,378,1565,14.5,33.8,4.0,0.0,1576,2.8,1980,—,1980,0.28,0.62,—,Tr,12.72,12.72,—,—,123,55,86,30.1,22,4.9,3.09,25.00,0.16,0.10,广西
蛋类及其制品-鸭蛋,112104,海鸭蛋,,87,55.6,243,1014,12.7,13.8,16.9,0.0,—,1.0,—,—,116,0.13,0.40,Tr,Tr,1.66,0.82,0.84,Tr,118,6,119,105.1,1,3.1,0.25,41.51,0.02,0.06,
蛋类及其制品-鸭蛋,112201,松花蛋（鸭蛋）［皮蛋］,"Duck, century egg，preserved in powdered lime",90,68.4,171,714,14.2,10.7,4.5,0.0,608,2.2,215,—,215,0.06,0.18,0.10,Tr,3.05,2.80,0.25,Tr,63,165,152,542.7,13,3.3,1.48,25.24,0.12,0.06,
蛋类及其制品-鸭蛋,112202,鸭蛋（咸鸭蛋，生）,"Duck，egg，whole，preserved in salt, raw",88,61.3,190,793,12.7,12.7,6.3,0.0,647,7.0,134,—,134,0.16,0.33,0.10,Tr,6.25,5.68,0.57,Tr,118,231,184,2706.1,30,3.6,1.74,24.04,0.14,0.10,江苏
蛋类及其制品-鸭蛋,112203,鸭蛋（咸鸭蛋，煮）,,84,70.0,177,734,13.8,13.5,0.0,0.0,—,4.2,—,—,56,0.15,0.28,0.04,Tr,2.85,2.14,0.71,Tr,52,212,226,1131.0,22,2.1,1.50,32.76,0.20,0.07,
蛋类及其制品-鹅蛋,113101,鹅蛋,Goose egg，whole,87,69.3,196,814,11.1,15.6,2.8,0.0,704,1.2,192,—,192,0.08,0.30,0.40,Tr,4.50,3.57,0.93,Tr,34,130,74,90.6,12,4.1,1.43,27.24,0.09,0.04,河北
蛋类及其制品-鹅蛋,113102,鹅蛋白,Goose egg white,100,87.2,48,201,8.9,—,3.2,0.0,—,0.7,7,—,7,0.03,0.04,0.30,Tr,0.34,—,—,—,4,11,36,77.3,9,2.8,0.10,8.00,0.05,—,
蛋类及其制品-鹅蛋,113103,鹅蛋黄,Goose egg yolk,100,50.1,324,1346,15.5,26.4,6.2,0.0,1696,1.8,1977,—,1977,0.06,0.59,0.60,Tr,95.70,—,—,—,13,51,—,24.4,10,2.8,1.59,26.00,0.25,Tr,
蛋类及其制品-鹅蛋,113104,鹅蛋（煮）,,85,71.9,177,736,12.7,13.6,1.0,0.0,—,0.8,173,18,171,0.06,0.32,0.10,Tr,—,—,—,—,41,70,76,45.0,—,2.5,—,—,—,—,北京
蛋类及其制品-鹌鹑蛋,114101,鹌鹑蛋,Quail egg，whole,86,73.0,160,664,12.8,11.1,2.1,0.0,515,1.0,337,—,337,0.11,0.49,0.10,Tr,3.08,1.67,1.23,0.18,47,180,138,106.6,11,3.2,1.61,25.48,0.09,0.04,
蛋类及其制品-鹌鹑蛋,114201,鹌鹑蛋（五香罐头）,Quail egg，whole，flavored with five spice，canned,89,74.4,152,630,11.6,11.7,0.0,0.0,480,2.3,98,—,98,0.01,0.06,0.30,Tr,5.34,4.81,0.53,Tr,157,209,41,711.5,8,2.6,1.43,11.60,0.13,0.03,
谷类及其制品-其他,019001,高粱米,"Sorghum, broomcorn",100,10.3,360,1505,10.4,3.1,74.7,4.3,0,1.5,0,0,0,0.29,0.10,1.60,0,1.88,1.8,0.08,Tr,22,329,281,6.3,129,6.3,1.64,2.83,0.53,1.22,—
谷类及其制品-其他,019002,糜子（带皮）,"Prosomillet, unhulled",100,9.4,336,1404,10.6,0.6,75.1,6.3,0,4.3,—,—,0,0.45,0.18,1.20,0,3.50,3.5,Tr,Tr,99,205,148,9.6,146,5.0,2.07,12.01,0.61,1.10,甘肃
谷类及其制品-其他,019003,糜子米（炒米）,"Prosomillet, roasted",100,7.6,376,1572,8.1,2.6,80.5,1.0,0,1.2,—,—,0,0.29,0.04,0.70,0,—,—,—,—,12,233,252,10.7,112,14.3,1.89,4.53,0.45,0.63,内蒙古
谷类及其制品-其他,019004,苦荞麦粉,Tartarian buckwheat flour,100,19.3,316,1320,9.7,2.7,66.0,5.8,0,2.3,—,—,0,0.32,0.21,1.50,0,1.73,0.9,0.83,Tr,39,244,320,2.3,94,4.4,2.02,5.57,0.89,1.31,—
谷类及其制品-其他,019005,荞麦,"Buckwheat, hulled",100,13.0,337,1410,9.3,2.3,73.0,6.5,0,2.4,2,20,0,0.28,0.16,2.20,0,4.40,0.36,3.99,0.05,47,297,401,4.7,258,6.2,3.62,2.45,0.56,2.04,—
谷类及其制品-其他,019006,荞麦（带皮）,"Buckwheat, with hull",98,13.6,319,1333,9.5,1.7,73.0,13.3,0,2.2,—,—,0,0.24,0.06,1.30,0,—,—,—,—,154,296,439,4.0,193,10.1,2.90,1.31,14.05,1.31,甘肃
谷类及其制品-其他,019008,薏米［薏仁米，苡米］,"Adlay, *Job's tears*",100,11.2,361,1512,12.8,3.3,71.1,2.0,0,1.6,—,—,0,0.22,0.15,2.00,0,2.08,1.48,0.60,Tr,42,217,238,3.6,88,3.6,1.68,3.07,0.29,1.37,—
谷类及其制品-其他,019009,薏米面,Adlay flour,100,10.9,351,1469,11.3,2.4,73.5,4.8,0,1.9,—,—,0,0.07,0.14,2.40,0,4.89,1.73,3.16,Tr,42,134,163,2.3,50,7.4,1.39,3.06,0.26,1.51,山东
谷类及其制品-其他,019010,荞麦面,"Buckwheat flour, refined",100,14.2,340,1440,11.3,2.8,70.2,—,0,1.5,2,20,0,0.26,0.10,3.47,0,5.31,0.19,4.75,0.37,71,243,304,0.9,151,7.0,1.94,2.16,0.39,0.59,山西
谷类及其制品-其他,019011,莜麦面,"Oat flour, refined",100,8.8,391,1650,13.7,8.6,67.7,—,0,1.2,—,—,0,0.20,0.09,0.29,0,0.39,0.19,0.20,Tr,40,259,255,1.8,62,3.8,2.18,2.90,0.41,1.71,山西
谷类及其制品-其他,019012,燕麦,Quinoa,100,10.2,338,1433,10.1,0.2,77.4,6.0,0,2.1,Tr,Tr,0,0.46,0.07,—,,0.91,0.54,0.37,Tr,58,342,356,2.1,116,2.9,1.75,—,0.21,3.91,青海
谷类及其制品-其他,019013,藜麦（散装）,Quinoa (Green Agriculture),100,13.5,357,1494,14.0,6.0,57.8,6.5,0,2.2,Tr,Tr,0,0.04,0.06,1.03,0,6.4,—,—,—,25,—,362,1.0,132,3.4,1.80,1.43,0.20,0.98,山西
谷类及其制品-其他,019014,藜麦（散装）,Quinoa (AOJIA),100,9.8,367,1537,10.4,7.5,58.5,11.3,0,2.8,Tr,Tr,0,0.39,0.05,—,0,7.95,2.84,1.89,0.22,28,480,242,0.6,159,2.8,1.8,1.74,0.23,1.69,河北
谷类及其制品-其他,019201,高粱面面条,"Sorghum noodle, wheat flour added, dried, raw",100,23.4,304,1292,7.0,0.2,68.7,0.3,0,0.7,—,—,0,—,—,—,0,—,—,—,—,—,—,—,—,—,—,—,—,—,—,北京
谷类及其制品-大麦,014101,大麦［元麦］,Barley grain,100,13.1,327,1367,10.2,1.4,73.3,9.9,0,2.0,0,0,0,0.43,0.14,3.90,0,1.23,1.23,Tr,Tr,66,381,49,Tr,158,6.4,4.36,9.80,0.63,1.23,—
谷类及其制品-大麦,014102,黑大麦,"Barley grain, naked, black, raw",100,10.9,327,1381,10.2,2.2,74.3,15.2,0,2.4,—,—,0,0.54,0.14,5.40,0,—,—,—,—,20,390,241,17.0,69,6.5,2.33,3.99,1.09,1.17,江苏
谷类及其制品-大麦,014201,肚里黄,"Naked barley grain, yellow inside",100,11.6,337,1409,8.8,1.2,76.7,8.0,0,1.7,—,—,0,0.37,0.02,1.60,0,1.28,0.76,0.41,0.11,3,436,223,5.2,80,2.4,2.31,Tr,13.66,1.08,青海
谷类及其制品-大麦,014202,青稞,Naked barley grain,100,12.4,342,1432,8.1,1.5,75.0,1.8,0,3.0,0,0,0,0.34,0.11,6.70,0,0.96,0.72,0.24,Tr,113,405,644,77.0,65,40.7,2.38,4.60,5.13,2.08,青海
谷类及其制品-小米黄米,015101,小米,"Foxtail millet, hulled",100,11.6,361,1511,9.0,3.1,75.1,1.6,0,1.2,8,100,0,0.33,0.10,1.50,0,3.63,Tr,Tr,3.63,41,229,284,4.3,107,5.1,1.87,4.74,0.54,0.89,—
谷类及其制品-小米黄米,015102,小米面,Foxtail millet flour,100,11.8,357,1494,7.2,2.1,77.7,0.7,0,1.2,—,—,0,0.13,0.08,2.50,0,—,—,—,—,40,159,129,6.2,57,6.1,1.18,2.82,0.32,0.55,济南
谷类及其制品-小米黄米,015103,小米粥,Foxtail millet porridge,100,89.3,46,190,1.4,0.7,8.4,—,0,0.2,—,—,0,0.02,0.07,0.90,0,0.26,Tr,0.26,Tr,10,32,19,4.1,22,1.0,0.41,0.30,0.07,0.16,北京
谷类及其制品-小米黄米,015104,小米（黄）,"Foxtail millet, hulled, yellow, raw",100,9.7,364,1542,8.9,3.0,77.7,—,0,0.7,—,—,0,0.32,0.06,1.04,0,1.62,0.24,1.26,0.12,8,158,335,0.6,50,1.6,2.81,2.72,0.41,0.38,山西
谷类及其制品-小米黄米,015201,大黄米［黍子］,"Broomcorn millet, hulled",100,11.3,356,1490,13.6,2.7,71.1,3.5,0,1.3,—,—,0,0.30,0.09,1.40,0,1.79,0.87,0.53,0.39,30,244,201,1.7,116,5.7,3.05,2.31,0.57,1.50,—
谷类及其制品-小米黄米,015202,黄米,"Broomcorn millet, hulled, yellow",100,11.1,351,1469,9.7,1.5,76.9,4.4,0,0.8,—,—,0,0.09,0.13,1.30,0,4.61,Tr,3.24,1.37,—,—,—,3.3,—,—,2.07,—,0.90,0.23,—
谷类及其制品-小麦,011101,小麦,Wheat grain,100,10.0,338,1416,11.9,1.3,75.2,10.8,0,1.6,0,0,0,0.40,0.10,4.00,0,1.82,1.48,0.24,0.10,34,325,289,6.8,4,5.1,2.33,4.05,0.43,3.10,—
谷类及其制品-小麦,011102,五谷香,Wheat grain，*Fragrant crops*,100,5.6,378,1580,9.9,2.6,78.9,0.5,0,3.0,0,0,0,0.11,0.19,—,0,2.31,—,—,—,2,13,7,1.0,—,0.5,0.23,1.15,0.08,0.05,河北
谷类及其制品-小麦,011201x,小麦粉（代表值）,Wheat flour,100,11.2,359,1512,12.4,1.7,74.1,0.8,0,0.7,0,0,0,0.20,0.06,1.57,0,0.66,0.61,0.39,0.32,28,136,185,14.1,53,1.4,0.69,7.10,0.23,0.37,—
谷类及其制品-小麦,011202,小麦粉（富强粉，特一粉）,Wheat flour，refined，special grade1,100,12.7,351,1467,10.3,1.1,75.2,0.6,0,0.7,0,0,0,0.17,0.06,2.00,0,0.73,0.51,0.22,Tr,27,114,128,2.7,32,2.7,0.97,6.88,0.26,0.77,—
谷类及其制品-小麦,011203,小麦粉（特二粉）,Wheat flour，refined，special grade2,100,12.0,352,1472,10.4,1.1,75.9,1.6,0,0.6,0,0,0,0.15,0.11,2.00,0,1.25,0.70,0.55,Tr,30,120,124,1.5,48,3.0,0.96,6.01,0.58,0.92,—
谷类及其制品-小麦,011204,小麦胚粉,Wheat germ flour,100,4.3,403,1687,36.4,10.1,44.5,5.6,0,4.7,—,—,0,3.50,0.79,3.70,0,23.20,20.64,2.56,Tr,85,1168,1523,4.6,198,0.6,23.40,65.20,0.83,17.30,—
谷类及其制品-小麦,011205,麸皮,Wheat bran,100,14.5,282,1181,15.8,4.0,61.4,31.3,0,4.3,10,120,0,0.30,0.30,12.50,0,4.47,—,—,—,206,682,862,12.2,382,9.9,5.98,7.12,2.03,10.85,甘肃
谷类及其制品-小麦,011206,小麦粉（标准粉）,Wheat flour，moderately refined，standard grade,100,9.9,362,1531,15.7,2.5,70.9,—,0,1.0,0,0,0,0.46,0.05,1.91,0,0.32,Tr,Tr,0.32,31,167,190,3.1,50,0.6,0.20,7.42,0.06,0.10,—
谷类及其制品-小麦,011207,小麦粉（富强粉、特一粉）,Wheat flour，refined，special grade 1,100,10.8,362,1534,12.3,1.5,74.9,—,0,0.5,0,0,0,0.11,0.03,0.94,0,0.32,Tr,Tr,0.32,27,114,128,2.7,32,0.7,0.39,6.79,0.03,0.04,—
谷类及其制品-小麦,011208,小麦粉（特制）,Wheat flour，specially refined,100,10.4,366,1554,13.3,2.2,73.5,0.3,0,0.6,0,0,0,0.09,0.04,1.01,0,Tr,Tr,Tr,Tr,23,167,356,60.3,105,0.0,0.94,8.41,Tr,0.02,天津
谷类及其制品-小麦,011301x,挂面（代表值）,Wheat noodle，dried,100,11.5,353,1483,11.4,0.9,75.1,0.9,0,1.0,—,—,0,0.17,0.04,2.09,0,1.11,0.10,0.90,Tr,20,134,129,184.5,49,2.3,0.72,9.21,0.27,0.71,—
谷类及其制品-小麦,011302,挂面（标准粉）,Wheat noodle，standard grade wheat flour，dried,100,12.4,348,1454,10.1,0.7,76.0,1.6,0,0.8,—,—,0,0.19,0.04,2.50,0,1.11,0.21,0.90,Tr,14,153,157,150.0,51,3.5,1.22,9.90,0.44,1.28,—
谷类及其制品-小麦,011304,挂面（精制龙须面）,Wheat noodle，lysine enriched wheat flour，dried,100,11.9,348,1455,11.2,0.5,74.7,0.2,0,1.7,—,—,0,0.18,0.03,2.50,0,—,—,—,—,26,137,109,292.8,48,2.3,0.87,14.28,0.33,0.81,—
谷类及其制品-小麦,011305x,面条（生，代表值）,Wheat noodle，fresh,100,24.2,301,1262,8.9,0.6,65.6,0.8,0,0.8,—,—,0,0.22,0.07,1.80,0,0.47,0.09,0.43,Tr,12,139,123,21.4,42,4.3,1.09,6.59,0.15,0.71,—
谷类及其制品-小麦,011306,面条（标准粉，切面）,Wheat noodle，standard grade wheat flour，fresh,100,29.7,283,1186,8.5,1.6,59.5,1.5,0,0.7,—,—,0,0.35,0.10,3.10,0,0.47,Tr,0.47,Tr,13,142,161,3.4,61,2.6,1.07,0.40,0.20,1.35,北京
谷类及其制品-小麦,011308,面条（特粉，切面）,Wheat noodle，special grade 1 wheat flour,100,27.5,287,1200,7.3,0.1,64.5,0.6,0,0.6,—,—,0,0.17,0.09,0.30,0,0.47,0.09,0.38,Tr,3,181,128,9.7,36,4.7,1.68,15.82,0.16,0.74,青海
谷类及其制品-小麦,011310,面条（干切面）,Wheat noodle，dried,100,10.5,355,1487,11.0,0.1,77.7,0.2,0,0.7,—,—,0,0.28,0.05,2.70,0,—,—,—,—,8,142,100,60.9,42,9.6,1.50,7.78,0.22,0.72,广东
谷类及其制品-小麦,011311,面条（虾蓉面）,Wheat noodle，shrimp flavoured,100,6.1,436,1824,8.5,15.1,68.3,3.6,—,2.0,—,—,0,—,0.01,2.80,0,1.22,1.22,Tr,Tr,17,92,101,304.2,24,2.0,Tr,9.39,0.45,—,—
谷类及其制品-小麦,011312,通心面［通心粉］,Wheat macaroni,100,11.8,351,1468,11.9,0.1,75.8,0.4,0,0.4,—,—,0,0.12,0.03,1.00,0,—,—,—,—,14,97,209,35.0,58,2.6,1.55,5.80,0.16,0.67,福州
谷类及其制品-小麦,011313,挂面（富强粉）,Noodle，from refined wheat flour，dried，raw,100,10.2,363,1539,13.0,1.5,74.7,—,0,0.6,0,0,0,0.13,0.04,1.26,0,Tr,Tr,Tr,Tr,21,112,122,110.6,48,1.0,0.08,3.46,0.04,0.05,—
谷类及其制品-小麦,011314,龙须面（素）,Vermicelli，from wheat flour，plain or vegetarian，dried，raw,100,10.4,359,1524,10.8,1.8,75.7,—,0,1.3,0,0,0,0.07,0.03,—,0,—,—,—,—,15,86,77,249.8,19,2.2,1.19,2.51,0.14,0.49,上海
谷类及其制品-小麦,011315,龙须面（鸡蛋）,Vermicelli，from wheat flour，egg powder added，dried，raw,100,10.2,352,1491,14.0,1.8,71.5,—,—,2.5,42,0,42,0.17,0.05,0.90,0,0.21,0.03,0.21,Tr,12,140,529,711.2,25,1.5,0.83,3.34,0.17,0.47,天津
谷类及其制品-小麦,011316,面条（富强粉，切面）,Noodle，from refined wheat flour，fresh，raw,100,29.0,277,1176,8.9,0.4,60.7,—,0,1.0,0,0,0,0.07,0.02,1.10,0,Tr,Tr,Tr,Tr,24,92,102,11.5,29,0.4,0.12,2.34,0.02,0.04,北京
谷类及其制品-小麦,011317,面条（富强粉，煮）,Noodle，from refined wheat flour，boiled，drained,100,72.7,107,453,3.9,0.4,22.8,—,0,0.2,0,0,0,0.02,0.01,0.56,0,Tr,Tr,Tr,Tr,4,24,15,26.9,10,0.2,0.10,1.16,0.01,0.01,—
谷类及其制品-小麦,011401,花卷,Wheat bun，leavened，salted and twisted，steamed,100,45.7,214,895,6.4,1.0,45.6,1.5,0,1.3,—,—,0,Tr,0.02,1.10,0,—,—,—,—,19,72,83,95.0,12,0.4,Tr,6.17,0.09,—,武汉
谷类及其制品-小麦,011402,空锅饼,Wheat bun，leavened，baked,100,29.4,278,1165,8.6,0.2,60.9,0.7,0,0.9,—,—,0,0.14,Tr,0,0,0.08,0.08,Tr,Tr,2,133,138,243.2,30,5.8,1.73,24.19,0.13,0.78,青海
谷类及其制品-小麦,011403,烙饼（标准粉）,Wheat pancake，standard grade wheat flour，unleavened,100,36.4,258,1082,7.5,2.3,52.9,1.9,0,0.9,—,—,0,0.02,0.04,—,0,1.03,0.3,0.73,Tr,20,146,141,149.3,51,2.4,0.94,7.50,0.15,1.15,北京
谷类及其制品-小麦,011404x,馒头（代表值）,Wheat bun，leavened，steamed,100,43.9,223,934,7.0,1.1,47.0,1.3,0,1.0,—,—,0,0.04,0.05,—,0,0.65,0.35,0.30,Tr,38,107,138,165.1,30,1.8,0.71,8.45,0.10,0.78,—
谷类及其制品-小麦,011405,馒头（标准粉）,Wheat bun，leavened，standard grade wheat flour，steamed,100,40.5,236,989,7.8,1.0,49.8,1.5,0,0.9,—,—,0,0.05,0.07,—,0,0.86,0.35,0.51,Tr,18,136,129,165.2,39,1.9,1.01,9.70,0.14,1.27,北京
谷类及其制品-小麦,011407,烧饼（加糖）,Wheat bread，leavened，baked with sesame seeds and sugar,100,25.9,298,1245,8.0,2.1,62.7,2.1,0,1.3,—,—,0,Tr,0.01,1.10,0,0.39,0.21,0.18,Tr,51,105,122,62.5,26,1.6,0.36,12.16,0.15,—,武汉
谷类及其制品-小麦,011408,油饼,Wheat pancake，deep-fried,100,24.8,403,1687,7.9,22.9,42.4,2.0,—,2.0,—,—,0,0.11,0.05,—,0,13.72,12.21,1.38,0.13,46,124,106,572.5,13,2.3,0.97,10.60,0.27,0.71,北京
谷类及其制品-小麦,011409,油条,Wheat dough stick，deep-fried,100,21.8,388,1624,6.9,17.6,51.0,0.9,—,2.7,—,—,0,0.01,0.07,0.70,0,3.19,2.74,0.31,0.14,6,77,227,585.2,19,1.0,0.75,8.60,0.19,0.52,—
谷类及其制品-小麦,011410,花卷（加牛奶）,Bun，twisted，form refined wheat flour，milk and salt added，leavened，steamed,100,30.8,282,1192,6.5,3.2,58.9,—,—,0.6,0,0,—,0.03,0.03,0.61,0,0.85,0.32,0.43,0.10,9,71,211,97.0,14,0.7,0.36,1.94,0.04,0.19,广东
谷类及其制品-小麦,011411,馒头（富强粉）,Bun，from refined wheat flour，leavened，steamed,100,40.3,235,994,7.1,1.3,50.9,—,0,0.4,0,0,0,0.12,0.02,0.79,0,Tr,Tr,Tr,Tr,58,43,146,165.0,20,0.4,0.21,2.66,0.02,0.03,北京
谷类及其制品-小麦,011501,水面筋,Wheat gluten，fresh,100,63.5,142,595,23.5,0.1,12.3,0.9,0,0.6,—,—,0,0.10,0.07,1.10,0,0.65,0.35,0.30,Tr,76,133,69,15.0,26,4.2,1.76,1.00,0.19,0.86,—
谷类及其制品-小麦,011502,油面筋,Wheat gluten，deep-fried,100,7.1,492,2061,26.9,25.1,40.4,1.3,0,0.5,—,—,0,0.03,0.05,2.20,0,7.18,5.98,0.80,0.40,29,98,45,29.5,40,2.5,2.29,22.80,0.50,1.28,—
谷类及其制品-小麦,011503,面筋（肉馅）,Wheat gluten，filled with mince pork,100,49.2,364,1506,16.2,33.2,0.1,—,23,1.4,67,0,67,0.06,0.10,2.70,0,0.92,0.70,0.22,Tr,113,224,167,663.8,18,4.9,1.42,6.18,0.08,0.07,江苏
谷类及其制品-玉米,013101,玉米（鲜）,"Corn, fresh",46,71.3,112,469,4.0,1.2,22.8,2.9,0,0.7,—,—,0,0.16,0.11,1.80,16,0.46,Tr,0.14,0.32,—,117,238,1.1,32,1.1,0.90,1.63,0.09,0.22,—
谷类及其制品-玉米,013102,玉米（白，干）,"Corn grain, white, dried",100,11.7,352,1474,8.8,3.8,74.7,8.0,0,1.0,—,—,0,0.27,0.07,2.30,0,8.23,1.08,6.02,1.13,10,244,262,2.5,95,2.2,1.85,4.14,0.26,0.51,—
谷类及其制品-玉米,013103,玉米（黄，干）,"Corn grain, yellow, dried",100,13.2,348,1457,8.7,3.8,73.0,6.4,0,1.3,8,100,0,0.21,0.13,2.50,0,3.89,0.77,3.03,0.09,14,218,300,3.3,96,2.4,1.70,3.52,0.25,0.48,—
谷类及其制品-玉米,013104,玉米面（白）,"Corn flour, white",100,13.4,352,1475,8.0,4.5,73.1,6.2,0,1.0,—,—,0,0.34,0.06,3.00,0,6.89,0.94,5.76,0.19,12,187,276,0.5,111,1.3,1.22,1.58,0.23,0.40,北京
谷类及其制品-玉米,013106,玉米面（强化豆粉）,"Corn flour, enriched with soybean flour",100,13.6,352,1472,11.8,4.9,68.3,6.4,0,1.4,—,—,0,0.21,0.04,3.10,0,7.13,0.85,5.50,0.78,18,234,370,1.6,106,3.4,1.28,9.15,0.38,0.74,北京
谷类及其制品-玉米,013108,玉米粒（黄、干）,"Corn grain, yellow, dried, raw",100,11.8,327,1382,8.0,0.8,79.2,—,0,0.2,8,100,0,0.03,0.02,0.56,0,0.38,Tr,Tr,0.38,—,—,—,—,—,—,—,1.24,—,—,—
谷类及其制品-玉米,013109,玉米面（黄）,"Corn flour, yellow, dried, raw",100,11.2,350,1483,8.5,1.5,78.4,—,0,0.4,3,40,0,0.07,0.04,0.80,0,0.98,Tr,0.52,0.46,22,196,249,2.3,84,0.4,0.08,2.68,0.01,0.02,—
谷类及其制品-玉米,013110,玉米糁（黄）,"Corn grits, yellow, dried, raw",100,12.5,326,1378,7.4,1.2,78.7,—,0,0.2,—,—,0,0.03,0.03,0.76,0,0.96,Tr,0.44,0.52,49,143,177,1.7,151,0.2,0.05,1.09,0.01,0.01,—
谷类及其制品-玉米,013201,玉米笋（罐头）,"Baby corn, sweet, canned",100,93.0,16,67,1.1,0.2,4.9,4.9,0,1.3,3,40,0,—,—,—,0,—,—,—,—,6,4,36,170.9,—,0.1,0.33,0.80,0.02,0.12,保定
谷类及其制品-玉米,013202,玉米面面条,"Corn noodle, wheat flour added, dried, raw",100,12.3,350,1486,6.6,0.3,80.5,0.6,0,0.4,—,—,0,—,—,—,0,—,—,—,—,—,—,—,—,—,—,—,—,—,—,北京
谷类及其制品-稻米,012001x,稻米（代表值）,"Rice, grained",100,13.3,346,1453,7.9,0.9,77.2,0.6,0,0.7,0,0,0,0.15,0.04,2.00,0,0.43,0.33,0.18,0.17,8,112,112,1.8,31,1.1,1.54,2.83,0.25,1.13,
谷类及其制品-稻米,012101,粳米（标一）,"Round grained rice, standard grade 1",100,13.7,345,1442,7.7,0.6,77.4,0.6,0,0.6,0,0,0,0.16,0.08,1.30,0,1.01,0.39,0.62,Tr,11,121,97,2.4,34,1.1,1.45,2.50,0.19,1.36,—
谷类及其制品-稻米,012102,粳米（标二）,"Round grained rice, standard grade 2",100,13.2,347,1454,8.0,0.6,77.7,0.4,0,0.5,0,0,0,0.22,0.05,2.60,0,0.53,0.39,0.14,Tr,3,99,78,0.9,20,0.4,0.89,6.40,0.28,0.77,北京
谷类及其制品-稻米,012103,粳米（标三）,"Round grained rice, standard grade 3",100,13.9,346,1446,7.2,0.8,77.6,0.4,0,0.5,0,0,0,0.33,0.03,3.60,0,0.30,0.30,Tr,Tr,5,108,78,1.3,—,0.7,0.93,5.40,0.28,0.89,北京
谷类及其制品-稻米,012104,粳米（标四）,"Round grained rice, standard grade 4",100,13.1,347,1453,7.5,0.7,78.1,0.7,0,0.6,0,0,0,0.14,0.05,5.20,0,0.39,0.28,0.11,Tr,4,123,106,1.6,20,0.7,0.97,4.87,0.26,1.07,北京
谷类及其制品-稻米,012105,粳米（特等）,"Round grained rice, special grade",100,16.2,335,1401,7.3,0.4,75.7,0.4,0,0.4,0,0,0,0.08,0.04,1.10,0,0.76,0.33,0.20,0.23,24,80,58,6.2,25,0.9,1.07,2.49,0.26,1.00,—
谷类及其制品-稻米,012106,粳米（极品精米）,"Rice, round grain, refined, raw",100,13.9,343,1456,6.4,1.2,78.1,—,0,0.4,0,0,0,0.06,0.02,0.67,0,Tr,Tr,Tr,Tr,3,69,86,2.7,25,0.2,1.76,4.17,0.23,1.14,吉林
谷类及其制品-稻米,012107,粳米（西域王米）,"Rice, round grain, refined, raw, from Xinjiang",100,13.3,353,1498,7.5,1.8,77.0,0.6,0,0.4,0,0,0,0.07,0.04,1.00,0,Tr,Tr,Tr,Tr,5,66,119,2.0,17,0.8,1.02,2.92,0.24,0.43,新疆
谷类及其制品-稻米,012108,粳米（小站稻米）,"Rice, round grain, refined, raw, from Tianjin",100,12.9,346,1469,6.9,0.7,79.2,—,0,0.3,0,0,0,0.04,0.02,0.82,0,Tr,Tr,Tr,Tr,3,82,111,2.2,16,0.3,1.94,10.10,0.35,0.44,天津
谷类及其制品-稻米,012201,籼米（标一）,"Long grained rice, standard grade 1",100,13.0,348,1454,7.7,0.7,77.9,0.6,0,0.7,0,0,0,0.15,0.06,2.10,0,0.43,0.43,Tr,Tr,7,146,89,2.7,33,1.3,1.46,3.80,0.23,1.00,—
谷类及其制品-稻米,012202,籼米（标准）［机米］,"Long grained rice, standard grade",100,12.6,349,1459,7.9,0.6,78.3,0.8,0,0.6,0,0,0,0.09,0.04,1.40,0,0.54,0.43,0.11,Tr,12,112,109,1.7,28,1.6,1.47,1.99,0.29,1.27,—
谷类及其制品-稻米,012203,籼米（优标）,"Long grained rice, special grade",100,12.8,350,1466,8.3,1.0,77.3,0.5,0,0.6,0,0,0,0.13,0.02,2.60,0,—,—,—,—,8,85,64,1.2,13,0.5,1.60,6.90,0.30,1.02,广东
谷类及其制品-稻米,012204,早籼,"Long grained rice, early crop, unhulled",64,10.2,361,1512,9.9,2.2,76.2,1.4,0,1.5,0,0,0,0.14,0.05,5.00,0,0.25,0.04,0.15,0.06,13,257,214,1.6,Tr,5.1,2.73,1.84,0.25,2.73,—
谷类及其制品-稻米,012205,早籼（标一）,"Long grained rice, early crop, standard grade 1",100,12.3,352,1474,8.8,1.0,77.2,0.4,0,0.7,0,0,0,0.16,0.05,2.00,0,—,—,—,—,10,141,124,1.9,57,1.2,1.59,2.05,0.23,1.21,—
谷类及其制品-稻米,012206,早籼（标二）,"Long grained rice, early crop, standard grade 2",100,13.7,346,1449,9.5,1.0,75.1,0.5,0,0.7,0,0,0,0.20,0.09,3.00,0,—,—,—,—,6,192,171,0.8,79,1.0,1.89,1.82,0.55,1.84,福州
谷类及其制品-稻米,012207,早籼（特等）,"Long grained rice, early crop, special grade",100,12.9,347,1453,9.1,0.6,76.7,0.7,0,0.7,0,0,0,0.13,0.03,1.60,0,—,—,—,—,6,141,108,1.3,42,0.9,1.54,2.07,0.40,1.30,—
谷类及其制品-稻米,012208,晚籼（标一）,"Long grained rice, late crop, standard grade 1",100,13.5,346,1448,7.9,0.7,77.3,0.5,0,0.6,0,0,0,0.17,0.05,1.70,0,0.22,0.06,0.16,Tr,9,140,112,1.5,53,1.2,1.52,2.83,0.16,1.11,—
谷类及其制品-稻米,012209,晚籼（标二）,"Long grained rice, late crop, standard grade 2",100,14.2,344,1438,8.6,0.8,75.7,0.4,0,0.7,0,0,0,0.18,0.06,2.60,0,—,—,—,—,6,141,146,0.9,60,2.8,1.89,2.26,0.20,1.05,福州
谷类及其制品-稻米,012210,晚籼（特等）,"Long grained rice, late crop, special grade",100,14.0,342,1432,8.1,0.3,76.9,0.2,0,0.7,0,0,0,0.09,0.10,1.50,0,—,—,—,—,6,104,107,0.8,28,0.7,1.50,1.56,0.23,0.89,福州
谷类及其制品-稻米,012211,籼稻（红）,"Long grained rice, red, unhulled",64,13.4,348,1454,7.0,2.0,76.4,2.0,0,1.2,0,0,0,0.15,0.03,5.10,0,0.19,0.19,Tr,Tr,—,—,220,22.0,—,5.5,3.29,3.12,0.35,3.20,江西
谷类及其制品-稻米,012212,黑米,"Long grained rice, purple",100,14.3,341,1427,9.4,2.5,72.2,3.9,0,1.6,—,—,0,0.33,0.13,7.90,0,0.22,Tr,0.22,Tr,12,356,256,7.1,147,1.6,3.80,3.20,0.15,1.72,—
谷类及其制品-稻米,012213,香米,"Long grained rice, fragrant",100,12.9,347,1453,12.7,0.9,72.4,0.6,0,1.1,0,0,0,—,0.08,2.60,0,0.70,0.39,0.11,0.20,8,106,49,21.5,12,5.1,0.69,4.60,0.52,1.75,山东
谷类及其制品-稻米,012214,籼米,"Rice, long grain, moderately refined, raw",100,13.1,340,1441,7.5,1.1,78.0,—,0,0.3,0,0,0,0.07,0.02,0.94,0,Tr,Tr,Tr,Tr,12,112,109,1.7,28,0.1,0.15,2.76,0.01,0.02,—
谷类及其制品-稻米,012215,香米,"Rice, long grain, fragrant, refined, raw",100,13.5,342,1450,8.4,0.7,77.2,—,0,0.2,0,0,0,0.03,0.02,0.42,0,Tr,Tr,Tr,Tr,3,58,112,1.8,7,0.2,1.85,4.09,0.13,0.80,泰国
谷类及其制品-稻米,012216,糙米,brown rice,100,13.4,348,1475,7.7,2.7,75,3.4,0,1.2,Tr,Tr,0,0.38,0.04,—,0,1.32,1.09,0.23,0,10,304,230,5.4,123,1.8,1.79,—,0.24,3.04,河南
谷类及其制品-稻米,012301,糯米［江米］,"Glutinous rice, regular grade",100,12.6,350,1464,7.3,1.0,78.3,0.8,0,0.8,0,0,0,0.11,0.04,2.30,0,1.29,0.87,0.42,Tr,26,113,137,1.5,49,1.4,1.54,2.71,0.25,1.54,—
谷类及其制品-稻米,012302,优糯米,"Glutinous rice, special grade",100,14.2,345,1443,9.0,1.0,75.3,0.6,0,0.5,0,0,0,0.10,0.03,1.90,0,0.93,0.39,0.54,Tr,8,48,136,1.2,50,0.8,1.20,2.80,0.25,0.86,广东
谷类及其制品-稻米,012303,早糯谷,"Glutinous rice, early crop, unhulled",64,11.3,360,1505,7.1,3.2,77.0,2.8,0,1.4,3,40,0,0.19,0.04,0.70,0,0.13,—,—,—,19,297,—,4.1,149,3.0,4.92,1.98,0.53,—,江西
谷类及其制品-稻米,012304,紫红糯米［血糯米］,"Glutinous rice, purple",100,13.8,346,1448,8.3,1.7,75.1,1.4,0,1.1,—,—,0,0.31,0.12,4.20,0,1.36,0.94,0.29,0.13,13,183,219,4.0,16,3.9,2.16,2.88,0.29,2.37,上海
谷类及其制品-稻米,012305,粳糯米,"Glutinous rice, round grained",100,13.8,344,1440,7.9,0.8,76.7,0.7,0,0.8,0,0,0,0.20,0.05,1.70,0,0.08,0.08,Tr,Tr,21,94,125,2.8,42,1.9,1.77,3.30,0.24,1.56,—
谷类及其制品-稻米,012306,籼糯米,"Glutinous rice, long grained",100,12.3,352,1475,7.9,1.1,78.0,0.5,0,0.7,0,0,0,0.19,0.04,2.30,0,—,—,—,—,14,82,132,1.9,52,1.8,1.52,2.40,0.17,1.31,浙江
谷类及其制品-稻米,012401x,米饭（蒸，代表值）,"Rice, steamed",100,70.9,116,486,2.6,0.3,25.9,0.3,0,0.3,0,0,0,0.02,0.03,1.90,0,—,—,—,—,7,62,30,2.5,15,1.3,0.92,0.40,0.06,0.58,—
谷类及其制品-稻米,012402,粳米饭（蒸）,"Round grained rice, steamed",100,70.6,118,492,2.6,0.3,26.2,0.2,0,0.3,0,0,0,Tr,0.03,2.00,0,—,—,—,—,7,62,39,3.3,20,2.2,1.36,0.40,0.08,0.85,北京
谷类及其制品-稻米,012404,粳米粥,"Round grained rice, porridge",100,88.6,46,195,1.1,0.3,9.9,0.1,0,0.1,0,0,0,Tr,0.03,0.20,0,—,—,—,—,7,20,13,2.8,7,0.1,0.20,0.20,0.03,0.20,北京
谷类及其制品-稻米,012405,籼米粉［排米粉］,"Long grained rice noodle, dried",100,10.7,356,1489,7.4,0.1,81.5,0.3,0,0.3,0,0,0,0.02,0.02,0.60,0,—,—,—,—,6,62,14,16.3,16,3.2,0.80,7.48,0.30,0.60,广东
谷类及其制品-稻米,012406,籼米粉（干，细）,"Long grained rice noodle, dried and thin",100,12.3,346,1447,8.0,0.1,78.3,0.1,0,1.3,0,0,0,0.03,—,0.20,0,—,—,—,—,—,53,43,5.9,23,1.4,2.27,3.44,0.09,0.63,福建
谷类及其制品-稻米,012407,高蛋白豆米粉（籼米）,"Long grained rice flour, high-protein, soybean flour enriched",100,2.0,414,1732,16.5,7.1,71.0,—,0,3.4,0,0,0,1.10,0.68,—,0,—,—,—,—,—,—,—,—,—,—,—,—,—,—,西安
谷类及其制品-稻米,012408,籼米饭（蒸）,"Rice, long grain, moderately refined, steamed",100,70.1,117,497,3.0,0.4,26.4,—,0,0.1,0,0,0,0.01,0.01,1.70,0,Tr,Tr,Tr,Tr,6,15,21,1.7,10,0.1,0.14,1.13,0.01,0.02,—
谷类及其制品-稻米,012409,籼米粥,"Rice porridge, long grain, moderately refined, boiled",100,85.0,59,251,1.3,0.2,13.4,—,0,0.1,0,0,0,Tr,Tr,—,0,Tr,Tr,Tr,Tr,7,20,13,2.8,7,0.1,0.12,0.74,0.01,0.01,—
谷类及其制品-稻米,012410,米粉,"Rice noodle, dried, raw",100,12.7,349,1481,0.4,0.8,85.8,—,0,0.3,Tr,0,0,0.01,0.01,—,0,Tr,Tr,Tr,Tr,11,45,19,52.2,6,2.4,0.36,0.45,0.00,0.08,广东
谷类及其制品-稻米,012411,河粉,"Rice noodle, flattened, dried, raw",100,11.2,359,1522,7.7,1.5,79.2,—,0,0.4,Tr,0,0,0.02,0.02,—,0,0.23,Tr,0.23,Tr,51,105,83,8.2,23,1.0,1.57,4.19,0.24,0.71,广东
鱼虾蟹贝类-其他,129001,海参,"Sea cucumber, fresh",100,77.1,78,330,16.5,0.2,2.5,0.0,51,3.7,Tr,—,Tr,0.03,0.04,0.10,Tr,3.14,2.37,0.77,Tr,285,28,43,502.9,149,13.2,0.63,63.93,0.05,0.76,山东
鱼虾蟹贝类-其他,129002,海参（干）,"Sea cucumber, dried",93,18.9,262,1108,50.2,4.8,4.5,0.0,62,21.6,39,—,39,0.04,0.13,1.30,Tr,—,—,—,—,—,94,356,4968.0,1047,9.0,2.24,150.00,0.27,0.43,
鱼虾蟹贝类-其他,129003,海参（水浸）,"Sea cucumber, soaked in water",100,93.5,25,106,6.0,0.1,0.0,0.0,50,0.5,11,—,11,Tr,0.03,0.30,Tr,—,—,—,—,240,10,41,80.9,31,0.6,0.27,5.79,Tr,0.04,
鱼虾蟹贝类-其他,129004,海蜇皮,"Jellyfish, bell",100,76.5,33,139,3.7,0.3,3.8,0.0,8,15.7,—,—,—,0.03,0.05,0.20,Tr,2.13,0.25,1.81,0.07,150,30,160,325.0,124,4.8,0.55,15.54,0.12,0.44,
鱼虾蟹贝类-其他,129005,海蜇头,"Jellyfish, arm",100,69.0,74,314,6.0,0.3,11.8,0.0,10,12.9,14,—,14,0.07,0.04,0.30,Tr,2.82,2.17,0.65,Tr,120,22,331,467.7,114,5.1,0.42,16.60,0.21,1.76,
鱼虾蟹贝类-其他,129006,墨鱼（鲜，曼氏无针乌贼）,"Cuttlefish, fresh",69,79.2,83,350,15.2,0.9,3.4,0.0,226,1.3,Tr,—,Tr,0.02,0.04,1.80,Tr,1.49,1.49,Tr,Tr,15,165,400,165.5,39,1.0,1.34,37.52,0.69,0.10,
鱼虾蟹贝类-其他,129007,墨鱼（干，曼氏无针乌贼）,"Cuttlefish, dried",82,24.8,287,1216,65.3,1.9,2.1,0.0,316,5.9,Tr,—,Tr,0.02,0.05,3.60,Tr,6.73,6.73,Tr,Tr,82,413,1261,1744.0,359,23.9,10.02,104.40,4.20,0.20,福建
鱼虾蟹贝类-其他,129008,鱿鱼（鲜，中国枪乌贼）［枪乌贼］,"Squid, fresh",97,80.4,84,355,17.4,1.6,0.0,0.0,268,1.1,35,—,35,0.02,0.06,1.60,Tr,1.68,1.68,Tr,Tr,44,19,290,110.0,42,0.9,2.38,38.18,0.45,0.08,
鱼虾蟹贝类-其他,129009,鱿鱼（干，中国枪乌贼）,"Squid, dried",98,21.8,313,1323,60.0,4.6,7.8,0.0,871,5.8,—,—,—,0.02,0.13,4.90,Tr,9.72,9.72,Tr,Tr,87,392,1131,965.3,192,4.1,11.24,156.12,1.07,0.18,
鱼虾蟹贝类-其他,129010,鱿鱼（水浸）,"Squid, soaked in water",98,81.4,75,319,17.0,0.8,0.0,0.0,—,0.8,16,—,16,Tr,0.03,—,Tr,0.94,0.94,Tr,Tr,43,60,16,134.7,61,0.5,1.36,13.65,0.20,0.06,
鱼虾蟹贝类-其他,129011,乌鱼蛋,Cuttlefish roe,73,85.3,66,280,14.1,1.1,0.0,0.0,243,0.9,—,—,Tr,0.01,0.04,2.00,Tr,10.54,9.04,1.27,0.23,11,99,201,126.8,21,0.3,1.27,37.97,0.22,0.04,山东
鱼虾蟹贝类-其他,129012,章鱼（章鱼肉）［八爪鱼］,Octopus ocellatus,100,86.4,52,219,10.6,0.4,1.4,0.0,114,1.2,7,—,7,0.07,0.13,1.40,Tr,0.16,0.16,Tr,Tr,22,106,157,288.1,42,1.4,5.18,41.86,9.00,0.40,福建
鱼虾蟹贝类-其他,129013,章鱼［八爪鱼］,"Octopus, Octopodidae",78,65.4,135,574,18.9,0.4,14.0,0.0,—,1.3,Tr,—,Tr,0.04,0.06,5.40,Tr,1.34,1.34,Tr,Tr,21,63,447,65.4,50,0.6,0.68,27.30,0.24,—,青岛
鱼虾蟹贝类-其他,129014,甲鱼蛋,,100,75.2,128,534,12.5,7.3,3.0,0.0,—,2.0,73,—,73,1.05,1.58,0.03,Tr,3.60,—,—,—,103,268,156,103.9,11,1.3,0.97,35.23,0.05,0.02,北京
鱼虾蟹贝类-其他,129015,乌龟（龟板）,,28,38.6,466,1927,9.9,44.4,6.8,0.0,225,0.3,—,—,—,—,—,—,Tr,1.16,1.15,Tr,0.01,10,80,26,70.9,8,1.4,0.89,0.03,—,0.24,
鱼虾蟹贝类-其他,129016,乌龟（肉）,,100,63.2,250,1034,14.5,21.1,0.4,0.0,69,0.8,—,—,—,—,—,—,Tr,1.07,1.06,Tr,0.01,8,152,114,87.0,16,1.6,1.94,0.03,—,0.37,
鱼虾蟹贝类-其他,129017,金鲨鱼翅（干）,,100,12.0,350,1487,84.1,0.5,2.3,0.0,—,1.1,Tr,—,Tr,0.01,0.02,Tr,Tr,Tr,Tr,Tr,Tr,252,115,226,79.6,17,5.1,2.25,72.46,0.04,0.09,广东
鱼虾蟹贝类-其他,129018,鱼翅（干）,,100,25.3,362,1538,88.4,0.9,0.0,—,—,1.9,—,—,—,Tr,0.01,—,Tr,—,—,—,—,557,199,134,533.0,75,8.7,1.89,—,0.13,0.38,
鱼虾蟹贝类-其他,129019,棘参（鲜）,,53,91.7,21,91,4.1,0.0,1.2,—,—,3.0,—,—,—,0.02,0.00,—,—,—,—,—,—,146,31,75,895.5,131,2.0,0.25,—,0.02,0.16,
鱼虾蟹贝类-其他,129020,海参（干）,,100,10.7,302,1283,64.0,0.9,9.5,—,—,14.9,—,—,—,0.10,0.27,—,—,—,—,—,—,1483,240,257,3643.0,785,37.6,2.90,—,0.10,0.58,
鱼虾蟹贝类-其他,129021,梅花参（泡发）,,100,80.9,73,309,11.7,0.9,4.5,0.0,2.25,2.0,1,—,1,0.01,0.04,Tr,,0.36,0.20,0.10,0.06,396,22,4,217.0,140,2.8,0.66,106.00,0.05,0.17,三沙
鱼虾蟹贝类-其他,129022,墨鱼（干）,,85,17.2,313,1329,71.6,1.1,4.2,0.0,661,5.9,4,—,4,0.01,0.07,6.97,,1.66,1.41,0.03,0.22,39,966,2020,841.0,235,2.5,6.37,112.00,0.50,0.07,三沙
鱼虾蟹贝类-其他,129301,墨鱼圈,,100,84.8,72,302,13.0,2.2,0.0,0.0,157,0.9,8,—,8,0.05,0.05,—,—,1.27,0.86,0.41,Tr,9,163,159,93.7,20,0.6,2.56,24.30,0.54,0.04,浙江
鱼虾蟹贝类-其他,129302,墨鱼丸,,100,71.0,128,538,13.4,4.7,8.0,4.0,32,2.9,4,—,4,0.01,0.03,0.86,—,0.50,0.50,Tr,Tr,24,120,275,825.2,6,0.9,0.98,13.39,0.14,0.09,
鱼虾蟹贝类-虾,122101,白米虾［水虾米］,*White rice* shrimp,57,77.3,81,343,17.3,0.4,2.0,0.0,103,3.0,54,—,54,0.05,0.03,—,Tr,3.34,0.01,0.12,3.21,403,267,255,90.7,26,2.1,2.03,—,0.99,0.25,合肥
鱼虾蟹贝类-虾,122102,斑节对虾［草虾］,Giant tiger prawn,59,73.6,103,438,18.6,0.8,5.4,0.0,148,1.6,48,400,15,Tr,—,2.40,Tr,1.64,1.64,Tr,Tr,59,275,363,168.8,63,2.0,1.78,28.39,1.48,0.22,福建
鱼虾蟹贝类-虾,122103,长毛对虾［大虾、白露虾］,*Long feeler* prawn,65,76.4,90,380,18.5,0.4,3.0,0.0,136,1.7,45,400,12,0.03,0.06,3.10,Tr,3.52,3.52,Tr,Tr,36,241,386,208.8,47,2.9,1.55,9.11,0.62,0.12,福建
鱼虾蟹贝类-虾,122104,蝲蛄［刺蛄、大头虾］,Procambarus clarkia,14,81.2,77,324,16.0,1.4,0.0,0.0,98,1.4,—,—,—,0.03,0.18,3.00,Tr,—,—,—,—,—,283,181,86.8,21,14.5,0.56,—,0.91,—,武汉
鱼虾蟹贝类-虾,122105,东方对虾［中国对虾］,Chinese white shrimp,67,78.0,84,357,18.3,0.5,1.6,0.0,183,1.6,52,420,17,0.02,0.11,0.90,Tr,3.92,3.92,Tr,Tr,35,253,217,133.6,37,1.0,1.14,19.10,0.50,0.08,福建
鱼虾蟹贝类-虾,122106,对虾,Penaeid shrimp,61,76.5,93,393,18.6,0.8,2.8,0.0,193,1.3,15,—,15,0.01,0.07,1.70,Tr,0.62,0.50,0.09,0.03,62,228,215,165.2,43,1.5,2.38,33.72,0.34,0.12,
鱼虾蟹贝类-虾,122107,海虾,"Shrimp, marine",51,79.3,79,333,16.8,0.6,1.5,0.0,117,1.8,Tr,—,Tr,0.01,0.05,1.90,Tr,2.79,0.33,2.38,0.08,146,196,228,302.2,46,3.0,1.44,56.41,0.44,0.11,
鱼虾蟹贝类-虾,122108,河虾,"Shrimp, freshwater",86,78.1,87,368,16.4,2.4,0.0,0.0,240,3.9,48,—,48,0.04,0.03,Tr,Tr,5.33,0.06,0.43,4.84,325,186,329,133.8,60,4.0,2.24,29.65,0.64,0.27,
鱼虾蟹贝类-虾,122109,基围虾,"Sand shrimp, greasyback shrimp",60,75.2,101,428,18.2,1.4,3.9,0.0,181,1.3,—,—,Tr,0.02,0.07,2.90,Tr,1.69,1.40,0.29,Tr,83,139,250,172.0,45,2.0,1.18,39.70,0.50,0.05,广东
鱼虾蟹贝类-虾,122110,江虾［沼虾］,"Shrimp, freshwater",100,77.0,87,367,10.3,0.9,9.3,0.0,116,2.5,102,—,102,0.04,0.12,2.20,Tr,11.30,10.68,0.62,Tr,78,293,683,—,131,8.8,2.71,17.70,3.46,1.21,哈尔滨
鱼虾蟹贝类-虾,122111,龙虾,Lobster,46,77.6,90,379,18.9,1.1,1.0,0.0,121,1.4,Tr,—,Tr,—,0.03,4.30,Tr,3.58,3.55,0.03,Tr,21,221,257,190.0,22,1.3,2.79,39.36,0.54,Tr,北京
鱼虾蟹贝类-虾,122112,明虾,"Prawn, freshwater",57,79.8,85,359,13.4,1.8,3.8,0.0,273,1.2,Tr,—,Tr,0.01,0.04,4.00,Tr,1.55,0.50,0.93,0.12,75,189,238,119.0,31,0.6,3.59,25.48,0.09,0.02,山东
鱼虾蟹贝类-虾,122113,塘水虾［草虾］,"Shrimp, small, freshwater",57,74.0,96,405,21.2,1.2,0.0,0.0,264,3.6,44,—,44,0.05,0.03,—,Tr,4.82,Tr,0.03,4.79,403,233,250,109.0,26,3.4,2.54,—,2.04,0.21,合肥
鱼虾蟹贝类-虾,122114,虾虎,Mantis shrimp,32,80.6,81,342,11.6,1.7,4.8,0.0,177,1.3,—,—,Tr,0.04,0.04,0.90,Tr,3.18,3.18,Tr,Tr,22,206,132,136.6,32,1.7,3.31,46.55,2.99,0.11,青岛
鱼虾蟹贝类-虾,122116,螯虾,"Crawfish, Procambarus clarkia",31,80.1,93,392,14.8,3.8,0.0,0.0,—,1.3,—,—,—,0.02,0.18,2.70,Tr,4.31,4.12,0.14,0.05,85,228,550,225.2,2,6.4,1.45,7.90,1.07,3.25,上海
鱼虾蟹贝类-虾,122117,北极虾,,85,63.9,132,560,14.9,1.2,15.4,0.0,161,4.6,—,—,—,—,—,—,Tr,—,—,—,—,—,—,244,566.7,—,1.4,1.28,—,—,—,天津
鱼虾蟹贝类-虾,122118,九节虾（鲜）,,61,76.0,90,381,21.4,0.1,0.8,0.0,50,1.7,—,—,—,—,—,—,Tr,0.84,0.84,Tr,Tr,12,249,396,243.5,47,2.7,1.54,1.18,—,0.01,福建
鱼虾蟹贝类-虾,122119,口虾蛄［皮皮虾］,,28,79.7,82,345,14.8,1.7,1.8,0.0,98,2.0,—,—,—,—,—,—,Tr,2.16,2.16,Tr,Tr,6,245,246,556.1,28,2.5,2.40,Tr,—,1.20,浙江
鱼虾蟹贝类-虾,122120,罗氏沼虾,,40,78.0,91,380,20.6,0.8,Tr,0.0,174,1.2,—,—,—,—,—,—,Tr,3.17,2.91,0.34,Tr,5,232,318,122.3,22,1.0,1.09,Tr,—,0.44,上海
鱼虾蟹贝类-虾,122121,南美白对虾,,56,78.2,83,351,19.4,0.2,0.8,0.0,175,1.4,—,—,—,—,—,—,Tr,16.87,9.40,7.47,Tr,7,306,309,70.5,1,0.2,0.64,0.25,—,Tr,江苏
鱼虾蟹贝类-虾,122122,青虾,,57,73.8,100,423,23.8,0.4,0.2,0.0,140,1.8,—,—,—,—,—,—,Tr,1.06,1.06,Tr,Tr,28,312,260,277.1,55,0.4,0.91,0.02,—,0.62,
鱼虾蟹贝类-虾,122123,琼海虾,,100,84.3,56,234,8.9,1.8,0.9,0.0,406,4.1,—,—,—,—,—,—,Tr,—,—,—,—,—,311,224,107.7,15,0.4,2.22,0.19,—,4.14,四川
鱼虾蟹贝类-虾,122201,虾米［海米、虾仁］,"Shrimp, small to medium, dried",100,37.4,198,839,43.7,2.6,0.0,0.0,525,17.0,21,—,21,0.01,0.12,5.00,Tr,1.46,1.46,Tr,Tr,555,666,550,4891.9,236,11.0,3.82,75.40,2.33,0.77,
鱼虾蟹贝类-虾,122202,虾脑酱,Shrimp head paste,100,58.4,100,418,15.2,4.3,0.0,0.0,249,22.1,Tr,—,Tr,—,0.29,3.80,Tr,1.78,1.52,0.26,Tr,667,146,111,1790.0,53,8.7,3.65,21.45,1.60,0.87,青岛
鱼虾蟹贝类-虾,122203,虾酱,,100,72.3,112,465,10.8,7.6,0.0,0.0,—,14.3,65,—,65,0.05,0.14,0.76,Tr,3.96,1.22,1.80,0.94,308,177,196,4584.6,25,11.6,1.52,31.94,0.35,0.57,山东
鱼虾蟹贝类-虾,122204,虾仁（红）,,100,87.8,48,203,10.4,0.7,0.0,0.0,—,1.1,Tr,—,Tr,0.01,0.02,Tr,Tr,0.70,0.70,Tr,Tr,23,157,98,272.1,9,0.6,0.62,10.86,0.07,0.05,浙江
鱼虾蟹贝类-虾,122205,虾皮,,100,42.4,153,646,30.7,2.2,2.5,0.0,428,22.2,19,—,19,0.02,0.14,3.10,Tr,0.92,0.42,0.50,Tr,991,582,617,5057.7,265,6.7,1.93,74.43,1.08,0.82,
鱼虾蟹贝类-虾,122206,虾仁,,100,48.7,199,847,20.8,0.6,27.7,0.0,195,2.2,—,—,—,—,—,—,Tr,—,—,—,—,81,—,301,272.6,—,0.4,1.28,—,—,—,天津
鱼虾蟹贝类-虾,122301,虾仁肉丸,,100,70.0,152,636,4.6,7.4,16.7,0.0,17,1.3,4,—,—,0.08,0.04,2.40,Tr,—,—,—,—,7,31,58,429.0,10,0.7,0.50,—,—,—,台北
鱼虾蟹贝类-蟹,123001,海蟹,"Crab, marine",55,77.1,95,400,13.8,2.3,4.7,0.0,125,2.1,30,—,30,0.01,0.10,2.50,Tr,2.99,0.96,2.03,Tr,208,142,232,260.0,47,1.6,3.32,82.65,1.67,0.18,
鱼虾蟹贝类-蟹,123002,河蟹,"Crab, freshwater",42,75.8,103,433,17.5,2.6,2.3,0.0,267,1.8,389,—,389,0.06,0.28,1.70,Tr,6.09,5.79,0.30,Tr,126,182,181,193.5,23,2.9,3.68,56.72,2.97,0.42,
鱼虾蟹贝类-蟹,123003,锯缘青蟹［青蟹］,"Mangrove crab, mud crab",43,79.8,80,336,14.6,1.6,1.7,0.0,119,2.3,202,2400,2,0.02,0.39,2.30,Tr,2.79,2.79,Tr,Tr,228,262,206,192.9,42,0.9,4.34,75.90,2.84,0.17,福建
鱼虾蟹贝类-蟹,123004,梭子蟹,Blue crab,49,77.5,95,400,15.9,3.1,0.9,0.0,142,2.6,121,—,121,0.03,0.30,1.90,Tr,4.56,4.56,Tr,Tr,280,152,208,481.4,65,2.5,5.50,90.96,1.25,0.26,
鱼虾蟹贝类-蟹,123005,蟹肉,Crab meat,100,84.4,62,260,11.6,1.2,1.1,0.0,65,1.7,—,—,Tr,0.03,0.09,4.30,Tr,2.91,2.91,Tr,Tr,231,159,214,270.0,41,1.8,2.15,33.30,1.33,0.31,广东
鱼虾蟹贝类-蟹,123006,海蟹（小）,,42,79.2,81,343,14.2,1.1,3.6,0.0,40,1.9,Tr,0,Tr,0.03,0.10,1.46,Tr,0.58,0.58,Tr,Tr,—,293,370,321.5,238,1.1,3.15,25.60,0.40,0.69,浙江
鱼虾蟹贝类-蟹,123007,锯缘青蟹（公，鲜）,,42,71.8,126,529,16.7,5.2,3.1,0.0,104,3.2,—,—,—,—,—,—,Tr,3.62,3.43,0.11,0.07,179,360,156,240.4,63,11.3,4.67,Tr,—,0.73,福建
鱼虾蟹贝类-蟹,123008,锯缘青蟹（母，鲜）,,44,69.0,155,648,17.3,7.5,4.5,0.0,124,1.7,—,—,—,—,—,—,Tr,3.47,0.10,0.11,0.10,199,290,138,191.8,46,19.9,9.77,1.46,—,0.05,福建
鱼虾蟹贝类-蟹,123009,大闸蟹（母）,,36,69.3,156,652,21.0,7.7,0.6,0.0,62,1.4,—,—,—,—,—,—,Tr,6.05,3.49,2.39,0.17,15,231,224,187.8,4,3.2,3.43,0.12,—,2.07,江苏
鱼虾蟹贝类-蟹,123010,海蟹（公）,,25,77.0,85,359,18.0,0.3,2.5,0.0,90,2.2,—,—,—,—,—,—,Tr,23.34,19.88,3.46,Tr,42,290,309,366.7,52,0.6,3.06,0.66,—,0.02,江苏
鱼虾蟹贝类-蟹,123011,海蟹（母）,,27,81.9,64,272,14.2,0.3,1.2,0.0,9,2.5,—,—,—,—,—,—,Tr,2.20,2.20,Tr,Tr,107,161,241,324.1,46,0.3,1.93,0.68,—,Tr,江苏
鱼虾蟹贝类-蟹,123301,蟹足棒,,100,67.4,123,524,9.0,0.6,20.5,0.0,17,2.6,5,—,5,Tr,0.04,Tr,Tr,0.63,0.24,0.39,Tr,144,117,164,1242.0,10,0.6,0.72,7.56,0.08,0.27,浙江
鱼虾蟹贝类-蟹,123302,蟹膏（大闸蟹，蒸）,,100,68.8,167,699,15.4,9.8,4.4,0.0,86,1.6,—,—,—,—,—,—,Tr,7.24,5.60,1.64,Tr,13,224,181,386.3,26,37.3,2.62,1.00,—,3.04,上海
鱼虾蟹贝类-蟹,123303,蟹肉（大闸蟹，公，蒸）,,100,71.0,128,537,24.2,3.4,Tr,0.0,89,1.9,—,—,—,—,—,—,Tr,6.90,6.14,0.76,Tr,28,225,312,—,36,30.2,5.31,Tr,—,0.70,上海
鱼虾蟹贝类-蟹,123304,蟹黄（大闸蟹，蒸）,,100,56.3,255,1065,24.0,17.2,1.2,0.0,252,1.3,—,—,—,—,—,—,Tr,23.12,19.78,3.34,Tr,5,463,128,224.3,40,26.6,3.79,Tr,—,1.00,上海
鱼虾蟹贝类-蟹,123305,蟹肉（大闸蟹，母，蒸）,,100,70.5,131,552,22.4,4.2,0.9,0.0,86,2.0,—,—,—,—,—,—,Tr,3.12,2.40,0.72,Tr,74,238,285,238.6,46,33.4,4.95,Tr,—,0.98,上海
鱼虾蟹贝类-蟹,123306,梭子蟹（公，蒸）,,28,80.0,79,330,19.0,0.2,Tr,0.0,80,2.0,—,—,—,—,—,—,Tr,2.23,2.23,Tr,Tr,24,287,234,281.4,42,0.5,2.79,Tr,—,0.64,浙江
鱼虾蟹贝类-蟹,123307,梭子蟹（母，蒸）,,21,79.4,101,424,24.1,0.4,Tr,0.0,110,2.1,—,—,—,—,—,—,Tr,3.43,3.43,Tr,Tr,16,206,234,394.4,30,0.6,2.86,Tr,—,0.60,浙江
鱼虾蟹贝类-贝,124101,鲍鱼［杂色鲍］,Abalone,65,77.5,84,356,12.6,0.8,6.6,0.0,242,2.5,24,—,24,0.01,0.16,0.20,Tr,2.20,0.44,0.61,1.15,266,77,136,2011.7,59,22.6,1.75,21.38,0.72,0.40,山东
鱼虾蟹贝类-贝,124102,鲍鱼（干）,Abalone，dried,100,18.3,322,1360,54.1,5.6,13.7,0.0,—,8.3,28,—,28,0.02,0.13,7.20,Tr,0.85,0.85,Tr,Tr,143,251,366,2316.2,352,6.8,1.68,66.60,0.45,0.32,北京
鱼虾蟹贝类-贝,124103,蛏子,Razor clam,57,88.4,40,171,7.3,0.3,2.1,0.0,131,1.9,59,—,59,0.02,0.12,1.20,Tr,0.59,0.59,Tr,Tr,134,114,140,175.9,35,33.6,2.01,55.14,0.38,1.93,
鱼虾蟹贝类-贝,124104,蛏干［蛏子缢、蛏青子］,Razor clam，dried,100,12.2,340,1438,46.5,4.9,27.4,0.0,469,9.0,20,—,20,0.07,0.31,5.10,Tr,0.41,0.41,Tr,Tr,107,791,586,1175.0,303,88.8,13.63,121.20,2.05,7.80,福建
鱼虾蟹贝类-贝,124105,赤贝,Arkshell clam,34,84.9,61,259,13.9,0.6,0.0,0.0,144,1.5,Tr,—,Tr,—,0.10,0.20,Tr,13.22,4.21,9.01,Tr,35,118,153,266.1,45,4.8,11.58,59.97,0.40,0.60,山东
鱼虾蟹贝类-贝,124106,河蚌,Swan mussel,43,85.3,54,227,10.9,0.8,0.7,0.0,103,2.3,243,—,243,0.01,0.18,0.70,Tr,1.36,1.36,Tr,Tr,248,305,17,17.4,16,26.6,6.23,20.24,0.11,59.61,
鱼虾蟹贝类-贝,124107,河蚬［蚬子］,Asian clam,35,88.5,47,200,7.0,1.4,1.7,0.0,257,1.4,37,—,37,0.08,0.13,1.40,Tr,0.38,0.38,Tr,Tr,39,127,25,18.4,10,11.4,1.82,29.79,0.47,0.18,福州
鱼虾蟹贝类-贝,124108,牡蛎［海蛎子］,Oyster,100,82.0,73,307,5.3,2.1,8.2,0.0,100,2.4,27,—,27,0.01,0.13,1.40,Tr,0.81,0.81,Tr,Tr,131,115,200,462.1,65,7.1,9.39,86.64,8.13,0.85,
鱼虾蟹贝类-贝,124109,生蚝,Oyster,100,87.1,57,241,10.9,1.5,0.0,0.0,94,0.5,—,—,Tr,0.04,0.13,1.50,Tr,0.13,0.13,Tr,Tr,35,100,375,270.0,10,5.0,71.20,41.40,11.50,0.30,广东
鱼虾蟹贝类-贝,124110,泥蚶［血蚶、珠蚶］,Blood cockle,30,81.8,71,302,10.0,0.8,6.0,0.0,124,1.4,6,—,6,0.01,0.07,1.10,Tr,13.23,,—,—,59,103,207,354.9,84,11.4,11.59,41.42,0.11,1.25,福建
鱼虾蟹贝类-贝,124111,扇贝（鲜）,Scallop，fresh,35,84.2,60,255,11.1,0.6,2.6,0.0,140,1.5,Tr,—,Tr,Tr,0.10,0.20,Tr,11.85,3.79,8.06,Tr,142,132,122,339.0,39,7.2,11.69,20.22,0.48,0.70,山东
鱼虾蟹贝类-贝,124112,扇贝（干）［干贝］,Scallop，dried,100,27.4,264,1121,55.6,2.4,5.1,0.0,348,9.5,11,—,11,Tr,0.21,2.50,Tr,1.53,1.53,Tr,Tr,77,504,969,306.4,106,5.6,5.05,76.35,0.10,0.43,
鱼虾蟹贝类-贝,124113,鲜贝,Scallop,100,80.3,77,328,15.7,0.5,2.5,0.0,116,1.0,Tr,—,Tr,Tr,0.21,2.50,Tr,1.46,1.46,Tr,Tr,28,166,226,120.0,31,0.7,2.08,57.35,Tr,0.33,
鱼虾蟹贝类-贝,124114,银蚶［蚶子］,Silver cockle,27,82.7,71,298,12.2,1.4,2.3,0.0,89,1.4,—,—,—,Tr,0.06,0.90,Tr,0.55,0.55,Tr,Tr,49,111,76,280.1,59,7.3,1.64,86.30,0.13,0.71,浙江
鱼虾蟹贝类-贝,124115,贻贝（鲜）［淡菜、壳菜］,Mussel，fresh,49,79.9,80,337,11.4,1.7,4.7,0.0,123,2.3,73,—,73,0.12,0.22,1.80,Tr,14.02,9.67,4.35,Tr,63,197,157,451.4,56,6.7,2.47,57.77,0.13,0.41,
鱼虾蟹贝类-贝,124116,贻贝（干）［淡菜、壳菜］,Mussel，dried,100,15.6,355,1498,47.8,9.3,20.1,0.0,493,7.2,36,—,36,0.04,0.32,4.30,Tr,7.35,4.67,2.49,0.19,157,454,264,779.0,169,12.5,6.71,120.47,0.73,1.27,
鱼虾蟹贝类-贝,124117,海蚌［西施舌］,,47,87.7,42,176,9.5,0.3,0.2,0.0,101,2.3,10,—,10,0.00,0.03,Tr,Tr,1.51,1.51,Tr,Tr,63,100,159,793.0,46,3.0,2.34,46.24,0.13,0.10,福建
鱼虾蟹贝类-贝,124118,鲍鱼（皱纹鲍）,,40,79.9,75,319,13.7,0.1,4.8,—,—,1.5,—,—,—,0.06,0.01,—,Tr,—,—,—,—,4,130,207,310.9,46,2.7,0.78,—,0.81,0.03,
鱼虾蟹贝类-贝,124201x,蛤蜊（代表值）,clam,39,84.1,62,260,10.1,1.1,2.8,0.0,156,1.9,21,—,21,0.01,0.13,1.50,Tr,2.41,1.79,0.48,0.14,133,128,140,425.7,78,10.9,2.38,54.31,0.11,0.44,
鱼虾蟹贝类-贝,124202,蛤蜊（花蛤蜊）,Clam，Venus clam,46,87.2,45,191,7.7,0.6,2.2,0.0,63,2.3,23,—,23,Tr,0.13,1.90,Tr,0.51,0.51,Tr,Tr,59,126,235,309.0,82,6.1,1.19,77.10,0.20,0.39,福建
鱼虾蟹贝类-贝,124203,蛤蜊（毛蛤蜊）,Clam，Blood clam,25,75.6,97,413,15.0,1.0,7.1,0.0,113,1.3,—,—,—,0.01,0.14,1.40,Tr,3.54,3.31,0.09,0.14,137,116,164,363.0,87,15.3,2.29,68.30,0.09,0.53,青岛
鱼虾蟹贝类-贝,124204,蛤蜊（秋蛤蜊）,Clam，Autumn surf clam,26,76.4,89,376,15.6,0.7,5.0,0.0,180,2.3,Tr,—,Tr,0.03,0.20,1.80,Tr,17.90,,—,—,177,166,123,492.3,108,22.0,2.69,87.10,0.16,1.03,青岛
鱼虾蟹贝类-贝,124205,蛤蜊（沙蛤蜊）,Clam，Surf clam，marine,50,86.6,56,235,8.9,1.9,0.8,0.0,74,1.8,—,—,Tr,0.01,0.01,1.70,Tr,2.26,2.00,0.26,Tr,111,97,109,577.7,66,6.5,1.64,28.10,0.03,0.14,山东
鱼虾蟹贝类-贝,124206,蛤蜊（杂色蛤蜊）,Clam，Multicolor surf clam，marine,40,87.7,53,221,7.5,2.2,0.7,0.0,106,1.9,—,—,Tr,0.01,0.21,1.50,Tr,3.86,2.72,1.14,Tr,177,161,97,494.6,59,12.7,5.13,40.60,0.11,0.41,山东
鱼虾蟹贝类-贝,124301x,螺（代表值）,Sea snail,41,73.6,100,424,15.7,1.2,6.6,0.0,—,2.9,26,—,26,0.03,0.40,1.80,Tr,7.58,3.70,3.16,0.72,722,118,167,153.3,143,7.0,4.60,37.94,1.05,0.72,
鱼虾蟹贝类-贝,124302,红螺,Red sea snail,55,68.7,119,506,20.2,0.9,7.6,0.0,177,2.6,50,—,50,Tr,0.46,0.20,Tr,20.70,14.23,5.41,1.06,539,152,179,219.6,191,5.3,3.34,74.78,0.05,0.34,山东
鱼虾蟹贝类-贝,124303,黄螺［东风螺］,Spotted babylon,43,70.7,106,450,19.8,1.0,4.5,0.0,167,4.0,2,—,2,0.06,1.02,2.10,Tr,0.33,0.33,Tr,Tr,55,140,297,129.4,32,3.3,2.21,27.52,1.05,0.42,福州
鱼虾蟹贝类-贝,124304,螺蛳,"River snail, mystery snail",37,83.3,59,252,7.5,0.6,6.0,0.0,86,2.6,Tr,—,Tr,Tr,0.28,2.00,Tr,0.43,0.43,Tr,Tr,156,98,75,252.6,178,1.4,10.27,16.95,1.52,1.05,济南
鱼虾蟹贝类-贝,124305,石螺,Stone snail,27,75.2,90,383,12.8,0.7,8.2,0.0,198,3.1,Tr,—,Tr,0.02,0.20,0.70,Tr,1.57,—,—,—,2458,118,21,13.0,147,9.0,6.17,12.46,2.14,0.42,广东
鱼虾蟹贝类-贝,124306,田螺,Rice-paddy field snail，globular，freshwater,26,82.0,60,256,11.0,0.2,3.6,0.0,154,3.2,Tr,—,Tr,0.02,0.19,2.20,Tr,0.75,0.62,0.13,Tr,1030,93,98,26.0,77,19.7,2.71,16.73,0.80,1.26,上海
鱼虾蟹贝类-贝,124307,香海螺,Fragrant sea snail，marine,59,61.6,163,687,22.7,3.5,10.1,0.0,195,2.1,—,—,Tr,—,0.24,3.30,Tr,7.17,2.87,3.93,0.37,91,109,333,278.9,231,3.2,2.89,79.20,0.72,0.84,青岛
鱼虾蟹贝类-贝,124308,海蚌（鲜）,,65,85.5,51,218,6.9,0.2,5.5,0.0,9,1.9,—,—,—,—,—,—,Tr,2.59,1.77,0.71,0.12,86,70,448,810.9,3,18.9,9.30,0.11,—,0.15,福建
鱼虾蟹贝类-贝,124309,海蚌（漳港海蚌，鲜）,,50,83.0,64,269,9.4,0.7,4.9,0.0,14,2.0,—,—,—,—,—,—,Tr,2.76,2.26,0.50,Tr,62,94,491,650.7,29,7.0,17.41,1.30,—,0.13,福建
鱼虾蟹贝类-贝,124310,蛏子（焯）,,52,82.2,67,282,13.5,0.9,1.1,0.0,44,2.3,—,—,—,—,—,—,Tr,0.45,0.45,Tr,Tr,36,265,195,148.4,30,42.2,2.07,1.40,—,Tr,浙江
鱼虾蟹贝类-贝,124311,缢蛏（鲜）,,55,82.6,73,308,8.6,1.8,5.6,0.0,20,1.4,—,—,—,—,—,—,Tr,3.54,0.03,0.41,0.10,64,174,124,133.4,26,21.0,0.72,0.03,—,0.01,福建
鱼虾蟹贝类-贝,124312,牛角江珧蛤（鲜）［长带子］,,59,83.9,49,207,7.1,0.5,4.0,0.0,5,4.5,—,—,—,—,—,—,Tr,4.21,2.47,1.23,0.51,43,86,454,606.1,29,3.2,114.11,0.11,—,0.19,福建
鱼虾蟹贝类-贝,124313,文蛤（鲜）,,31,84.7,56,237,9.2,0.7,3.2,0.0,18,2.2,—,—,—,—,—,—,Tr,5.04,2.90,1.99,0.16,30,90,115,456.0,63,17.7,2.32,2.49,—,0.14,福建
鱼虾蟹贝类-贝,124314,血蚶（鲜）,,31,86.0,51,214,8.2,0.5,3.3,0.0,29,2.0,—,—,—,—,—,—,Tr,3.89,3.07,0.62,0.21,234,78,108,236.3,40,27.3,1.08,1.56,—,0.13,福建
鱼虾蟹贝类-贝,124315,六角螺（鲜）,,7,67.4,118,500,23.5,0.5,4.8,0.0,113,3.8,Tr,—,Tr,0.01,0.10,2.14,Tr,0.39,0.32,0.04,0.03,554,160,372,447.0,51,3.5,1.96,57.00,0.77,0.84,三沙
鱼虾蟹贝类-贝,124316,海螺肉（干）,,100,18.9,295,1254,65.7,0.5,7.0,0.0,191,7.9,Tr,—,Tr,0.02,0.09,6.75,Tr,0.94,0.73,0.05,0.16,276,368,829,1320.0,783,4.5,3.20,42.00,0.96,0.82,三沙
鱼虾蟹贝类-贝,124601,文蛤丸,,100,56.6,211,884,16.2,9.2,15.8,0.0,65,2.3,2,—,—,0.01,0.05,3.79,Tr,—,—,—,—,21,165,226,565.0,23,8.4,1.00,—,—,—,台北
鱼虾蟹贝类-鱼,121101,白条鱼（裸鱼）,Wild carp,59,76.8,103,432,16.6,3.3,1.6,0.0,129,1.7,11,0,11,Tr,0.07,1.90,Tr,0.86,0.82,0.04,—,58,224,331,68.0,13,1.7,3.22,12.00,0.16,0.03,青海
鱼虾蟹贝类-鱼,121102,草鱼,Grass carp,58,77.3,113,475,16.6,5.2,0.0,0.0,86,1.1,11,0,11,0.04,0.11,2.80,Tr,2.03,2.03,Tr,Tr,38,203,312,46.0,31,0.8,0.87,6.66,0.05,0.05,
鱼虾蟹贝类-鱼,121103,赤眼鳟［金目鱼］,Eastern barb，freshwater shark,59,76.5,109,459,18.1,4.1,0.0,0.0,76,1.3,12,0,12,0.02,0.08,4.70,Tr,1.70,1.70,—,—,59,186,291,87.0,2,6.4,0.56,78.76,0.02,0.65,上海
鱼虾蟹贝类-鱼,121104,鳡鱼［猴鱼］,Sheltostsher carp，freshwater,54,76.0,114,477,17.5,4.3,1.2,0.0,58,1.0,11,0,11,0.02,0.07,1.30,Tr,0.66,0.22,0.44,—,139,109,194,158.4,23,0.2,0.54,21.48,0.06,0.03,青岛
鱼虾蟹贝类-鱼,121105,胡子鲇［塘虱（鱼）］,Whiskered catfish，freshwater,50,72.6,146,611,15.4,8.0,3.1,0.0,53,0.9,8,0,8,0.05,0.11,4.30,Tr,0.09,0.09,—,—,18,129,78,45.5,20,0.6,0.86,34.20,0.04,0.02,广东
鱼虾蟹贝类-鱼,121106,黄颡鱼［戈牙鱼、黄鳍鱼］,Yellowhead catfish,52,71.6,124,523,17.8,2.7,7.1,0.0,90,0.8,Tr,0,Tr,0.01,0.06,3.70,Tr,1.48,1.05,0.43,—,59,166,202,250.4,19,6.4,1.48,16.09,0.08,0.10,济南
鱼虾蟹贝类-鱼,121107,黄鳝［鳝鱼］,"Rice eel, swamp eel",67,78.0,89,378,18.0,1.4,1.2,0.0,126,1.4,50,0,50,0.06,0.98,3.70,Tr,1.34,1.34,—,—,42,206,263,70.2,18,2.5,1.97,34.56,0.05,2.22,
鱼虾蟹贝类-鱼,121108,黄鳝丝,"Rice eel, swamp eel, strips",88,83.2,69,291,15.4,0.8,0.0,0.0,77,0.6,—,0,—,0.04,2.08,1.80,Tr,1.10,1.10,—,—,57,81,278,131.0,—,2.8,1.82,36.38,0.02,8.25,上海
鱼虾蟹贝类-鱼,121109,尖嘴白,Silver gar，freshwater,80,68.6,137,578,22.7,3.3,4.1,0.0,73,1.3,Tr,0,Tr,0.05,0.02,—,Tr,0.27,0.02,—,0.25,27,192,375,48.3,14,0.6,1.32,—,0.06,0.04,合肥
鱼虾蟹贝类-鱼,121110,口头鱼,Goldfish carp，freshwater,56,70.3,134,565,19.6,4.2,4.5,0.0,—,1.4,—,0,—,0.01,0.04,2.40,Tr,—,—,—,—,103,247,270,47.7,26,2.0,1.83,—,0.05,—,武汉
鱼虾蟹贝类-鱼,121111,鲤鱼［鲤拐子］,Common carp,54,76.7,109,459,17.6,4.1,0.5,0.0,84,1.1,25,0,25,0.03,0.09,2.70,Tr,1.27,0.35,0.44,0.48,50,204,334,53.7,33,1.0,2.08,15.38,0.06,0.05,
鱼虾蟹贝类-鱼,121112,罗非鱼,Tilapia,55,76.0,98,416,18.4,1.5,2.8,0.0,78,1.3,Tr,0,Tr,0.11,0.17,3.30,Tr,1.91,0.59,1.14,0.18,12,161,289,19.8,36,0.9,0.87,22.60,0.05,0.09,山东
鱼虾蟹贝类-鱼,121113,罗非鱼（莫桑比克）［非洲黑鲫鱼］,Tilapia,53,80.9,77,326,16.0,1.0,1.0,0.0,54,1.1,7,0,7,Tr,0.28,2.50,Tr,0.10,0.10,Tr,Tr,24,150,338,66.8,24,1.1,0.70,—,0.11,0.14,福州
鱼虾蟹贝类-鱼,121114,泥鳅,Oriental loach,60,76.6,96,407,17.9,2.0,1.7,0.0,136,1.8,14,0,14,0.10,0.33,6.20,Tr,0.79,0.25,0.13,0.41,299,302,282,74.8,28,2.9,2.76,35.30,0.09,0.47,
鱼虾蟹贝类-鱼,121115,青鱼［青皮鱼、青鳞鱼、青混］,Black carp,63,73.9,118,497,20.1,4.2,0.0,0.0,108,2.4,42,0,42,0.03,0.07,2.90,Tr,0.81,0.67,0.06,0.08,31,184,325,47.4,32,0.9,0.96,37.69,0.06,0.04,
鱼虾蟹贝类-鱼,121116,乌鳢［黑鱼、乌鱼、生鱼］,Snakehead,57,78.7,85,359,18.5,1.2,0.0,0.0,91,1.6,26,0,26,0.02,0.14,2.50,Tr,0.97,0.97,Tr,Tr,152,232,313,48.8,33,0.7,0.80,24.57,0.05,0.06,
鱼虾蟹贝类-鱼,121117,银鱼［面条鱼］,"Icefish, noodlefish",100,76.2,105,440,17.2,4.0,0.0,0.0,361,2.6,—,0,—,0.03,0.05,0.20,Tr,1.86,0.09,1.77,Tr,46,22,246,8.6,25,0.9,0.16,9.54,—,0.07,青岛
鱼虾蟹贝类-鱼,121118,湟鱼［裸鲤鱼］,Naked carp,56,71.3,124,523,17.1,3.2,6.7,0.0,98,1.7,10,0,10,Tr,0.05,2.80,Tr,1.10,0.65,0.34,0.11,42,229,372,42.0,15,1.2,1.28,24.10,0.19,0.04,青海
鱼虾蟹贝类-鱼,121120,鲇鱼［胡子鲇、鲢胡、旺虾］,Catfish,65,78.0,103,431,17.3,3.7,0.0,0.0,163,1.1,—,0,—,0.03,0.10,2.50,Tr,0.54,0.19,0.13,0.22,42,195,351,49.6,22,2.1,0.53,27.49,0.09,0.03,
鱼虾蟹贝类-鱼,121121,鲒花,Goldfish carp， freshwater,63,76.7,117,491,15.6,6.1,0.0,0.0,34,1.6,—,0,—,0.01,0.25,0.90,Tr,2.15,—,—,—,—,270,—,63.5,—,—,—,24.63,0.02,0.16,哈尔滨
鱼虾蟹贝类-鱼,121122,鲢鱼［白鲢、胖子、连子鱼］,Silver carp,61,77.4,104,436,17.8,3.6,0.0,0.0,99,1.2,20,0,20,0.03,0.07,2.50,Tr,1.23,0.75,Tr,0.48,53,190,277,57.5,23,1.4,1.17,15.68,0.06,0.09,
鱼虾蟹贝类-鱼,121123,鲫鱼［喜头鱼、海附鱼］,Goldfish carp， freshwater,54,75.4,108,455,17.1,2.7,3.8,0.0,130,1.0,17,0,17,0.04,0.09,2.50,Tr,0.68,0.35,0.16,0.17,79,193,290,41.2,41,1.3,1.94,14.31,0.08,0.06,
鱼虾蟹贝类-鱼,121124,鲮鱼［雪鲮］,Mud carp,57,77.7,95,402,18.4,2.1,0.7,0.0,86,1.1,125,0,125,0.01,0.04,3.00,Tr,1.54,1.33,0.21,Tr,31,176,317,40.1,22,0.9,0.83,48.10,0.04,0.02,
鱼虾蟹贝类-鱼,121125,鲮鱼（罐头）,Mud carp， canned,100,27.0,399,1662,30.7,26.9,8.5,0.0,162,6.9,—,0,—,0.04,0.09,2.30,Tr,5.56,—,—,—,598,750,480,2310.0,74,6.1,2.20,8.69,0.09,0.70,广东
鱼虾蟹贝类-鱼,121126,鳊鱼［鲂鱼、武昌鱼］,Bream,59,73.1,135,565,18.3,6.3,1.2,0.0,94,1.1,28,0,28,0.02,0.07,1.70,Tr,0.52,0.52,Tr,Tr,89,188,215,41.1,17,0.7,0.89,11.59,0.07,0.05,
鱼虾蟹贝类-鱼,121127,鳗鲡［鳗鱼、河鳗］,River eel,84,67.1,181,755,18.6,10.8,2.3,0.0,177,1.2,—,0,—,0.02,0.02,3.80,Tr,3.60,2.87,0.26,0.47,42,248,207,58.8,34,1.5,1.15,33.66,0.18,Tr,
鱼虾蟹贝类-鱼,121128,鳙鱼［胖头鱼、摆佳鱼、花鲢鱼］,Bighead carp,61,76.5,100,421,15.3,2.2,4.7,0.0,112,1.3,34,0,34,0.04,0.11,2.80,Tr,2.65,2.65,Tr,Tr,82,180,229,60.6,26,0.8,0.76,19.47,0.07,0.08,
鱼虾蟹贝类-鱼,121129,鳜鱼［桂鱼、花鲫鱼］,Chinese perch,61,74.5,117,494,19.9,4.2,0.0,0.0,124,1.5,12,0,12,0.02,0.07,5.90,Tr,0.87,—,0.09,0.78,63,217,295,68.6,32,1.0,1.07,26.50,0.10,0.03,
鱼虾蟹贝类-鱼,121130,鳟鱼［红鳟鱼］,Rainbow trout,57,77.0,99,416,18.6,2.6,0.2,0.0,102,1.6,206,0,206,0.08,—,—,Tr,3.55,—,—,—,34,374,688,110.0,45,—,4.30,20.40,0.18,0.07,
鱼虾蟹贝类-鱼,121131,草鱼［白鲩、草包鱼］,,58,78.2,96,406,17.7,2.6,0.5,0.0,47,1.0,11,0,11,0.04,0.04,2.48,Tr,2.03,2.03,Tr,Tr,17,152,325,36.0,26,1.3,0.38,11.67,0.01,0.01,天津
鱼虾蟹贝类-鱼,121132,鲢鱼［白鲢、胖子、连子鱼］,,61,82.8,84,355,16.3,2.1,0.0,0.0,38,1.1,20,0,20,0.01,0.05,3.08,Tr,0.30,0.30,Tr,0.48,53,184,277,57.5,23,1.5,0.67,14.43,0.04,0.01,天津
鱼虾蟹贝类-鱼,121133,鲫鱼［喜头鱼、海附鱼］,,54,78.6,89,377,18.0,1.6,0.7,0.0,21,1.1,17,0,17,0.08,0.06,2.38,Tr,0.34,0.34,0.16,0.17,79,157,290,41.2,41,1.3,0.53,22.96,0.01,0.06,天津
鱼虾蟹贝类-鱼,121134,丁桂鱼,,62,64.8,157,663,29.7,4.2,0.2,0.0,87,1.1,—,0,—,—,—,—,Tr,—,—,—,—,81,185,296,124.4,21,2.8,1.54,0.05,—,0.28,四川
鱼虾蟹贝类-鱼,121135,乌鳢（野生）［黑鱼、乌鱼、生鱼］,,71,75.5,105,442,19.9,2.3,1.1,0.0,59,1.2,—,0,—,—,—,—,Tr,2.48,2.45,0.03,Tr,20,191,315,50.0,28,0.4,0.55,0.03,—,Tr,湖北
鱼虾蟹贝类-鱼,121136,花骨鱼,,57,66.8,155,652,25.8,5.6,0.4,0.0,89,1.4,—,0,—,—,—,—,Tr,—,—,—,—,760,163,325,73.2,30,0.6,2.14,0.05,—,0.12,四川
鱼虾蟹贝类-鱼,121137,黄颡鱼［戈牙鱼、黄鳍鱼］,,44,75.2,161,672,17.3,10.2,Tr,0.0,67,0.8,—,0,—,—,—,—,Tr,2.87,2.87,Tr,Tr,Tr,156,235,40.7,16,14.0,0.70,Tr,—,Tr,上海
鱼虾蟹贝类-鱼,121138,回头鱼,,61,78.9,107,449,14.5,5.3,0.4,0.0,34,0.9,—,0,—,—,—,—,Tr,0.20,0.20,Tr,Tr,47,164,175,33.7,20,0.6,0.51,0.02,—,0.02,湖南
鱼虾蟹贝类-鱼,121139,鮰鱼,,64,68.9,143,602,14.8,4.5,10.8,0.0,8,1.0,—,0,—,—,—,—,Tr,0.06,—,0.06,Tr,32,79,288,65.7,25,0.5,0.57,Tr,—,Tr,湖北
鱼虾蟹贝类-鱼,121140,斑鳠［剑骨鱼］,,54,75.8,135,570,16.8,7.3,Tr,0.0,42,1.0,—,0,—,—,—,—,Tr,—,—,—,—,11,173,468,35.1,20,0.6,0.97,0.02,—,0.02,广西
鱼虾蟹贝类-鱼,121141,抗浪鱼,,85,67.6,174,725,16.6,11.0,2.1,0.0,177,2.7,—,0,—,—,—,—,Tr,2.20,2.20,Tr,0.00,564,335,126,71.3,33,0.7,2.17,0.03,—,0.17,
鱼虾蟹贝类-鱼,121142,蓝鳃太阳鱼,,48,78.4,93,393,17.8,2.3,0.3,0.0,63,1.2,—,0,—,—,—,—,Tr,0.94,0.94,Tr,Tr,27,204,264,33.5,23,0.6,0.61,Tr,—,Tr,上海
鱼虾蟹贝类-鱼,121143,钳鱼,,72,58.3,212,889,29.2,10.3,0.7,0.0,58,1.5,—,0,—,—,—,—,Tr,—,—,—,—,65,156,370,70.3,20,0.4,1.17,0.05,—,0.12,四川
鱼虾蟹贝类-鱼,121144,翘嘴红鲌（鲜）,,59,75.1,123,517,18.1,5.6,0.1,0.0,12,1.1,—,0,—,—,—,—,Tr,0.56,0.56,Tr,Tr,30,145,592,49.4,19,0.5,2.73,0.03,—,0.04,福建
鱼虾蟹贝类-鱼,121145,鲥鱼,,48,65.6,189,787,20.8,11.3,0.9,0.0,62,1.4,—,0,—,—,—,—,Tr,0.86,0.86,Tr,Tr,18,275,313,114.4,28,14.0,0.81,Tr,—,Tr,
鱼虾蟹贝类-鱼,121146,鳊鱼［鲂鱼、武昌鱼］,,71,67.6,142,600,27.0,3.5,0.7,0.0,68,1.2,—,0,—,—,—,—,Tr,—,—,—,—,211,231,297,127.9,25,1.6,1.23,0.10,—,0.30,四川
鱼虾蟹贝类-鱼,121147,鲟鱼,,69,75.0,100,424,23.4,0.4,0.6,0.0,46,0.6,—,0,—,—,—,—,Tr,—,—,—,—,31,210,305,167.8,19,1.3,1.28,0.09,—,0.34,四川
鱼虾蟹贝类-鱼,121148,雅鱼,,73,69.6,131,551,26.5,2.7,0.1,0.0,73,1.1,—,0,—,—,—,—,Tr,—,—,—,—,14,201,420,83.8,24,0.8,1.40,0.05,—,0.15,四川
鱼虾蟹贝类-鱼,121149,胭脂鱼（养殖）,,71,58.3,162,687,38.8,0.6,0.4,0.0,70,2.0,—,0,—,—,—,—,Tr,—,—,—,—,139,166,547,83.4,32,0.4,1.38,0.04,—,0.09,四川
鱼虾蟹贝类-鱼,121150,棒棒鱼（雅江冷水鱼）,,49,77.9,118,501,27.1,1.1,Tr,0.0,96,0.9,5,0,5,Tr,0.10,1.44,Tr,0.59,0.49,0.03,0.07,6,189,33,476.0,26,2.1,0.92,2.50,0.06,0.11,西藏
鱼虾蟹贝类-鱼,121151,尖嘴鱼（雅江冷水鱼）,,61,75.1,107,451,17.1,2.2,4.6,0.0,70,1.0,4,0,4,0.01,0.09,3.75,Tr,0.92,0.83,0.03,0.06,10,194,36,167.0,27,1.9,0.76,1.50,0.05,0.05,西藏
鱼虾蟹贝类-鱼,121152,胡子鱼（雅江冷水鱼）,,46,75.9,99,419,17.4,1.3,4.4,0.0,73,1.0,2,0,2,0.01,0.09,2.01,Tr,0.41,0.34,0.02,0.05,11,199,35,376.0,28,2.1,1.01,1.20,0.04,0.07,西藏
鱼虾蟹贝类-鱼,121201,白姑鱼［白米子（鱼）］,White croaker,67,71.5,150,628,19.1,8.2,0.0,0.0,80,1.3,—,0,—,0.02,0.08,3.30,Tr,1.49,0.67,0.67,0.15,23,171,382,152.7,28,0.3,0.84,21.00,0.04,0.02,青岛
鱼虾蟹贝类-鱼,121202,鲹鱼［蓝圆鲹、边鱼］,Round scad,70,72.0,124,522,18.5,3.4,4.8,0.0,78,1.3,1,0,1,0.06,0.11,3.60,Tr,0.49,0.49,Tr,Tr,55,191,215,81.6,30,1.8,0.85,24.89,0.11,0.05,
鱼虾蟹贝类-鱼,121203,带鱼［白带鱼、刀鱼］,Belt fish,76,73.3,127,535,17.7,4.9,3.1,0.0,76,1.0,29,0,29,0.02,0.06,2.80,Tr,0.82,0.82,Tr,Tr,28,191,280,150.1,43,1.2,0.70,36.57,0.08,0.17,
鱼虾蟹贝类-鱼,121204,堤鱼,Japanese anchovy， marine,64,66.9,191,795,17.6,12.8,1.3,0.0,—,1.4,5,0,5,0.19,0.12,6.50,Tr,0.33,0.33,Tr,Tr,15,324,228,65.0,46,2.2,1.20,80.36,0.07,0.03,厦门
鱼虾蟹贝类-鱼,121205,丁香鱼（干）,Anchovy， dried,100,36.3,196,830,37.5,3.1,4.6,0.0,379,18.5,119,0,119,0.01,0.17,2.00,Tr,0.30,0.30,Tr,Tr,590,914,664,4375.0,319,4.3,3.40,41.24,0.35,0.84,福州
鱼虾蟹贝类-鱼,121206,狗母鱼［大头狗母鱼］,Lizardfish,67,76.5,100,420,16.7,2.3,3.0,0.0,71,1.5,11,0,11,0.05,0.10,3.70,Tr,0.07,0.07,Tr,Tr,95,263,194,156.3,51,2.2,1.10,29.48,0.09,0.02,厦门
鱼虾蟹贝类-鱼,121207,海鲫鱼［九九鱼］,Perch,60,64.3,206,857,17.0,13.7,3.6,0.0,70,1.4,—,0,Tr,0.02,0.02,4.30,Tr,1.06,0.30,0.76,Tr,69,193,133,15.8,30,1.9,0.58,28.80,0.19,0.07,山东
鱼虾蟹贝类-鱼,121208,海鳗［鲫勾］,Pike eel,67,74.6,122,513,18.8,5.0,0.5,0.0,71,1.1,22,0,22,0.06,0.07,3.00,Tr,1.70,0.21,0.62,0.87,28,159,266,95.8,27,0.7,0.80,25.85,0.07,0.03,
鱼虾蟹贝类-鱼,121209,红娘鱼［翼红娘鱼］,Gurnards,55,76.1,105,442,18.0,2.8,1.9,0.0,120,1.2,6,0,6,0.03,0.07,4.90,Tr,0.70,0.56,0.14,Tr,160,297,308,163.9,45,1.2,2.99,59.35,0.22,0.13,
鱼虾蟹贝类-鱼,121210,黄姑鱼［黄婆鸡］,"Yellow spotted maigre, marine",63,74.0,137,572,18.4,7.0,0.0,0.0,166,1.4,Tr,0,Tr,0.04,0.09,3.60,Tr,1.09,0.31,0.78,Tr,94,196,282,101.9,29,0.9,0.61,63.60,0.06,0.04,
鱼虾蟹贝类-鱼,121211,黄鱼（大黄花鱼）,"Yellow croaker, large",66,77.7,97,407,17.7,2.5,0.8,0.0,86,1.3,10,0,10,0.03,0.10,1.90,Tr,1.13,0.20,0.72,0.21,53,174,260,120.3,39,0.7,0.58,42.57,0.04,0.02,
鱼虾蟹贝类-鱼,121213,黄鲂［赤虹、老板鱼］,John Dory,75,77.8,81,343,18.5,0.5,0.6,0.0,121,2.6,10,0,10,0.03,0.07,2.00,Tr,0.16,0.16,Tr,Tr,27,157,227,159.9,24,0.3,0.37,31.43,0.08,0.09,
鱼虾蟹贝类-鱼,121214,金线鱼［红三鱼］,Golden threadfish bream,40,77.1,101,424,18.6,2.9,0.0,0.0,54,1.4,20,0,20,0.01,0.03,4.80,Tr,0.61,0.47,0.14,Tr,102,128,300,118.0,29,1.4,0.66,48.30,0.04,0.05,广东
鱼虾蟹贝类-鱼,121215,绿鳍马面鲀［面包鱼、橡皮鱼］,Filefish,52,78.9,83,350,18.1,0.6,1.2,0.0,45,1.2,15,0,15,0.02,0.05,3.00,Tr,1.03,0.25,0.78,Tr,54,185,291,80.5,27,0.9,1.44,38.18,0.07,0.10,
鱼虾蟹贝类-鱼,121216,梅童鱼［大头仔鱼、丁珠鱼］,"Japanese lion fish, drum fish, marine",63,74.8,121,506,18.9,5.0,0.0,0.0,88,1.3,25,0,25,0.02,0.06,2.10,Tr,0.81,0.49,Tr,0.32,34,164,299,106.1,36,1.8,1.08,45.07,0.10,0.09,
鱼虾蟹贝类-鱼,121217,沙丁鱼［沙鲻］,Sardine,67,78.0,89,377,19.8,1.1,0.0,0.0,158,1.3,—,0,—,0.01,0.03,2.00,Tr,0.26,Tr,Tr,0.26,184,183,136,91.5,30,1.4,0.16,48.95,0.02,0.07,山东
鱼虾蟹贝类-鱼,121218,沙钻鱼［多鳞鱚、沙梭鱼、麦穗鱼］,Sand smelt,63,78.5,84,355,18.4,0.6,1.2,0.0,120,1.3,12,0,12,0.03,0.04,2.10,Tr,0.19,0.19,Tr,Tr,120,220,211,173.6,40,1.5,0.75,21.27,0.11,0.06,
鱼虾蟹贝类-鱼,121219,蛇鲻［沙梭鱼］,"Mullet, marine, estuarine",72,73.5,122,514,20.8,4.2,0.3,0.0,74,1.2,—,0,—,0.04,0.05,2.00,Tr,0.91,0.46,0.45,Tr,117,156,304,118.4,30,0.3,0.58,13.05,0.04,0.04,青岛
鱼虾蟹贝类-鱼,121220,舌鳎［花纹舌头、舌头鱼］,Tonguefish,68,79.8,83,353,17.7,1.4,0.0,0.0,82,1.5,6,0,6,0.03,0.05,2.10,Tr,0.64,Tr,0.64,Tr,57,168,309,138.8,27,1.5,0.05,34.63,0.04,0.04,
鱼虾蟹贝类-鱼,121221,油抒［香梭鱼］,Barracuda,74,74.2,145,603,15.9,9.0,0.0,0.0,78,1.1,32,0,32,Tr,0.07,3.00,Tr,0.88,0.61,—,—,13,158,275,67.5,44,2.1,1.00,22.02,0.05,0.06,福建
鱼虾蟹贝类-鱼,121222,颚针鱼［针量鱼］,Needlefish,75,66.5,180,752,20.2,10.4,1.4,0.0,101,1.5,—,0,—,0.01,0.02,—,Tr,3.36,0.18,3.13,0.05,58,197,336,73.3,30,1.2,1.73,37.22,0.02,0.06,青岛
鱼虾蟹贝类-鱼,121223,鲅鱼［马鲛鱼、燕鲅鱼、巴鱼］,Spanish mackerel,80,72.5,121,511,21.2,3.1,2.1,0.0,75,1.1,19,0,19,0.03,0.04,2.10,Tr,0.71,0.44,0.16,0.11,35,130,370,74.2,50,0.8,1.39,51.81,0.37,0.03,
鱼虾蟹贝类-鱼,121224,鲅鱼（咸）［咸马胶］,Spanish mackerel，preserved in brine,67,52.8,157,666,23.3,1.6,12.4,0.0,89,9.9,—,0,—,0.04,—,2.70,Tr,4.60,4.60,Tr,Tr,—,228,298,5350.0,—,6.2,2.33,28.30,0.10,—,广东
鱼虾蟹贝类-鱼,121225,鲆［片口鱼、比目鱼］,Flatfish,68,75.9,112,472,20.8,3.2,0.0,0.0,81,1.9,Tr,0,Tr,0.11,—,4.50,Tr,0.50,0.16,0.34,Tr,55,178,317,66.7,55,1.0,0.53,36.97,0.02,0.04,青岛
鱼虾蟹贝类-鱼,121226,鲈鱼［鲈花］,Sea bass,58,76.5,105,442,18.6,3.4,0.0,0.0,86,1.5,19,0,19,0.03,0.17,3.10,Tr,0.75,0.38,0.37,Tr,138,242,205,144.1,37,2.0,2.83,33.06,0.05,0.04,
鱼虾蟹贝类-鱼,121227,鲐鱼［青鲐鱼、鲐巴鱼、青砖鱼］,Chub mackerel,66,69.1,155,650,19.9,7.4,2.2,0.0,77,1.4,38,0,38,0.08,0.12,8.80,Tr,0.55,0.55,Tr,Tr,50,247,263,87.7,47,1.5,1.02,57.98,0.09,0.04,
鱼虾蟹贝类-鱼,121228,鲑鱼［大马哈鱼、三文鱼］,Chum salmon,72,74.1,139,581,17.2,7.8,0.0,0.0,68,0.9,45,0,45,0.07,0.18,4.40,Tr,0.78,—,—,—,13,154,361,63.3,36,0.3,1.11,29.47,0.03,0.02,哈尔滨
鱼虾蟹贝类-鱼,121229,鲑鱼籽酱［大马哈鱼籽酱、三文鱼籽酱］,Caviar，chum salmon,100,49.4,252,1052,10.9,16.8,14.4,0.0,—,8.5,111,0,111,0.33,0.19,0.50,Tr,12.25,Tr,—,—,23,359,171,2881.0,73,2.8,2.69,203.09,0.60,0.05,哈尔滨
鱼虾蟹贝类-鱼,121230,鲚鱼（大）［大凤尾鱼］,*Phoenix* anchovy， large， anadromous,79,77.5,106,442,13.2,5.5,0.8,0.0,117,3.0,15,0,15,Tr,0.08,1.00,Tr,0.84,0.38,0.05,0.41,114,498,161,53.1,28,1.7,1.51,37.80,0.11,0.29,上海
鱼虾蟹贝类-鱼,121231,鲚鱼（小）［小凤尾鱼］,*Phoenix* anchovy， small， anadromous,90,72.7,124,520,15.5,5.1,4.0,0.0,82,2.7,14,0,14,0.06,0.06,0.90,Tr,0.74,Tr,Tr,0.74,78,460,225,38.5,23,1.6,1.30,33.30,0.10,0.17,
鱼虾蟹贝类-鱼,121232,鲨鱼（真鲨、白斑角鲨）,Shark,56,73.3,118,496,22.2,3.2,0.0,0.0,70,1.3,21,0,21,0.01,0.05,3.10,Tr,0.58,0.58,—,—,41,212,285,102.2,30,0.9,0.73,57.02,0.06,0.03,
鱼虾蟹贝类-鱼,121233,鲳鱼（银鲳鱼）［平鱼］,Pomfret,70,72.8,140,585,18.5,7.3,0.0,0.0,77,1.4,24,0,24,0.04,0.07,2.10,Tr,1.26,0.30,0.96,Tr,46,155,328,62.5,39,1.1,0.80,27.21,0.14,0.07,
鱼虾蟹贝类-鱼,121234,鲷［黑鲷、铜盆鱼、大目鱼］,Sea bream,65,75.2,106,446,17.9,2.6,2.7,0.0,65,1.6,12,0,12,0.02,0.10,3.50,Tr,1.08,0.63,0.02,0.43,186,304,261,103.9,36,2.3,1.20,31.53,0.08,0.26,福建
鱼虾蟹贝类-鱼,121235,鲻鱼［白眼棱鱼］,Mullet,57,75.3,119,499,18.9,4.8,0.0,0.0,99,1.1,—,0,—,0.02,0.13,2.30,Tr,3.34,0.49,0.86,1.99,19,183,245,71.4,25,0.5,0.82,16.80,0.03,0.02,山东
鱼虾蟹贝类-鱼,121236,鲽［比目鱼、凸眼鱼］,Flounder,72,74.6,107,452,21.1,2.3,0.5,0.0,73,1.5,117,0,117,0.03,0.04,1.50,Tr,2.35,0.69,1.66,Tr,107,135,264,150.4,32,0.4,0.92,29.45,0.06,0.11,
鱼虾蟹贝类-鱼,121237,鳐鱼［夫鱼］,Rays,59,77.4,90,380,20.8,0.7,0.0,0.0,48,1.1,27,0,27,0.01,0.11,3.60,Tr,0.79,0.79,Tr,Tr,22,159,277,130.0,20,0.6,0.52,29.40,0.05,0.03,上海
鱼虾蟹贝类-鱼,121238,鳓鱼［快鱼、力鱼］,Chinese herring or shad,71,71.9,159,666,20.7,8.5,0.0,0.0,76,1.2,Tr,0,Tr,Tr,0.02,—,Tr,1.83,1.83,Tr,Tr,39,203,246,47.8,28,1.3,1.12,35.65,0.07,0.02,
鱼虾蟹贝类-鱼,121239,鳕鱼［鳕狭、明太鱼］,Pacific cod,45,77.4,88,374,20.4,0.5,0.5,0.0,114,1.2,14,0,14,0.04,0.13,2.70,Tr,—,—,—,—,42,232,321,130.3,84,0.5,0.86,24.80,0.01,0.01,北京
鱼虾蟹贝类-鱼,121240,鮸鱼［鳘鱼］,Brown croaker，marine,76,77.6,89,377,20.2,0.9,0.0,0.0,62,1.3,33,0,33,0.01,0.05,3.00,Tr,—,—,—,—,21,228,357,54.8,18,1.1,0.81,51.09,0.05,0.07,
鱼虾蟹贝类-鱼,121241,带鱼（切段）,,70,78.8,108,455,17.6,4.2,0.0,0.0,52,1.1,19,0,19,0.02,0.08,1.45,Tr,0.42,0.42,Tr,Tr,431,282,361,246.4,30,1.1,2.23,26.63,0.07,0.09,浙江
鱼虾蟹贝类-鱼,121242,黄鱼（小黄花鱼）,,62,79.4,114,478,17.0,5.1,0.0,0.0,76,1.6,94,0,94,0.03,0.08,0.72,Tr,0.82,0.82,Tr,Tr,191,217,198,194.3,23,0.7,0.88,26.71,0.04,0.06,浙江
鱼虾蟹贝类-鱼,121243,金鰉鱼,,66,77.4,99,418,18.7,2.7,0.0,0.0,—,1.2,Tr,0,Tr,0.01,0.09,0.93,Tr,0.10,0.10,Tr,Tr,20,170,319,104.1,26,0.5,0.36,32.80,0.04,0.03,浙江
鱼虾蟹贝类-鱼,121244,鲭鱼,,49,45.2,413,1706,14.4,39.4,0.2,0.0,60,0.8,183,0,—,0.03,0.47,6.05,Tr,—,—,—,—,7,160,308,56.0,24,1.4,1.00,—,—,—,台北
鱼虾蟹贝类-鱼,121245,双髻鲨,,38,73.6,111,470,27.4,0.1,0.0,0.0,58,1.4,82,0,—,0.02,0.07,6.90,1.7,—,—,—,—,4,259,492,83.0,32,0.8,0.60,—,—,—,台北
鱼虾蟹贝类-鱼,121246,紫青低纹鮨（冰鲜）,,61,68.9,150,629,20.5,7.2,0.8,0.0,47,2.6,—,0,—,—,—,—,Tr,0.62,0.62,Tr,Tr,—,393,675,104.0,26,0.8,7.82,0.05,—,0.08,福建
鱼虾蟹贝类-鱼,121247,鮟鱇鱼,,45,85.3,60,252,13.7,0.6,Tr,0.0,41,1.2,—,0,—,—,—,—,Tr,9.06,7.91,1.16,Tr,2,177,262,128.9,23,0.9,0.27,Tr,—,0.06,江苏
鱼虾蟹贝类-鱼,121248,鲳鱼（鲜，刺鲳）,,67,69.6,149,626,16.8,6.5,5.9,0.0,18,1.2,—,0,—,—,—,—,Tr,0.61,0.61,Tr,Tr,38,101,330,297.5,22,0.1,0.23,0.01,—,0.03,福建
鱼虾蟹贝类-鱼,121249,大菱鲆鱼（鲜）［多宝鱼］,,68,80.1,81,342,17.0,1.1,0.7,0.0,8,1.1,—,0,—,—,—,—,Tr,0.45,0.45,Tr,Tr,12,177,244,83.6,23,0.1,0.33,0.00,—,0.03,福建
鱼虾蟹贝类-鱼,121250,海鲈鱼（鲜）,,55,73.2,112,472,19.5,3.6,0.4,0.0,15,3.3,—,0,—,—,—,—,Tr,0.31,0.31,Tr,Tr,8,188,—,44.9,23,0.2,0.48,0.09,—,0.04,福建
鱼虾蟹贝类-鱼,121251,红鳍笛鲷［红鱼］,,48,71.2,134,565,20.1,4.8,2.7,0.0,71,1.2,—,0,—,—,—,—,Tr,0.66,0.66,Tr,Tr,31,193,450,113.0,32,0.2,0.41,0.01,—,0.02,广西
鱼虾蟹贝类-鱼,121252,黄姑鱼（鲜）,,68,78.1,88,371,14.7,0.7,5.6,0.0,30,0.9,—,0,—,—,—,—,Tr,0.89,0.89,Tr,Tr,148,165,281,147.0,22,0.3,19.43,0.02,—,0.05,福建
鱼虾蟹贝类-鱼,121253,鲅鱼［马鲛鱼］,,72,64.4,194,811,18.7,11.3,4.4,0.0,51,1.3,—,0,—,—,—,—,Tr,13.17,11.73,1.15,Tr,11,290,378,36.7,27,2.5,0.40,Tr,—,0.03,江苏
鱼虾蟹贝类-鱼,121254,石斑鱼（老虎斑）,,38,71.4,130,548,20.2,4.3,2.7,0.0,70,1.4,—,0,—,—,—,—,Tr,0.62,0.62,Tr,Tr,24,312,357,91.5,27,21.6,0.78,Tr,—,Tr,浙江
鱼虾蟹贝类-鱼,121255,石斑鱼（红石斑鱼）,,45,76.6,90,380,19.9,0.4,1.6,0.0,52,1.5,3,0,3,0.02,0.04,2.00,Tr,0.11,0.06,0.03,0.02,40,238,407,106.0,41,1.5,0.77,45.00,0.03,0.01,三沙
鱼虾蟹贝类-鱼,121256,石斑鱼（黑石斑鱼）,,56,76.4,95,403,20.2,1.2,0.9,0.0,54,1.3,3,0,3,0.05,0.10,1.59,Tr,0.44,0.39,0.03,0.02,62,193,320,88.1,35,1.7,0.88,35.00,0.06,0.03,三沙
鱼虾蟹贝类-鱼,121257,石斑鱼（花石斑鱼）,,47,76.1,95,402,20.2,0.8,1.7,0.0,56,1.2,17,0,17,Tr,0.07,2.87,Tr,0.27,0.23,0.03,0.02,15,198,351,95.8,32,1.6,0.82,32.00,0.04,0.02,三沙
鱼虾蟹贝类-鱼,121258,苏眉鱼,,33,86.7,70,295,16.5,0.4,Tr,0.0,63,1.2,2,0,2,0.01,0.04,1.66,Tr,0.26,0.21,0.02,0.03,22,175,313,151.0,33,1.6,1.03,15.00,0.05,0.02,三沙
鱼虾蟹贝类-鱼,121259,青衣（红色）,,49,77.9,84,356,20.1,0.3,0.2,0.0,48,1.5,2,0,2,0.01,0.05,2.37,Tr,0.27,0.23,0.02,0.02,16,226,394,132.0,43,1.6,0.70,32.00,0.03,0.02,三沙
鱼虾蟹贝类-鱼,121260,青衣（孔雀绿色）,,46,78.5,82,348,19.2,0.3,0.6,0.0,51,1.4,2,0,2,0.01,0.07,1.15,Tr,0.18,0.13,0.03,0.02,24,211,375,119.0,40,1.7,0.68,24.00,0.06,0.03,三沙
鱼虾蟹贝类-鱼,121261,笠鱼,,45,75.0,97,411,22.2,0.5,0.9,0.0,56,1.4,1,0,1,0.01,0.05,5.87,Tr,0.54,0.49,0.03,0.02,21,266,430,78.5,42,4.3,0.88,110.00,0.15,0.04,三沙
鱼虾蟹贝类-鱼,121262,金枪鱼肉,,100,73.3,102,433,23.7,0.3,1.1,0.0,39,1.6,1,0,1,0.06,0.13,7.42,Tr,0.07,0.03,0.02,0.02,6,285,517,55.5,43,3.6,0.70,69.00,0.14,0.03,三沙
鱼虾蟹贝类-鱼,121263,鲅鱼肉［马鲛鱼肉］,,100,73.4,102,431,23.7,0.3,1.0,0.0,42,1.6,Tr,0,Tr,0.02,0.04,12.37,Tr,0.28,0.24,0.02,0.02,4,308,566,84.0,63,1.1,0.63,36.00,0.03,0.02,三沙
鱼虾蟹贝类-鱼,121264,刺泡鱼［刺鲍鱼］,,48,77.0,94,398,23.0,0.2,Tr,0.0,74,1.2,Tr,0,Tr,0.08,0.09,2.56,Tr,0.34,0.26,0.05,0.03,124,174,191,203.0,16,6.0,1.12,63.00,0.30,0.03,三沙
鱼虾蟹贝类-鱼,121301,鱼片干,Fish jerky，meat only，cooked，dried,100,20.2,303,1284,46.1,3.4,22.0,0.0,307,8.3,—,—,Tr,0.11,0.39,5.00,Tr,0.88,0.88,Tr,Tr,106,308,251,2320.6,60,4.4,2.94,0.37,0.16,0.17,
鱼虾蟹贝类-鱼,121302,鱼奇油［鱼露、虾油］,"*Yuqiyou*, fermented fishes and shrimps with salt",100,65.4,47,198,11.2,0.2,0.0,0.0,—,23.3,—,—,—,—,0.13,1.80,Tr,—,—,—,—,24,6,199,9350.0,60,3.0,0.30,12.05,0.08,0.09,福州
鱼虾蟹贝类-鱼,121304,鱼排,,100,61.2,160,677,10.1,2.4,24.5,0.0,24,1.8,Tr,—,Tr,0.04,0.05,0.47,Tr,Tr,Tr,Tr,Tr,13,92,136,383.3,4,1.0,0.62,9.33,0.06,0.09,
鱼虾蟹贝类-鱼,121305,鱼丸,,100,72.5,107,453,11.1,1.3,12.7,0.0,77,2.4,5,—,5,0.02,0.04,Tr,Tr,0.14,0.14,Tr,Tr,97,272,360,854.2,11,1.2,1.59,14.02,0.11,0.08,
鱼虾蟹贝类-鱼,121306,鱼子酱,,100,55.9,201,846,9.6,7.1,24.7,0.0,—,2.7,Tr,—,Tr,0.07,0.04,0.41,Tr,3.89,1.26,1.87,0.76,23,88,271,394.6,4,2.7,1.35,18.98,0.08,0.27,山东
鱼虾蟹贝类-鱼,121401,草鱼（熏）,,100,45.6,283,1182,24.0,16.5,9.6,0.0,9,4.3,127,—,127,0.03,0.04,3.29,Tr,6.46,2.86,3.46,0.14,448,285,315,1291.8,36,25.7,1.39,8.78,0.07,0.41,江苏
鱼虾蟹贝类-鱼,121402,丁香鱼（香辣味）,,100,30.3,403,1678,19.0,28.2,18.3,0.0,—,4.2,Tr,—,Tr,0.04,0.05,2.05,Tr,23.25,5.02,13.66,4.57,542,616,363,1417.2,94,4.2,2.57,18.57,0.25,0.37,福建
鱼虾蟹贝类-鱼,121403,凤尾鱼（熟）,,100,19.5,520,2155,23.5,43.0,9.7,0.0,57,4.3,4,48,Tr,0.02,0.07,1.45,Tr,15.65,4.63,8.58,2.44,665,643,161,525.4,42,1.3,1.78,39.60,0.12,0.20,广东
鱼虾蟹贝类-鱼,121404,箭鱼（炸）,,100,47.8,271,1131,20.8,16.1,10.7,0.0,60,4.6,10,124,Tr,0.02,0.05,1.20,Tr,8.70,2.12,4.92,1.66,211,167,60,403.6,24,0.7,0.72,23.29,0.02,0.09,广东
鱼虾蟹贝类-鱼,121405,金枪鱼（盐水浸）,,81,74.6,99,422,23.5,0.6,0.0,0.0,51,—,—,—,—,0.02,0.11,14.40,Tr,—,—,—,—,8,170,230,320.0,27,1.0,0.70,78.00,0.05,Tr,
鱼虾蟹贝类-鱼,121406,金枪鱼（油浸）,,79,63.3,189,794,27.1,9.0,0.0,0.0,50,—,—,—,—,0.02,0.12,16.10,Tr,—,—,—,—,12,200,260,290.0,33,1.6,1.10,90.00,0.20,0.05,
鱼虾蟹贝类-鱼,121407,鲮鱼（豆豉，熟）,,100,18.8,472,1963,25.5,33.1,17.9,0.0,25,4.7,6,75,Tr,0.02,0.08,1.63,Tr,31.32,6.44,18.68,6.20,179,262,399,1291.7,47,9.2,2.18,24.82,0.16,0.23,广东
鱼虾蟹贝类-鱼,121408,鳗鱼（红烧）,,100,55.4,211,886,21.3,9.8,9.5,0.0,50,4.0,Tr,—,Tr,0.03,0.09,1.47,Tr,5.91,1.54,4.04,0.33,37,120,174,1252.0,16,2.2,2.46,24.45,0.04,0.05,广东
鱼虾蟹贝类-鱼,121410,鲭鱼（烤，150℃，20分）,,100,45.7,390,1612,19.1,34.8,0.0,0.0,72,1.2,132,—,—,0.25,0.47,6.95,Tr,—,—,—,—,5,246,370,82.0,31,2.0,1.30,—,—,—,台北
鱼虾蟹贝类-鱼,121414,鲭鱼（炸）,,100,28.3,550,2270,17.2,53.4,0.1,0.0,51,1.0,103,—,—,0.14,0.31,6.30,Tr,—,—,—,—,8,262,301,75.0,27,1.7,1.10,—,—,—,台北
鱼虾蟹贝类-鱼,121415,鲭鱼（蒸）,,100,47.0,390,1611,14.6,36.5,0.7,0.0,76,1.0,142,—,—,0.20,0.34,5.70,Tr,—,—,—,—,5,211,235,52.4,22,2.0,0.90,—,—,—,台北
鱼虾蟹贝类-鱼,121416,鲭鱼（煮）,,100,49.3,372,1537,14.9,34.5,0.4,0.0,72,0.8,125,—,—,0.18,0.32,4.98,Tr,—,—,—,—,6,175,211,51.0,20,1.8,1.00,—,—,—,台北
鱼虾蟹贝类-鱼,121417,沙丁鱼（茄汁，熟）,,100,70.4,155,648,13.8,9.8,3.0,0.0,39,3.0,104,1248,Tr,0.04,0.12,5.18,Tr,5.16,1.83,2.33,1.00,17,137,268,820.2,20,0.6,0.32,34.64,0.08,—,辽宁
鱼虾蟹贝类-鱼,121418,沙丁鱼（盐水浸）,,79,66.2,172,721,21.5,9.6,0.0,0.0,60,—,6,—,—,0.01,0.26,6.10,Tr,—,—,—,—,540,510,320,530.0,45,2.3,2.30,41.00,0.16,0.20,
鱼虾蟹贝类-鱼,121419,沙丁鱼（油浸）,,82,58.6,220,918,23.3,14.1,0.0,0.0,65,—,7,—,—,0.01,0.29,6.90,Tr,—,—,—,—,500,520,410,450.0,46,2.3,2.20,49.00,0.11,0.19,
鱼虾蟹贝类-鱼,121420,午餐鱼（香辣味）,,100,37.5,383,1588,24.4,30.2,3.3,0.0,—,4.6,Tr,—,Tr,0.04,0.09,4.78,Tr,17.35,4.06,10.57,2.72,725,801,576,1321.2,63,1.6,2.03,38.10,0.13,0.24,福建
鱼虾蟹贝类-鱼,121421,鳕鱼（烤）,,85,76.6,96,408,21.4,1.2,Tr,0.0,56,—,2,—,—,0.03,0.05,2.30,Tr,—,—,—,—,11,190,350,340.0,26,0.1,0.50,34.00,0.02,0.01,
鱼虾蟹贝类-鱼,121422,鳕鱼（炸）,,98,55.9,241,1005,12.4,14.3,15.6,0.0,—,—,Tr,—,—,0.07,0.06,1.20,Tr,—,—,—,—,43,190,230,480.0,19,0.4,0.40,17.00,0.08,0.12,
